Time,Player,Team,Ball_Y,Nearest_Teammate,Nearest_Opponent,Is_Last_Man,Boost_Amount,Player_Speed,Player_VY,Player_Y,Possession_Kept
11.33,Ulttor,Orange,0.0,1654.86,427.98,0,33.0,2277.0,-2276.8,204.8,0
11.33,Krzh :),Blue,0.0,1662.63,427.98,0,33.0,2282.4,2124.7,-215.0,1
12.73,Taha (RLCS PRO BLUE TAG),Blue,-513.73,1171.76,1109.53,1,33.0,2279.7,-10.7,-620.5,1
14.26,Taha (RLCS PRO BLUE TAG),Blue,190.85,2700.94,89.74,0,33.0,152.4,152.4,333.0,1
15.93,Taha (RLCS PRO BLUE TAG),Blue,-218.8,4523.27,2527.89,0,33.0,920.0,-340.4,-248.8,1
18.16,Taha (RLCS PRO BLUE TAG),Blue,521.24,2119.68,448.85,0,33.0,1909.7,1868.7,361.3,0
18.26,Ulttor,Orange,643.69,2961.35,214.33,0,33.0,1564.4,42.4,691.2,1
21.12,Ulttor,Orange,1874.26,3931.9,3174.77,1,33.0,707.4,-571.9,2041.2,1
23.49,Ulttor,Orange,-1067.83,2035.2,1523.96,0,33.0,1895.4,-1458.2,-932.3,0
24.39,Krzh :),Blue,-2453.54,2003.85,419.74,0,33.0,483.3,-191.3,-2638.3,0
24.42,Ulttor,Orange,-2507.22,1180.15,276.98,0,33.0,2032.2,-1608.8,-2370.9,1
25.49,Demetree.,Orange,-2032.69,2539.56,1056.03,1,33.0,733.2,-329.4,-1910.5,1
26.69,Demetree.,Orange,-2519.48,5157.12,1851.14,1,33.0,1259.1,-787.7,-2336.0,0
27.32,Taha (RLCS PRO BLUE TAG),Blue,-2751.38,2964.59,379.55,0,33.0,2296.8,1761.5,-2896.5,0
29.69,Demetree.,Orange,-3724.32,5198.22,993.29,0,33.0,784.3,-783.5,-3632.4,1
33.22,Demetree.,Orange,-4439.65,2444.3,1061.53,0,33.0,524.8,-47.8,-4333.8,1
34.76,Demetree.,Orange,-4531.13,1985.05,540.62,0,33.0,684.8,-46.4,-4419.1,0
35.12,Krzh :),Blue,-4551.21,233.6,396.43,0,33.0,483.6,353.4,-4733.7,0
37.79,Ulttor,Orange,-840.29,222.36,301.38,1,33.0,2291.0,2164.3,-1048.5,1
40.75,Ulttor,Orange,4942.98,4413.72,238.77,1,33.0,730.5,216.1,5033.0,0
40.79,Krzh :),Blue,4941.8,5539.88,150.54,0,33.0,1128.8,583.7,4958.4,1
43.29,Taha (RLCS PRO BLUE TAG),Blue,3685.34,860.42,919.34,1,33.0,1808.2,1565.1,3593.1,0
43.45,Ulttor,Orange,3815.36,4131.49,244.62,1,33.0,1364.9,-1357.0,3990.1,0
48.09,Krzh :),Blue,-4140.73,2990.4,835.59,1,33.0,1406.6,-543.1,-4111.5,1
49.25,Krzh :),Blue,-3796.88,2509.12,546.03,0,33.0,1572.4,587.4,-3829.0,0
49.45,Ulttor,Orange,-3711.43,3119.93,135.49,0,33.0,928.7,-21.1,-3675.5,1
51.78,Demetree.,Orange,-2450.49,1788.51,2304.57,1,33.0,2051.1,-2023.1,-2235.0,0
52.72,Taha (RLCS PRO BLUE TAG),Blue,-4854.61,2115.98,2174.7,1,33.0,705.0,-34.1,-5076.6,0
55.72,Ulttor,Orange,-3132.72,8035.25,222.11,0,33.0,1668.9,1629.1,-3234.5,0
55.82,Krzh :),Blue,-3075.68,2426.19,98.99,0,33.0,1179.9,1173.3,-3205.4,1
58.25,Taha (RLCS PRO BLUE TAG),Blue,-2676.72,709.26,765.49,1,33.0,1085.6,812.5,-2847.5,0
60.85,Ulttor,Orange,534.01,2446.01,2591.56,0,33.0,1281.6,536.8,589.1,0
62.72,Taha (RLCS PRO BLUE TAG),Blue,-432.46,1925.86,2197.9,0,33.0,1101.7,-230.1,-413.8,1
65.35,Krzh :),Blue,-1221.98,2904.16,2942.88,0,33.0,858.9,407.9,-1317.1,0
68.18,Demetree.,Orange,888.49,2407.8,1665.83,0,33.0,1248.8,-433.1,1040.8,0
70.52,Taha (RLCS PRO BLUE TAG),Blue,381.37,4785.76,1214.08,0,33.0,2264.7,1530.9,227.1,1
73.32,Taha (RLCS PRO BLUE TAG),Blue,3899.94,3351.38,1487.0,0,33.0,1746.7,1543.5,3767.5,1
78.31,Krzh :),Blue,1408.69,1241.1,695.86,0,33.0,486.7,350.8,1208.8,0
78.51,Demetree.,Orange,1373.68,1831.55,304.81,0,33.0,1322.9,-1243.3,1527.5,0
80.41,Krzh :),Blue,296.48,3509.2,293.39,0,33.0,1264.5,-759.0,237.8,0
80.58,Ulttor,Orange,262.1,362.76,108.75,1,33.0,1979.1,-1525.1,203.1,0
83.05,Taha (RLCS PRO BLUE TAG),Blue,251.45,2947.34,2336.74,0,33.0,1328.0,1327.8,112.1,1
84.21,Taha (RLCS PRO BLUE TAG),Blue,2092.98,3532.55,1430.91,0,33.0,2028.9,2005.9,1917.2,0
85.05,Demetree.,Orange,3771.62,3163.34,265.45,1,33.0,864.0,590.6,3911.3,1
86.41,Ulttor,Orange,3659.12,1184.77,1655.53,0,33.0,1874.9,225.6,3708.8,0
89.68,Krzh :),Blue,549.4,1138.53,1048.01,0,33.0,1349.4,931.5,413.9,0
92.48,Ulttor,Orange,3425.68,2377.34,577.18,1,33.0,897.6,-881.4,3614.1,1
93.58,Demetree.,Orange,1865.76,1228.15,2480.62,0,33.0,903.3,69.7,1792.1,1
96.38,Ulttor,Orange,-541.49,2109.78,1570.58,0,33.0,1422.2,-1011.0,-543.1,0
100.38,Taha (RLCS PRO BLUE TAG),Blue,-2681.65,1721.51,2887.39,0,33.0,1987.6,1630.0,-2873.3,0
101.24,Demetree.,Orange,-1233.18,2885.54,670.33,0,33.0,666.1,-503.4,-1118.3,1
104.38,Demetree.,Orange,-3097.68,4493.97,1743.08,0,33.0,1643.7,-1219.7,-2883.6,1
106.74,Ulttor,Orange,-3941.88,2236.68,537.93,1,33.0,1884.1,-1877.7,-3739.2,0
106.84,Krzh :),Blue,-4161.36,888.83,393.91,1,33.0,1616.8,1453.4,-4266.5,1
116.99,Krzh :),Blue,0.0,1429.05,555.0,0,33.0,2276.5,2275.5,-231.8,0
117.02,Ulttor,Orange,0.0,1236.9,369.06,0,33.0,2288.1,-2236.4,210.9,0
117.89,Taha (RLCS PRO BLUE TAG),Blue,40.55,134.09,384.77,0,33.0,2282.4,2272.7,-140.6,0
117.95,Demetree.,Orange,87.35,132.15,445.34,0,33.0,776.0,-769.8,303.0,0
122.89,Taha (RLCS PRO BLUE TAG),Blue,2187.94,4367.62,292.18,0,33.0,2174.4,-2174.4,2391.2,0
123.09,Demetree.,Orange,2252.55,3181.32,446.13,0,33.0,1950.0,1610.2,2340.2,0
124.75,Taha (RLCS PRO BLUE TAG),Blue,2910.43,2734.83,909.11,0,33.0,1902.7,1899.8,2670.4,0
125.52,Ulttor,Orange,4643.46,1627.83,712.53,1,33.0,1495.5,-1045.1,4856.2,1
129.62,Ulttor,Orange,-3768.1,3859.35,663.69,0,33.0,2250.5,-2247.1,-3762.0,0
129.88,Krzh :),Blue,-4169.54,4727.8,179.38,1,33.0,429.9,333.8,-4355.5,1
131.52,Krzh :),Blue,-3522.96,2987.25,794.18,0,33.0,1385.6,723.5,-3598.5,0
134.35,Ulttor,Orange,597.02,842.58,1290.27,0,33.0,1822.8,-1046.4,742.9,0
136.38,Taha (RLCS PRO BLUE TAG),Blue,-978.72,2539.65,1533.7,1,33.0,1495.4,-688.7,-1029.2,0
138.72,Demetree.,Orange,-187.3,476.86,310.24,0,33.0,2037.4,-1814.1,-52.5,1
141.95,Demetree.,Orange,-4555.43,2308.36,1050.92,0,33.0,1129.1,-534.6,-4604.6,0
143.18,Taha (RLCS PRO BLUE TAG),Blue,-4987.28,828.81,397.56,1,33.0,301.0,299.8,-5098.0,1
145.38,Krzh :),Blue,-2938.23,1274.73,859.34,0,33.0,1923.7,1527.2,-3099.3,0
145.65,Ulttor,Orange,-2528.29,3907.65,255.22,0,33.0,2148.7,124.2,-2558.8,1
149.01,Ulttor,Orange,4040.51,3227.7,293.18,1,33.0,2275.0,952.4,4069.9,1
151.58,Demetree.,Orange,4657.41,1841.91,673.23,0,33.0,672.8,-654.1,4739.9,1
153.84,Demetree.,Orange,1856.39,626.56,2516.26,0,33.0,1517.3,-1251.0,1826.3,1
153.98,Ulttor,Orange,1672.36,306.6,2857.8,1,33.0,2236.0,-2147.6,1847.7,0
155.31,Taha (RLCS PRO BLUE TAG),Blue,-2731.1,1533.01,1861.4,0,33.0,1715.5,-1430.8,-2599.2,1
167.04,Krzh :),Blue,0.0,1601.16,504.82,0,33.0,2275.2,1806.1,-211.1,0
167.08,Ulttor,Orange,47.45,1149.09,393.63,0,33.0,2251.2,-1742.9,214.3,1
168.78,Demetree.,Orange,443.39,764.07,468.22,0,33.0,2048.7,58.9,664.5,1
170.31,Demetree.,Orange,630.44,2012.24,541.06,0,33.0,549.4,-252.3,762.4,0
171.14,Taha (RLCS PRO BLUE TAG),Blue,-123.85,857.78,696.25,0,33.0,2238.1,1409.9,-321.1,0
172.04,Demetree.,Orange,-848.85,3619.79,222.22,0,33.0,1248.8,-1125.9,-649.3,1
173.87,Demetree.,Orange,-3769.28,1602.42,1385.91,0,33.0,2155.1,-2119.4,-3533.4,0
174.27,Krzh :),Blue,-4536.88,829.92,458.86,0,33.0,2284.1,497.9,-4523.5,1
176.37,Krzh :),Blue,-3304.46,3152.75,1120.75,0,33.0,1065.9,1065.9,-3472.4,0
178.37,Ulttor,Orange,-144.18,4290.5,510.3,0,33.0,235.5,-190.9,20.6,0
180.21,Taha (RLCS PRO BLUE TAG),Blue,-1609.3,1395.79,647.1,1,33.0,1723.0,1149.7,-1764.7,0
180.27,Ulttor,Orange,-1543.12,3013.61,369.36,0,33.0,2251.5,-2169.4,-1325.9,0
182.11,Taha (RLCS PRO BLUE TAG),Blue,-1098.5,1007.77,1883.31,1,33.0,1133.3,991.1,-1255.0,1
183.54,Taha (RLCS PRO BLUE TAG),Blue,570.45,964.95,1420.85,0,33.0,1717.3,1609.5,371.4,1
184.57,Taha (RLCS PRO BLUE TAG),Blue,2408.01,530.04,1266.34,0,33.0,2282.0,1848.6,2289.9,1
195.85,Krzh :),Blue,0.0,1542.91,454.56,0,33.0,2284.2,1896.1,-176.4,0
195.88,Ulttor,Orange,22.88,1250.11,399.17,0,33.0,2261.0,-2190.8,201.4,0
197.28,Taha (RLCS PRO BLUE TAG),Blue,98.47,754.12,709.38,0,33.0,1850.6,586.3,-17.8,1
199.92,Taha (RLCS PRO BLUE TAG),Blue,1885.09,1718.84,3166.73,0,33.0,647.6,647.6,1902.6,1
201.32,Taha (RLCS PRO BLUE TAG),Blue,2360.44,2098.44,2866.06,0,33.0,943.5,408.1,2280.7,0
203.05,Demetree.,Orange,3467.36,2804.3,532.35,0,33.0,999.6,-987.3,3605.8,0
203.22,Taha (RLCS PRO BLUE TAG),Blue,3347.37,1795.97,258.86,0,33.0,971.5,380.0,3236.0,1
208.21,Taha (RLCS PRO BLUE TAG),Blue,128.19,443.44,846.41,0,33.0,1126.4,-508.2,118.8,1
209.58,Krzh :),Blue,-374.15,817.51,868.67,0,33.0,1712.4,1569.3,-509.8,1
211.38,Krzh :),Blue,3220.82,1676.66,445.2,0,33.0,2283.2,2272.9,3006.1,0
211.58,Demetree.,Orange,3591.57,1185.73,475.57,1,33.0,883.8,202.0,3754.5,0
213.18,Taha (RLCS PRO BLUE TAG),Blue,2971.09,500.1,796.55,0,33.0,2013.4,2007.2,2845.6,0
213.71,Demetree.,Orange,4153.89,1581.46,407.7,1,33.0,478.2,450.1,4307.3,1
215.48,Ulttor,Orange,2623.56,967.02,606.6,0,33.0,2271.3,-1561.9,2705.6,1
218.58,Ulttor,Orange,-1596.93,827.51,1307.07,0,33.0,2182.6,-1880.1,-1445.2,1
220.11,Ulttor,Orange,-4636.48,1188.27,1760.32,0,33.0,2060.8,-1636.9,-4424.1,0
221.31,Taha (RLCS PRO BLUE TAG),Blue,-4197.03,1443.53,752.26,1,33.0,2208.9,-712.6,-4221.0,0
221.68,Demetree.,Orange,-3905.16,1559.08,836.9,0,33.0,729.3,-611.0,-3694.6,1
236.2,Demetree.,Orange,-47.66,1334.59,509.61,0,33.0,1911.9,-1666.5,99.4,0
236.24,Taha (RLCS PRO BLUE TAG),Blue,-203.47,1580.7,509.61,0,33.0,1704.3,1693.4,-319.0,0
237.8,Demetree.,Orange,-4933.69,1804.44,2128.51,0,33.0,2297.9,-2286.9,-5171.4,1
256.0,Ulttor,Orange,0.0,1204.99,335.96,0,33.0,2271.4,-2270.7,246.8,0
256.0,Krzh :),Blue,0.0,309.26,488.36,0,33.0,2283.9,2138.1,-241.4,1
257.3,Taha (RLCS PRO BLUE TAG),Blue,411.04,518.59,795.92,0,33.0,1974.5,1609.9,211.2,1
258.57,Krzh :),Blue,2683.13,482.78,1289.21,0,33.0,2298.1,2291.1,2787.1,1
258.87,Taha (RLCS PRO BLUE TAG),Blue,3188.05,404.25,1300.67,0,33.0,2264.1,1739.2,3146.4,0
259.47,Demetree.,Orange,4110.65,1516.82,665.15,1,33.0,176.4,-91.4,4279.1,0
263.23,Krzh :),Blue,1549.88,514.75,1417.3,0,33.0,2171.9,111.7,1419.5,0
264.0,Demetree.,Orange,2711.44,971.63,844.63,0,33.0,2288.1,2157.6,2832.3,1
264.33,Ulttor,Orange,3212.17,674.63,839.67,0,33.0,1239.2,-646.5,3399.6,1
266.1,Ulttor,Orange,1218.72,1767.14,603.14,0,33.0,1761.3,-1504.9,1302.0,1
267.2,Ulttor,Orange,-522.06,1329.14,1086.53,0,33.0,1856.0,-1601.6,-429.4,0
268.33,Taha (RLCS PRO BLUE TAG),Blue,-2651.96,2683.66,233.57,1,33.0,1466.5,-547.3,-2698.6,1
270.37,Taha (RLCS PRO BLUE TAG),Blue,-4870.9,3394.18,517.24,1,33.0,1622.1,-1099.0,-4695.6,1
271.23,Taha (RLCS PRO BLUE TAG),Blue,-4764.02,3363.51,686.52,0,33.0,1278.6,428.2,-4873.9,0
271.47,Demetree.,Orange,-4472.11,348.81,470.98,0,33.0,2281.4,-1.6,-4259.2,0
272.2,Taha (RLCS PRO BLUE TAG),Blue,-3735.62,3048.31,470.46,0,33.0,1469.1,1360.7,-3943.1,0
274.26,Ulttor,Orange,-158.79,831.13,387.64,0,33.0,1770.3,-1410.7,23.4,1
276.16,Ulttor,Orange,-3581.22,1044.31,1109.16,0,33.0,2139.7,-2139.4,-3419.0,1
278.83,Ulttor,Orange,-3336.89,1270.61,425.16,0,33.0,2220.9,2151.2,-3265.1,0
279.2,Krzh :),Blue,-3037.21,210.68,636.32,0,33.0,1361.1,1265.3,-3163.4,1
280.43,Taha (RLCS PRO BLUE TAG),Blue,-1878.25,514.88,1960.94,0,33.0,1279.1,1045.4,-1881.8,0
282.93,Demetree.,Orange,241.32,2349.1,377.8,0,33.0,2300.0,-398.9,351.9,0
284.23,Taha (RLCS PRO BLUE TAG),Blue,320.2,124.36,236.86,0,33.0,504.7,4.7,183.6,1
285.56,Taha (RLCS PRO BLUE TAG),Blue,327.4,906.29,1184.56,0,33.0,1455.2,221.7,238.9,1
289.46,Taha (RLCS PRO BLUE TAG),Blue,2529.53,386.48,1281.73,0,33.0,1128.2,1123.8,2405.1,1
290.69,Taha (RLCS PRO BLUE TAG),Blue,3657.23,896.02,1027.71,0,33.0,1743.1,1257.7,3487.2,1
292.73,Taha (RLCS PRO BLUE TAG),Blue,5101.41,501.69,953.4,0,33.0,673.1,433.0,4921.4,1
303.13,Krzh :),Blue,0.0,281.32,446.68,0,33.0,2285.3,2242.8,-195.7,0
303.16,Ulttor,Orange,37.93,1104.75,368.8,0,33.0,2259.1,-2244.1,213.0,0
304.53,Krzh :),Blue,467.11,888.78,242.33,0,33.0,2294.1,-2248.3,602.9,0
304.7,Demetree.,Orange,522.79,447.78,94.85,0,33.0,1192.5,-420.6,667.7,0
308.1,Taha (RLCS PRO BLUE TAG),Blue,-4032.26,1080.59,718.73,1,33.0,1087.3,1059.1,-4252.8,0
309.43,Demetree.,Orange,-2592.61,2575.6,445.92,0,33.0,1016.2,920.9,-2418.9,0
311.06,Krzh :),Blue,-2380.61,749.82,753.77,1,33.0,1537.0,652.4,-2491.3,0
312.36,Ulttor,Orange,159.45,2064.1,213.86,0,33.0,1209.4,-828.5,375.0,0
313.56,Krzh :),Blue,-1505.17,740.73,1314.85,1,33.0,1802.2,-1484.8,-1699.6,1
315.89,Taha (RLCS PRO BLUE TAG),Blue,-4763.68,1246.27,864.87,0,33.0,2066.8,-1420.1,-4845.3,1
316.99,Taha (RLCS PRO BLUE TAG),Blue,-4021.13,2250.91,432.94,0,33.0,1790.9,1786.3,-4206.8,0
317.03,Ulttor,Orange,-3980.63,1125.6,432.94,0,33.0,1644.0,-1638.2,-3774.0,1
319.33,Demetree.,Orange,-767.46,1199.29,1269.27,0,33.0,809.0,-435.7,-580.5,0
322.03,Taha (RLCS PRO BLUE TAG),Blue,-4300.39,3141.75,760.82,1,33.0,323.4,192.9,-4356.3,0
324.43,Ulttor,Orange,-1275.49,1021.19,604.6,0,33.0,1898.9,-751.5,-1167.7,0
324.56,Taha (RLCS PRO BLUE TAG),Blue,-1404.22,1029.61,334.78,0,33.0,2294.2,1484.5,-1523.3,1
326.42,Taha (RLCS PRO BLUE TAG),Blue,435.14,272.18,1126.26,0,33.0,1898.2,900.1,495.7,0
328.72,Demetree.,Orange,1871.28,1334.34,1460.61,0,33.0,1214.6,-1152.2,2023.6,0
330.52,Krzh :),Blue,-2354.05,1895.23,1631.05,0,33.0,1662.1,-1588.7,-2414.9,1
331.72,Krzh :),Blue,-4106.56,2310.22,922.56,0,33.0,1407.5,-1315.9,-4257.3,1
334.09,Krzh :),Blue,-4202.0,889.43,50.3,0,33.0,1066.3,1063.4,-4407.9,0
336.12,Ulttor,Orange,-3333.47,962.44,513.66,0,33.0,1540.8,-1428.8,-3212.5,0
336.99,Taha (RLCS PRO BLUE TAG),Blue,-4503.23,1924.64,566.51,1,33.0,2283.2,-20.1,-4638.5,0
339.69,Demetree.,Orange,-2490.44,2676.48,1124.73,0,33.0,515.3,-317.6,-2364.4,1
342.82,Demetree.,Orange,-3598.59,1810.41,574.14,0,33.0,1842.4,-757.0,-3370.2,0
342.85,Taha (RLCS PRO BLUE TAG),Blue,-3613.06,1506.25,404.65,0,33.0,2277.5,1625.8,-3774.7,0
345.29,Ulttor,Orange,-4354.79,330.53,582.91,0,33.0,1964.7,-1934.1,-4154.8,0
345.49,Krzh :),Blue,-4361.19,3864.04,162.69,1,33.0,1530.6,-335.4,-4315.5,0
346.99,Demetree.,Orange,-4965.32,1804.44,3410.58,0,33.0,2297.9,-2286.9,-5171.4,0
10.94,Juroh,Blue,0.0,1358.0,377.55,0,33.0,2239.3,1891.1,-193.3,0
10.94,kiwi,Orange,0.0,1515.97,377.55,0,33.0,2218.1,-1808.3,172.8,1
11.78,Taha (RLCS PRO BLUE TAG),Orange,269.1,1000.7,996.53,1,33.0,1517.9,-1297.4,484.2,0
12.18,HEXZIYY,Blue,-420.04,995.84,470.94,1,33.0,1306.1,-158.8,-352.1,1
13.88,HEXZIYY,Blue,-3260.52,1063.11,96.48,1,33.0,2236.8,-2106.7,-3174.0,0
14.85,Taha (RLCS PRO BLUE TAG),Orange,-4516.44,7033.29,402.42,0,33.0,770.4,-768.4,-4550.0,0
15.78,HEXZIYY,Blue,-5006.99,1067.33,435.87,1,33.0,351.6,295.8,-5100.5,0
18.14,kiwi,Orange,-3818.48,1280.88,1214.64,1,33.0,1910.1,-214.4,-3678.6,1
20.88,kiwi,Orange,-2865.58,3193.67,453.47,0,33.0,1246.9,820.7,-2851.8,0
21.71,HEXZIYY,Blue,-2647.32,2051.55,231.98,0,33.0,369.1,341.3,-2733.3,0
23.41,kiwi,Orange,-2911.86,1251.06,598.22,0,33.0,588.5,-346.2,-2679.6,0
24.48,Juroh,Blue,-3129.21,1166.12,452.59,1,33.0,957.3,863.2,-3350.8,0
26.71,Taha (RLCS PRO BLUE TAG),Orange,809.53,1860.09,1126.55,1,33.0,1584.6,1370.2,739.5,1
28.98,Taha (RLCS PRO BLUE TAG),Orange,5025.17,3289.03,1239.28,1,33.0,1339.1,1240.6,4967.3,1
31.11,Taha (RLCS PRO BLUE TAG),Orange,4050.81,940.93,3300.71,0,33.0,1518.7,-1518.0,4226.9,1
32.81,Taha (RLCS PRO BLUE TAG),Orange,803.99,1742.72,2020.54,0,33.0,2173.1,-2102.2,979.8,0
34.31,HEXZIYY,Blue,-2337.7,2153.58,528.08,0,33.0,1511.3,-522.0,-2429.8,0
34.51,Taha (RLCS PRO BLUE TAG),Orange,-2458.06,2374.2,133.43,0,33.0,2205.4,-2082.3,-2453.2,0
36.07,HEXZIYY,Blue,-2858.85,1693.0,733.59,0,33.0,2101.9,1308.2,-3006.9,0
37.57,kiwi,Orange,-568.12,648.25,502.54,1,33.0,1035.4,482.0,-399.9,0
40.41,Juroh,Blue,-2899.11,2118.93,1877.26,1,33.0,1696.1,-749.7,-2934.3,1
41.91,Juroh,Blue,-3156.67,1778.38,588.89,0,33.0,1654.1,577.0,-3278.2,1
43.31,HEXZIYY,Blue,-2089.65,454.41,125.54,0,33.0,1276.8,1156.3,-2147.4,0
46.34,Taha (RLCS PRO BLUE TAG),Orange,1306.16,1729.01,1706.81,0,33.0,1773.0,-1766.9,1434.4,0
48.24,HEXZIYY,Blue,-2487.98,645.36,464.41,0,33.0,1147.8,-1109.5,-2578.6,0
48.3,Taha (RLCS PRO BLUE TAG),Orange,-2595.87,2624.1,383.95,0,33.0,2292.7,-2291.8,-2430.8,0
50.8,Juroh,Blue,-4811.88,928.64,740.81,0,33.0,881.0,376.0,-5021.6,1
53.1,Juroh,Blue,-2901.57,1956.38,1050.79,0,33.0,1670.6,1274.2,-2947.1,0
55.3,kiwi,Orange,-276.27,691.6,415.93,1,33.0,462.1,-397.5,-114.8,0
56.47,HEXZIYY,Blue,-758.27,1401.42,415.11,1,33.0,1310.4,1236.1,-960.3,0
58.04,Taha (RLCS PRO BLUE TAG),Orange,1945.63,4035.36,2914.98,1,33.0,2190.4,-364.3,2092.4,1
59.33,Taha (RLCS PRO BLUE TAG),Orange,1216.17,1796.14,2368.71,1,33.0,2242.7,-1997.9,1384.0,1
60.77,kiwi,Orange,-1569.47,556.0,1411.73,0,33.0,1585.8,-1542.5,-1524.1,1
63.17,kiwi,Orange,-4908.58,2993.02,414.2,0,33.0,1207.4,0.2,-5103.0,0
64.43,HEXZIYY,Blue,-3878.27,541.58,1093.12,0,33.0,1249.2,-822.6,-3827.6,1
67.23,HEXZIYY,Blue,-1074.82,2096.17,3282.53,0,33.0,1669.2,1610.9,-1225.2,1
69.07,HEXZIYY,Blue,1791.06,1932.04,1810.11,0,33.0,1958.6,1738.1,1686.6,0
70.2,Taha (RLCS PRO BLUE TAG),Orange,4040.89,957.08,609.45,0,33.0,1295.0,272.9,4256.5,0
70.3,HEXZIYY,Blue,4085.35,2840.84,399.93,0,33.0,2273.9,1763.8,3886.8,1
72.57,Juroh,Blue,4469.17,939.39,1501.91,0,33.0,219.7,170.1,4453.8,1
73.7,Juroh,Blue,4211.92,2983.77,299.86,0,33.0,1270.7,-312.7,4186.3,1
76.6,HEXZIYY,Blue,3795.3,786.18,725.0,1,33.0,1807.8,1608.8,3672.6,0
76.8,kiwi,Orange,4063.78,3601.86,250.17,1,33.0,1497.8,-1144.3,4126.1,1
95.53,Taha (RLCS PRO BLUE TAG),Orange,0.0,1281.34,511.69,0,33.0,2267.2,-1884.9,231.2,0
95.6,HEXZIYY,Blue,-5.39,1896.54,390.28,0,33.0,595.8,-21.6,-138.2,1
97.03,Juroh,Blue,180.03,326.44,303.68,0,33.0,2133.4,923.5,109.4,0
98.83,kiwi,Orange,1000.29,3807.17,571.19,1,33.0,1125.1,-219.2,1142.0,0
102.23,HEXZIYY,Blue,-568.05,1227.46,1732.67,0,33.0,1969.5,1849.1,-736.8,0
104.56,Taha (RLCS PRO BLUE TAG),Orange,4881.92,6228.64,2007.66,1,33.0,759.2,-0.4,5103.0,1
105.56,Taha (RLCS PRO BLUE TAG),Orange,4541.79,4608.32,522.55,1,33.0,1128.4,-1019.2,4757.1,0
105.73,HEXZIYY,Blue,4437.48,2773.92,180.95,0,33.0,1249.0,1016.1,4449.1,1
108.49,Juroh,Blue,-621.71,1993.47,269.74,1,33.0,1686.3,-1548.4,-761.7,1
109.96,HEXZIYY,Blue,-1293.5,1773.06,1459.25,0,33.0,793.9,-543.2,-1340.6,0
115.46,kiwi,Orange,2089.66,3047.79,410.25,0,33.0,1368.6,-1017.0,2249.0,0
115.49,HEXZIYY,Blue,2030.8,1058.6,410.25,0,33.0,862.1,846.8,1870.6,0
117.76,Taha (RLCS PRO BLUE TAG),Orange,2520.81,3527.44,1515.77,1,33.0,1162.5,-1162.5,2737.7,0
119.19,Juroh,Blue,348.65,383.96,1020.51,0,33.0,1058.5,992.7,241.2,1
121.52,Juroh,Blue,2694.47,1163.77,1180.28,0,33.0,908.6,858.7,2644.5,1
123.26,Juroh,Blue,4194.36,1899.22,840.36,0,33.0,1509.7,661.9,4258.7,0
124.39,kiwi,Orange,4486.99,487.53,967.53,0,33.0,1607.1,-71.2,4532.8,1
127.06,kiwi,Orange,2444.64,1327.03,1114.04,0,33.0,1239.8,-534.3,2608.2,0
128.26,HEXZIYY,Blue,1695.59,2408.69,496.77,0,33.0,1643.7,1502.3,1496.3,0
128.36,kiwi,Orange,1847.38,1679.09,351.81,0,33.0,298.5,89.2,1969.2,1
131.59,Taha (RLCS PRO BLUE TAG),Orange,4955.13,2822.28,1588.99,1,33.0,1727.5,-748.9,5042.7,1
132.96,kiwi,Orange,2156.95,2108.12,245.39,0,33.0,1311.5,-1298.3,2146.8,0
132.99,Juroh,Blue,2247.35,1725.42,142.24,0,33.0,1302.3,1199.5,2040.8,0
137.65,kiwi,Orange,4247.74,417.33,1286.35,1,33.0,872.4,-588.5,4390.8,0
139.82,HEXZIYY,Blue,3133.8,3673.56,1030.35,0,33.0,783.5,654.8,2995.7,1
141.02,HEXZIYY,Blue,3766.71,3358.09,728.8,0,33.0,643.9,572.8,3689.6,0
141.65,Taha (RLCS PRO BLUE TAG),Orange,4231.8,2179.69,370.54,0,33.0,360.6,349.4,4319.0,1
143.62,kiwi,Orange,4601.42,822.42,469.51,0,33.0,2121.6,-287.4,4694.0,0
143.65,Juroh,Blue,4572.58,1393.44,456.21,0,33.0,2287.8,1739.5,4433.6,0
145.75,kiwi,Orange,2978.51,1585.58,210.74,0,33.0,1937.1,-1782.2,3070.4,1
147.89,kiwi,Orange,-818.6,801.97,668.78,0,33.0,1857.4,-1774.5,-625.7,0
149.38,HEXZIYY,Blue,-2701.56,2628.93,661.15,1,33.0,1812.6,358.2,-2852.7,0
151.22,kiwi,Orange,-66.15,2430.26,408.84,0,33.0,2121.8,2112.9,-219.4,1
154.22,kiwi,Orange,5025.31,5249.34,2830.65,1,33.0,353.3,-0.3,5103.0,1
157.62,Taha (RLCS PRO BLUE TAG),Orange,3447.98,347.97,2938.81,0,33.0,2105.1,-1226.4,3548.4,1
159.18,Taha (RLCS PRO BLUE TAG),Orange,1215.08,2480.89,398.12,0,33.0,1972.5,-1429.1,1297.0,0
159.92,HEXZIYY,Blue,465.43,1677.46,1179.56,0,33.0,1650.5,242.2,374.3,1
161.52,Juroh,Blue,791.0,547.37,1073.8,0,33.0,1717.7,1659.2,582.4,1
163.58,Juroh,Blue,3642.63,740.09,1014.94,0,33.0,1334.8,1287.5,3447.1,0
165.98,Taha (RLCS PRO BLUE TAG),Orange,3801.49,1225.78,821.46,1,33.0,1738.2,160.5,3987.7,0
167.05,Juroh,Blue,3152.26,3741.46,1580.68,0,33.0,239.0,112.3,2937.7,0
168.71,Taha (RLCS PRO BLUE TAG),Orange,3642.87,1101.89,290.1,0,33.0,1335.8,-596.8,3779.7,1
171.01,kiwi,Orange,3268.85,456.02,765.65,0,33.0,1596.1,-1305.5,3446.0,1
172.65,kiwi,Orange,791.82,2980.21,222.99,0,33.0,1632.2,-1621.8,990.6,0
172.91,HEXZIYY,Blue,422.08,549.39,327.18,0,33.0,1866.4,1864.9,308.8,1
172.95,Juroh,Blue,361.72,380.72,293.97,0,33.0,2283.1,-2228.1,495.9,1
174.98,Juroh,Blue,-2171.43,2800.12,1567.64,1,33.0,1286.1,689.2,-2372.3,1
176.45,Juroh,Blue,-290.09,1151.22,754.74,0,33.0,2217.2,2119.2,-462.7,1
178.24,Juroh,Blue,3735.91,4440.02,947.94,0,33.0,2299.2,2251.3,3554.9,1
181.01,HEXZIYY,Blue,3929.11,653.0,498.01,0,33.0,2168.7,430.9,3731.5,0
181.04,kiwi,Orange,3995.51,527.13,328.32,0,33.0,2279.6,-1084.9,4035.4,0
181.14,Juroh,Blue,4141.3,549.09,442.84,0,33.0,2300.0,-470.1,4303.2,1
184.14,HEXZIYY,Blue,3428.99,683.26,724.26,0,33.0,245.8,-14.8,3353.1,1
185.58,HEXZIYY,Blue,4014.35,1317.98,505.15,0,33.0,1161.6,881.3,3928.6,1
186.58,HEXZIYY,Blue,4518.55,2517.84,394.67,0,33.0,1727.1,687.1,4499.1,1
190.01,Juroh,Blue,3269.99,1160.67,341.08,0,33.0,812.1,805.6,3116.6,1
192.48,Juroh,Blue,4525.38,3957.68,534.59,0,33.0,991.2,206.1,4515.1,0
193.31,kiwi,Orange,4975.94,248.11,406.94,0,33.0,1092.3,13.3,5042.7,1
193.41,Taha (RLCS PRO BLUE TAG),Orange,4999.76,132.52,469.39,1,33.0,183.0,-0.3,5103.0,1
194.37,kiwi,Orange,4472.85,1134.15,444.49,0,33.0,1871.9,-1053.5,4680.8,0
196.21,HEXZIYY,Blue,1511.02,2161.43,352.08,0,33.0,1201.0,-1196.0,1319.4,1
198.34,HEXZIYY,Blue,153.96,1779.93,1461.67,0,33.0,1169.7,93.8,-11.3,0
199.07,Taha (RLCS PRO BLUE TAG),Orange,416.92,2931.99,451.5,0,33.0,2300.0,-1298.8,606.2,1
201.64,Taha (RLCS PRO BLUE TAG),Orange,1012.45,3492.18,428.99,0,33.0,1440.1,1440.1,867.6,1
202.84,kiwi,Orange,2558.53,622.26,714.35,1,33.0,1822.6,-1750.5,2698.0,1
206.24,kiwi,Orange,-3969.78,2228.3,1166.54,0,33.0,2283.1,-1946.6,-4000.9,1
216.8,kiwi,Orange,0.0,512.53,255.02,0,33.0,2257.5,-1907.7,151.6,0
216.83,Juroh,Blue,-20.94,454.01,323.91,0,33.0,2261.9,1896.2,-207.2,0
218.0,Taha (RLCS PRO BLUE TAG),Orange,-66.62,1258.65,370.18,0,33.0,2230.1,-804.2,77.4,1
221.6,Taha (RLCS PRO BLUE TAG),Orange,-2593.7,1894.46,1482.31,0,33.0,1422.1,-835.2,-2588.4,1
222.56,Taha (RLCS PRO BLUE TAG),Orange,-3314.18,2325.63,587.09,0,33.0,2019.7,-775.7,-3298.3,0
222.9,HEXZIYY,Blue,-3565.94,1333.78,263.78,0,33.0,1029.0,-150.9,-3634.9,1
226.56,Juroh,Blue,-1623.15,2251.55,1603.55,0,33.0,1583.3,1560.0,-1752.3,0
228.19,Taha (RLCS PRO BLUE TAG),Orange,404.98,1198.42,82.26,0,33.0,1397.2,-608.0,503.5,0
230.23,HEXZIYY,Blue,1121.01,953.91,905.57,0,33.0,2177.6,2160.7,934.8,0
231.09,kiwi,Orange,4008.6,4103.28,1543.79,1,33.0,751.3,469.2,4183.2,1
233.33,kiwi,Orange,4342.51,1820.71,1616.02,1,33.0,1703.5,-766.5,4489.2,1
234.29,kiwi,Orange,3393.14,3877.11,2351.09,1,33.0,1395.6,-1394.7,3615.4,1
235.96,kiwi,Orange,650.16,1052.21,511.84,1,33.0,1823.7,-1718.5,748.2,0
239.32,Juroh,Blue,-4942.22,2085.37,384.49,1,33.0,2081.4,-141.2,-4916.4,0
241.46,Taha (RLCS PRO BLUE TAG),Orange,-2105.72,775.26,724.0,0,33.0,2275.1,54.8,-1942.8,0
241.56,Juroh,Blue,-2090.86,1786.06,354.86,0,33.0,2274.7,2067.7,-2276.0,1
242.72,HEXZIYY,Blue,-1148.24,1709.36,927.05,1,33.0,2281.3,2140.4,-1369.1,1
259.13,HEXZIYY,Blue,-3.64,390.78,326.39,0,33.0,535.9,-123.3,-170.9,0
259.13,Taha (RLCS PRO BLUE TAG),Orange,-3.64,500.55,266.92,0,33.0,747.2,215.5,152.5,0
259.97,Juroh,Blue,-289.96,845.1,566.71,0,33.0,2277.7,1764.8,-464.3,0
260.1,kiwi,Orange,-50.01,93.83,327.23,0,33.0,2288.5,-2178.0,0.5,0
262.43,Juroh,Blue,3706.27,1205.56,546.88,0,33.0,2282.7,2094.7,3496.4,0
262.57,Taha (RLCS PRO BLUE TAG),Orange,3931.28,3997.42,330.31,1,33.0,1799.4,1633.3,3728.0,1
265.6,kiwi,Orange,-979.68,996.5,718.71,0,33.0,2290.8,-2282.8,-811.0,0
266.57,HEXZIYY,Blue,-3122.61,3272.85,428.59,1,33.0,1862.2,-1853.2,-3142.8,0
268.83,Taha (RLCS PRO BLUE TAG),Orange,-3953.0,1694.36,494.81,0,33.0,2035.1,-2033.5,-3832.3,0
269.27,HEXZIYY,Blue,-4754.79,575.89,652.26,1,33.0,461.6,-257.7,-4757.2,1
271.46,HEXZIYY,Blue,-4430.02,807.3,556.87,0,33.0,910.6,558.9,-4542.8,0
271.66,Taha (RLCS PRO BLUE TAG),Orange,-4375.52,2198.84,373.74,0,33.0,245.0,104.8,-4300.1,0
273.26,Juroh,Blue,-4964.04,1399.95,1790.66,1,33.0,572.5,503.6,-5032.7,0
275.46,Taha (RLCS PRO BLUE TAG),Orange,-3247.1,668.67,459.88,0,33.0,1454.8,-1168.5,-3084.5,0
275.53,Juroh,Blue,-3273.72,2098.67,300.49,0,33.0,1241.5,401.9,-3314.8,0
279.16,kiwi,Orange,-1876.78,2135.46,1890.33,0,33.0,1565.6,-956.8,-1795.8,1
280.7,Taha (RLCS PRO BLUE TAG),Orange,-3654.01,2855.67,401.63,0,33.0,1360.9,-215.8,-3566.1,0
280.8,Juroh,Blue,-3689.52,992.69,275.69,0,33.0,1206.0,950.2,-3840.6,0
283.73,kiwi,Orange,-2582.69,924.4,2055.38,0,33.0,1383.9,1195.8,-2579.0,1
285.79,kiwi,Orange,-2000.39,2567.26,1691.48,0,33.0,689.7,-566.8,-1920.6,1
287.63,kiwi,Orange,-3301.59,1386.9,1971.34,0,33.0,1603.7,-987.6,-3181.1,0
289.16,HEXZIYY,Blue,-4841.16,1974.59,300.9,1,33.0,1994.7,399.7,-4996.6,0
290.66,Taha (RLCS PRO BLUE TAG),Orange,-3672.13,1003.27,1587.28,0,33.0,2198.7,-1445.7,-3533.8,0
292.83,Juroh,Blue,-4575.11,1539.92,322.08,1,33.0,1306.5,735.3,-4731.1,0
295.16,kiwi,Orange,-4403.27,2070.21,1220.91,0,33.0,1915.5,-1901.2,-4282.9,0
295.46,HEXZIYY,Blue,-4965.96,1602.32,455.29,1,33.0,2300.0,-516.9,-4987.0,1
306.31,Juroh,Blue,22.13,340.28,429.3,0,33.0,1994.2,1982.2,-141.8,0
307.44,Taha (RLCS PRO BLUE TAG),Orange,3183.49,2683.15,1433.96,0,33.0,1671.6,-1671.5,3412.6,0
311.64,HEXZIYY,Blue,-4198.57,2138.92,336.1,0,33.0,1992.8,832.5,-4349.8,1
313.24,Juroh,Blue,-3592.29,1837.44,998.7,0,33.0,1102.9,-111.5,-3582.9,1
315.3,Juroh,Blue,-2523.28,2126.45,437.0,0,33.0,1229.0,903.5,-2608.8,0
316.4,Taha (RLCS PRO BLUE TAG),Orange,-1784.48,1147.14,763.67,0,33.0,729.5,-728.8,-1589.0,0
318.37,HEXZIYY,Blue,-3999.39,621.89,800.23,0,33.0,2047.2,-1373.1,-3929.0,0
321.04,kiwi,Orange,-2663.66,1565.81,560.87,0,33.0,2200.9,-2194.0,-2639.3,0
322.67,HEXZIYY,Blue,-1595.86,3398.91,1176.23,0,33.0,1534.3,1277.4,-1691.8,0
325.1,Taha (RLCS PRO BLUE TAG),Orange,2980.11,2980.97,1951.27,0,33.0,1504.0,-528.9,3136.8,1
328.73,kiwi,Orange,-1491.02,1600.34,672.52,0,33.0,1671.2,-1657.6,-1419.2,0
330.13,Juroh,Blue,-4454.94,1250.26,1117.62,0,33.0,873.7,166.3,-4563.0,0
334.77,Taha (RLCS PRO BLUE TAG),Orange,-3002.35,989.9,849.84,0,33.0,671.6,-655.2,-2900.0,1
335.8,Taha (RLCS PRO BLUE TAG),Orange,-3912.57,1714.84,1216.28,0,33.0,1325.3,-1151.5,-3836.2,0
336.47,HEXZIYY,Blue,-4683.62,506.72,287.8,0,33.0,1388.9,-1343.7,-4756.8,0
337.9,kiwi,Orange,-4225.33,1733.13,144.37,0,33.0,1598.5,-1396.6,-4072.9,0
338.03,Juroh,Blue,-4385.21,1354.83,132.17,0,33.0,1173.6,-1111.5,-4191.2,0
352.27,kiwi,Orange,0.0,366.07,413.18,0,33.0,2293.3,-1386.1,185.0,0
352.34,Juroh,Blue,-1.58,359.22,331.82,0,33.0,993.5,319.2,-167.6,0
355.84,kiwi,Orange,2613.48,1042.35,777.06,0,33.0,1026.0,878.9,2669.8,1
357.47,Taha (RLCS PRO BLUE TAG),Orange,2725.39,1466.48,1435.85,0,33.0,791.4,-512.4,2835.8,1
359.34,Taha (RLCS PRO BLUE TAG),Orange,658.52,887.92,705.39,0,33.0,1534.4,-1420.3,846.6,0
361.74,Juroh,Blue,-2079.13,177.76,458.56,0,33.0,730.0,236.0,-2223.4,0
364.24,kiwi,Orange,-689.6,565.79,1027.41,0,33.0,2095.1,193.4,-617.9,1
366.47,Taha (RLCS PRO BLUE TAG),Orange,-4284.83,945.16,1188.45,0,33.0,1262.5,1241.0,-4380.9,1
367.24,kiwi,Orange,-4897.88,645.12,1029.68,0,33.0,1824.5,-1293.3,-4956.1,0
369.14,HEXZIYY,Blue,-4448.18,785.82,579.62,0,33.0,1180.0,809.1,-4592.2,1
370.2,HEXZIYY,Blue,-3550.13,222.43,829.63,0,33.0,2261.5,2196.6,-3527.7,1
370.27,Juroh,Blue,-3498.3,259.12,997.76,0,33.0,1690.9,1655.9,-3618.8,0
372.24,kiwi,Orange,-3087.32,949.09,659.12,0,33.0,2016.1,-1609.8,-2897.8,0
10.2,den,Orange,-17.35,1416.96,351.2,0,33.0,2285.1,-2230.3,203.9,0
10.2,rush,Blue,-17.35,1602.25,351.2,0,33.0,2283.3,1330.1,-128.5,0
11.84,Taha (RLCS PRO BLUE TAG),Orange,-771.96,3095.23,990.4,1,33.0,2181.4,-1611.7,-730.2,0
14.74,rush,Blue,-3918.23,6780.81,900.45,1,33.0,1478.3,-1251.7,-3866.2,1
15.94,rush,Blue,-4054.34,5059.32,1808.57,0,33.0,1162.3,1111.3,-4202.9,1
17.37,rush,Blue,-2273.13,2634.26,1491.06,0,33.0,1479.3,1216.4,-2464.1,0
18.77,den,Orange,-368.98,4098.71,652.37,0,33.0,750.6,-436.9,-140.6,0
18.94,rush,Blue,-377.42,1068.59,396.31,0,33.0,1717.0,1322.7,-562.1,1
21.44,rush,Blue,2925.49,2435.13,1905.11,0,33.0,1678.0,1579.6,2764.4,1
22.1,rush,Blue,3468.7,2769.07,1431.53,0,33.0,745.0,743.9,3562.5,0
23.17,Taha (RLCS PRO BLUE TAG),Orange,3659.94,3321.86,155.15,1,33.0,1800.9,-1792.3,3835.0,0
25.2,Kripper,Blue,1242.67,2373.78,651.07,1,33.0,1091.7,1082.6,1065.9,0
29.1,den,Orange,4150.17,4853.54,2917.84,1,33.0,995.1,-991.3,4344.5,1
31.34,den,Orange,2462.89,2704.49,1455.5,0,33.0,807.1,-740.6,2486.1,1
33.13,den,Orange,1147.03,2103.95,851.43,0,33.0,1255.6,-1146.8,1224.9,0
33.43,rush,Blue,810.32,1685.73,200.51,0,33.0,1200.4,1149.2,735.5,1
35.13,Kripper,Blue,-1120.3,1684.48,457.77,1,33.0,2299.9,546.9,-1229.3,0
35.23,den,Orange,-1043.87,2521.67,379.77,0,33.0,1489.1,-597.4,-822.1,0
36.57,Kripper,Blue,-874.48,3305.77,749.42,0,33.0,1967.3,566.0,-948.4,1
37.67,rush,Blue,-567.23,2088.61,1132.98,1,33.0,2009.1,2006.1,-778.2,1
39.97,rush,Blue,4118.74,2881.37,110.9,0,33.0,1935.5,1183.8,3961.8,1
49.82,Kripper,Blue,0.0,963.94,406.32,0,33.0,2214.2,1888.4,-198.1,0
49.82,Taha (RLCS PRO BLUE TAG),Orange,0.0,1382.05,406.32,0,33.0,2265.8,-1711.7,196.7,1
50.48,den,Orange,158.69,781.78,535.85,0,33.0,1986.5,-1828.0,281.3,0
50.58,rush,Blue,-53.14,463.82,377.74,0,33.0,2274.5,2149.6,-236.5,0
54.48,Taha (RLCS PRO BLUE TAG),Orange,-271.24,1895.91,1339.84,0,33.0,612.5,-283.2,-194.6,1
55.62,Taha (RLCS PRO BLUE TAG),Orange,-722.89,2472.13,1464.49,0,33.0,1220.0,-574.6,-527.5,1
56.61,Taha (RLCS PRO BLUE TAG),Orange,-1636.33,2699.59,2072.53,0,33.0,1641.9,-1271.5,-1396.1,0
57.21,Kripper,Blue,-2492.71,2224.85,268.09,0,33.0,1535.6,141.2,-2435.2,1
59.11,Kripper,Blue,-3335.82,1311.47,1559.86,0,33.0,1449.0,-1304.5,-3236.8,1
61.51,Kripper,Blue,-3232.96,1295.11,1436.57,1,33.0,1523.7,1461.6,-3393.0,0
63.31,den,Orange,464.79,1137.51,633.39,0,33.0,1551.8,1551.8,572.0,1
65.28,den,Orange,2263.15,935.14,710.79,0,33.0,505.1,-37.3,2489.4,0
66.05,rush,Blue,1968.51,2726.72,526.49,0,33.0,261.2,-34.1,1866.2,0
67.05,den,Orange,1618.68,1055.33,227.92,0,33.0,977.6,-968.8,1821.1,1
68.28,Taha (RLCS PRO BLUE TAG),Orange,1715.13,1065.03,314.49,1,33.0,2281.3,-1977.5,1901.4,0
71.01,Kripper,Blue,-4725.41,4186.9,1841.26,1,33.0,2024.5,-1755.3,-4787.7,0
72.44,Taha (RLCS PRO BLUE TAG),Orange,-4262.9,2042.97,647.88,0,33.0,200.8,-195.9,-4098.0,1
73.74,Taha (RLCS PRO BLUE TAG),Orange,-4384.14,1122.91,647.33,0,33.0,1343.2,182.1,-4351.2,1
74.68,Taha (RLCS PRO BLUE TAG),Orange,-4734.04,669.88,1428.68,0,33.0,1715.6,-924.7,-4529.6,0
84.44,Kripper,Blue,0.0,974.73,547.33,0,33.0,2285.4,2218.0,-181.0,0
84.48,Taha (RLCS PRO BLUE TAG),Orange,27.21,816.73,300.79,0,33.0,1039.6,-1033.7,144.8,0
88.74,Kripper,Blue,4910.67,4387.94,1412.19,0,33.0,767.6,379.2,4988.6,1
90.67,rush,Blue,3165.86,902.29,581.2,0,33.0,1688.3,1325.6,3029.2,0
90.74,Taha (RLCS PRO BLUE TAG),Orange,3171.45,2240.43,422.05,0,33.0,1865.1,-755.8,3329.4,0
93.57,Kripper,Blue,2549.92,3144.97,1509.64,0,33.0,993.1,883.0,2468.4,1
94.87,Kripper,Blue,3957.63,2479.87,2433.16,0,33.0,2080.5,957.0,3892.8,0
95.51,den,Orange,5018.92,2779.1,592.15,1,33.0,1541.7,841.3,4890.9,1
96.94,Taha (RLCS PRO BLUE TAG),Orange,4919.7,1866.03,888.89,1,33.0,1877.6,910.0,4919.6,1
98.67,den,Orange,4031.47,2840.26,3949.27,0,33.0,746.2,-658.8,4008.8,1
100.74,den,Orange,2216.11,1262.23,3294.08,0,33.0,1302.0,-1164.8,2364.2,1
102.64,den,Orange,-396.2,1290.54,92.26,0,33.0,1486.3,-1266.9,-450.2,0
104.67,Kripper,Blue,-2285.24,667.32,213.37,1,33.0,1393.1,1371.2,-2456.4,0
104.67,den,Orange,-2285.24,898.28,213.37,0,33.0,1350.6,-839.2,-2263.3,1
106.87,Taha (RLCS PRO BLUE TAG),Orange,2292.29,2256.61,2026.9,1,33.0,2279.7,1899.1,2156.9,1
109.54,Taha (RLCS PRO BLUE TAG),Orange,4515.24,39.44,1562.41,0,33.0,1144.5,-854.2,4700.1,1
110.94,Taha (RLCS PRO BLUE TAG),Orange,2819.07,1322.62,1783.02,0,33.0,1883.2,-1599.8,2941.3,0
114.13,rush,Blue,-3371.19,1626.32,402.24,0,33.0,1280.0,-768.2,-3464.4,0
126.48,den,Orange,0.0,983.42,506.41,0,33.0,2284.3,-2117.3,228.7,0
126.55,rush,Blue,-34.89,956.33,284.46,0,33.0,950.0,39.6,-137.4,1
130.31,Kripper,Blue,-3723.96,2391.69,2004.68,0,33.0,1596.7,1487.8,-3900.1,0
133.75,Taha (RLCS PRO BLUE TAG),Orange,3865.85,2131.03,1806.56,1,33.0,2178.3,2046.0,3758.6,0
134.95,Kripper,Blue,4480.35,2896.37,377.08,0,33.0,2290.4,2290.4,4289.2,0
134.98,den,Orange,4471.96,1575.79,239.27,0,33.0,2267.8,174.3,4451.7,0
138.08,rush,Blue,1402.19,638.14,2061.42,0,33.0,1470.5,1461.3,1176.1,0
139.58,den,Orange,4910.59,1899.58,1765.81,1,33.0,839.6,-600.8,4886.0,0
141.18,rush,Blue,2580.88,1075.56,744.42,0,33.0,1256.0,-1255.9,2595.6,1
142.68,rush,Blue,1927.04,926.21,1225.84,0,33.0,1420.9,379.5,1724.0,0
143.71,Taha (RLCS PRO BLUE TAG),Orange,2707.75,1627.83,443.47,1,33.0,2166.1,-2033.3,2904.6,0
146.71,Kripper,Blue,3630.51,1796.85,1390.39,0,33.0,1299.1,1105.1,3432.6,0
148.34,Taha (RLCS PRO BLUE TAG),Orange,4364.52,739.44,557.17,0,33.0,624.4,439.7,4294.7,0
150.34,rush,Blue,2874.84,1750.67,546.64,0,33.0,991.7,988.5,2714.3,0
150.44,den,Orange,3030.07,1659.68,377.84,0,33.0,1221.2,-998.3,3157.6,1
151.48,Taha (RLCS PRO BLUE TAG),Orange,4643.03,2860.22,2314.64,1,33.0,447.7,227.9,4747.2,0
153.11,Kripper,Blue,4864.53,1306.76,1273.04,0,33.0,1870.2,1868.5,4750.5,1
154.64,rush,Blue,3752.0,1406.31,1503.04,0,33.0,785.2,-78.2,3623.0,1
155.87,Kripper,Blue,4089.39,696.13,411.17,0,33.0,1074.1,-780.3,4175.7,0
156.07,Taha (RLCS PRO BLUE TAG),Orange,4153.62,2827.41,252.87,1,33.0,1400.3,-1012.7,4323.2,0
157.14,rush,Blue,3488.51,94.85,297.94,0,33.0,597.2,-258.3,3373.0,1
158.71,Kripper,Blue,2654.71,479.71,729.95,0,33.0,1368.0,748.7,2457.4,1
160.01,Kripper,Blue,4043.38,1585.95,1016.02,0,33.0,1500.8,1324.4,3834.3,0
160.54,den,Orange,5026.61,1702.28,454.89,1,33.0,616.5,-8.0,5115.6,1
173.13,Taha (RLCS PRO BLUE TAG),Orange,0.0,1004.8,569.23,0,33.0,2263.2,-1943.4,223.0,0
173.17,Kripper,Blue,0.0,1050.85,448.65,0,33.0,2253.0,1844.1,-213.3,1
173.87,rush,Blue,-66.79,187.87,560.82,0,33.0,2284.8,1649.7,-249.5,0
173.9,den,Orange,-28.32,772.61,360.72,0,33.0,2232.2,-1871.4,107.2,1
180.9,Taha (RLCS PRO BLUE TAG),Orange,426.38,244.24,1822.1,0,33.0,534.9,-317.7,560.7,1
181.03,den,Orange,402.61,267.41,1589.4,0,33.0,2255.5,2089.2,500.6,1
182.96,den,Orange,-677.47,478.97,315.67,0,33.0,1845.4,-1830.2,-507.4,0
184.13,rush,Blue,-3733.72,1419.33,1365.53,0,33.0,1324.0,-1036.5,-3826.6,0
186.66,Taha (RLCS PRO BLUE TAG),Orange,-2583.28,1081.14,1479.62,0,33.0,770.5,-667.4,-2428.5,1
189.1,Taha (RLCS PRO BLUE TAG),Orange,-4239.31,1254.16,427.08,0,33.0,962.5,-705.6,-4157.5,1
189.7,den,Orange,-3964.56,818.45,608.08,0,33.0,1755.2,-1730.9,-3775.2,1
199.45,den,Orange,0.0,848.45,514.85,0,33.0,2284.6,-2263.4,232.4,0
199.49,rush,Blue,-47.56,695.37,336.23,0,33.0,2229.4,2168.0,24.2,1
200.15,Kripper,Blue,-1958.61,2496.55,948.1,0,33.0,2027.9,1979.0,-2186.0,0
201.95,Taha (RLCS PRO BLUE TAG),Orange,1818.08,258.86,1412.07,0,33.0,287.8,-20.1,1982.2,1
205.05,den,Orange,-209.88,1319.06,187.3,0,33.0,1716.9,-845.0,-110.5,0
205.12,Kripper,Blue,-262.93,1245.78,173.48,0,33.0,1304.4,-134.1,-205.6,1
208.22,rush,Blue,-4365.06,1536.86,1128.85,0,33.0,2020.0,-1134.7,-4379.0,0
209.52,den,Orange,-2953.35,374.54,2108.73,0,33.0,839.7,838.4,-2766.8,0
210.98,rush,Blue,-1519.43,533.1,240.06,0,33.0,30.4,30.3,-1433.9,1
212.38,rush,Blue,-994.07,1753.23,384.03,0,33.0,2220.0,-138.3,-1070.6,0
214.05,den,Orange,833.61,975.67,353.51,0,33.0,2211.6,2209.2,704.7,1
214.95,Taha (RLCS PRO BLUE TAG),Orange,1634.69,1283.69,253.51,0,33.0,2242.4,-1171.0,1706.9,0
217.35,Kripper,Blue,35.81,1421.85,1216.3,0,33.0,601.4,-595.0,38.7,1
219.35,Kripper,Blue,-903.37,869.54,1284.15,0,33.0,1244.6,-592.8,-938.3,1
221.78,Kripper,Blue,-1204.32,961.2,1349.35,0,33.0,700.7,617.3,-1358.1,0
223.85,den,Orange,1940.38,1439.13,491.03,0,33.0,1518.3,1080.2,1945.2,1
226.41,den,Orange,4285.74,2818.06,1884.29,1,33.0,1815.2,834.7,4138.3,1
227.48,den,Orange,4748.96,1813.98,455.82,1,33.0,698.4,406.1,4852.0,0
227.58,rush,Blue,4712.27,3465.63,335.63,0,33.0,1886.3,1883.7,4545.6,0
229.34,Taha (RLCS PRO BLUE TAG),Orange,4740.11,969.09,539.56,1,33.0,1118.5,144.2,4834.6,0
229.51,rush,Blue,4616.66,3461.32,244.09,0,33.0,1035.0,-351.6,4702.6,0
231.58,Taha (RLCS PRO BLUE TAG),Orange,2011.74,2095.75,1078.16,0,33.0,0.1,-0.1,2166.4,0
232.98,rush,Blue,511.67,1271.17,2219.59,0,33.0,1814.3,918.0,325.7,1
234.14,rush,Blue,1603.34,857.92,670.99,0,33.0,1217.3,935.9,1483.2,1
240.51,Kripper,Blue,3201.12,2004.86,1972.95,0,33.0,1565.3,1565.3,3100.7,0
241.81,den,Orange,5011.92,1469.91,1793.3,0,33.0,354.7,130.4,5104.2,1
244.41,den,Orange,4080.07,2036.12,1438.91,0,33.0,1488.6,-485.6,4115.3,0
244.97,Kripper,Blue,3869.51,2173.04,162.47,0,33.0,2014.3,1717.7,3730.1,1
248.01,rush,Blue,379.73,539.63,1027.38,0,33.0,1322.6,1059.6,245.0,1
249.47,rush,Blue,2492.53,1807.35,1151.28,0,33.0,2195.2,1890.7,2281.0,0
249.81,Taha (RLCS PRO BLUE TAG),Orange,3096.14,2632.07,422.07,0,33.0,1894.1,-733.5,3229.1,0
252.54,rush,Blue,4081.41,3013.79,1178.96,0,33.0,672.1,-90.6,4054.3,1
254.17,Kripper,Blue,3036.67,999.01,853.23,0,33.0,1281.2,1182.3,2848.7,0
254.31,den,Orange,3179.6,1731.25,404.47,0,33.0,1781.6,-1740.6,3341.2,0
254.81,rush,Blue,2088.15,1514.71,486.6,0,33.0,1850.0,-1250.6,2033.3,0
255.11,den,Orange,1999.31,1007.04,298.4,0,33.0,1798.7,-1763.2,2028.0,0
256.47,rush,Blue,1716.37,965.22,573.42,0,33.0,9.3,-3.6,1596.5,0
258.97,den,Orange,3800.2,1768.51,1563.21,0,33.0,1290.0,936.8,3845.4,1
259.9,den,Orange,3690.86,1738.15,1423.11,0,33.0,1094.5,-587.9,3900.8,1
263.7,Taha (RLCS PRO BLUE TAG),Orange,-447.79,324.61,477.82,0,33.0,2103.1,76.4,-479.5,0
263.74,Kripper,Blue,-466.07,1709.89,494.06,0,33.0,1893.2,-1654.3,-504.8,0
263.9,den,Orange,-476.23,67.2,339.14,0,33.0,1978.5,-1380.3,-486.9,0
266.87,Kripper,Blue,118.86,1046.66,150.44,0,33.0,1392.7,1342.9,-116.0,1
268.94,Kripper,Blue,3586.86,2826.26,1725.13,0,33.0,2298.1,2144.8,3411.7,0
269.64,Taha (RLCS PRO BLUE TAG),Orange,4769.39,2413.68,410.52,1,33.0,328.0,-186.8,4950.9,0
272.5,rush,Blue,4637.9,3342.54,1364.62,0,33.0,1257.9,1222.5,4434.8,0
275.17,Taha (RLCS PRO BLUE TAG),Orange,4745.17,1539.19,95.8,1,33.0,843.8,-569.5,4912.3,1
275.93,den,Orange,3889.16,651.6,90.79,0,33.0,1538.8,-1534.8,4084.5,0
276.07,Kripper,Blue,3609.16,521.3,430.16,0,33.0,2282.6,179.4,3465.4,0
278.8,den,Orange,4822.22,2111.39,535.75,1,33.0,2080.5,1888.9,4732.7,1
281.23,den,Orange,3713.63,2059.29,52.71,0,33.0,1445.3,-1348.3,3919.7,0
281.3,Kripper,Blue,3661.46,2790.49,102.08,0,33.0,1942.6,-1863.7,3823.4,1
282.3,Kripper,Blue,1231.54,992.07,578.4,0,33.0,2298.2,2256.2,1103.4,1
282.9,rush,Blue,-3.99,959.97,416.74,0,33.0,632.8,62.2,-41.9,1
284.6,Kripper,Blue,-2943.02,1571.36,1063.98,0,33.0,2159.3,-2150.2,-2877.5,1
285.93,Kripper,Blue,-4605.05,2885.81,2054.06,0,33.0,911.4,332.5,-4748.7,1
287.13,Kripper,Blue,-4988.32,1747.84,2462.38,1,33.0,712.9,-225.9,-5055.8,1
290.56,Kripper,Blue,-2529.97,1578.25,723.94,0,33.0,1238.7,1236.9,-2692.1,0
294.43,den,Orange,4394.96,2406.43,1085.64,1,33.0,1966.8,1441.4,4503.6,1
295.8,den,Orange,4893.17,3539.95,1236.5,1,33.0,2074.9,-773.7,5036.4,0
298.76,rush,Blue,391.37,1201.54,360.08,0,33.0,1835.3,1678.9,209.8,1
300.4,rush,Blue,2227.76,917.16,879.41,0,33.0,1633.7,1576.8,2118.4,0
301.0,Taha (RLCS PRO BLUE TAG),Orange,3091.9,1968.54,310.68,1,33.0,2274.5,-706.0,3224.2,0
304.66,Kripper,Blue,-4077.65,3807.27,3492.08,0,33.0,1735.8,1716.6,-4262.7,0
307.79,Taha (RLCS PRO BLUE TAG),Orange,5001.76,3050.58,3315.41,1,33.0,346.2,-320.1,5069.0,0
309.63,rush,Blue,-57.52,993.06,654.2,0,33.0,2099.6,-1297.4,-26.6,0
312.33,den,Orange,-2444.97,940.26,905.55,0,33.0,944.0,-657.8,-2353.5,0
315.69,rush,Blue,-3981.1,2370.24,807.42,0,33.0,1678.4,419.3,-3975.3,0
317.66,den,Orange,-2860.78,3255.08,193.67,0,33.0,436.4,436.4,-2802.5,0
317.79,rush,Blue,-2819.68,2518.4,133.55,0,33.0,802.6,719.6,-2905.8,0
320.36,den,Orange,-2769.42,1883.83,652.88,0,33.0,1150.1,-716.1,-2594.8,1
321.26,den,Orange,-3583.26,2051.55,950.37,0,33.0,1591.0,-1155.3,-3440.3,0
321.59,Kripper,Blue,-4010.18,1718.33,276.33,0,33.0,861.0,826.7,-4096.0,0
325.22,Taha (RLCS PRO BLUE TAG),Orange,-3726.31,811.25,461.7,0,33.0,1936.2,-1403.6,-3534.3,0
325.29,rush,Blue,-3856.62,2987.59,361.41,0,33.0,1026.5,1026.1,-3846.5,0
327.12,Taha (RLCS PRO BLUE TAG),Orange,-4731.92,2563.31,350.59,0,33.0,1985.6,-179.8,-4752.4,0
327.39,rush,Blue,-4807.41,1168.47,30.0,0,33.0,2004.0,-1157.9,-4746.9,1
328.46,Kripper,Blue,-5142.52,769.23,428.31,1,33.0,1791.2,-909.2,-5183.7,0
329.99,den,Orange,-4002.88,2315.63,1361.63,0,33.0,1895.8,-1793.7,-3788.6,0
330.32,rush,Blue,-4983.18,952.98,636.52,0,33.0,86.2,74.7,-4997.9,1
339.71,Kripper,Blue,-25.36,1017.1,389.58,0,33.0,2277.8,2158.0,-253.9,0
339.71,Taha (RLCS PRO BLUE TAG),Orange,-25.36,849.91,389.58,0,33.0,1120.6,-670.7,126.8,0
342.11,Kripper,Blue,-350.93,377.46,508.85,0,33.0,1857.7,1657.4,-459.6,0
342.21,den,Orange,-364.68,2209.2,350.44,0,33.0,981.8,-381.1,-318.3,0
344.84,rush,Blue,-1668.32,1015.45,1213.86,0,33.0,1140.7,-183.5,-1751.4,1
346.37,rush,Blue,-1384.25,1428.26,376.64,0,33.0,1127.9,429.8,-1503.0,0
348.51,Taha (RLCS PRO BLUE TAG),Orange,822.17,251.22,525.82,0,33.0,800.8,15.3,1000.6,1
349.64,Taha (RLCS PRO BLUE TAG),Orange,479.01,772.17,44.49,0,33.0,1395.8,-1370.2,636.6,0
350.21,rush,Blue,-419.24,547.75,416.04,0,33.0,2207.0,2206.9,-502.5,0
350.24,Taha (RLCS PRO BLUE TAG),Orange,-471.59,530.42,280.49,0,33.0,1888.4,-1871.0,-338.2,0
350.74,Kripper,Blue,-1581.57,382.72,414.42,0,33.0,1263.5,-7.2,-1606.5,1
352.11,rush,Blue,-4880.85,3478.23,636.52,1,33.0,86.2,74.7,-4997.9,0
10.62,Taha (RLCS PRO BLUE TAG),Orange,8.64,1642.48,439.88,0,33.0,2268.5,-1764.0,168.0,0
10.65,Antix,Blue,13.29,1392.66,317.14,0,33.0,506.7,485.7,-142.2,0
12.92,kiwi,Orange,2007.03,1440.37,2153.51,1,33.0,1744.5,1697.0,1905.0,1
14.75,kiwi,Orange,4885.05,2166.84,1996.05,1,33.0,1102.1,292.7,5001.8,1
15.56,kiwi,Orange,4692.22,1381.69,620.05,1,33.0,917.0,-704.9,4916.9,0
15.69,Mylk,Blue,4645.09,6752.14,316.99,0,33.0,2233.3,985.5,4573.2,1
18.32,Antix,Blue,3409.9,1355.97,1129.6,1,33.0,1444.9,1289.8,3196.2,0
20.49,kiwi,Orange,4390.6,1322.43,1012.57,0,33.0,1266.5,-1209.2,4562.0,1
23.02,kiwi,Orange,-162.21,1130.93,3002.34,0,33.0,2068.5,-2050.8,49.0,1
24.95,kiwi,Orange,-3326.4,3064.34,259.36,0,33.0,1892.5,-1883.4,-3363.7,0
25.05,Mylk,Blue,-3466.36,2896.71,185.08,0,33.0,581.7,-404.5,-3658.5,0
26.65,Taha (RLCS PRO BLUE TAG),Orange,-2999.66,3127.9,995.4,1,33.0,1941.9,-1893.3,-2798.3,0
26.89,Mylk,Blue,-3693.29,1138.16,713.69,0,33.0,531.7,-14.4,-3796.2,0
27.75,kiwi,Orange,-4875.35,613.56,155.79,1,33.0,1272.4,1228.3,-5045.6,0
29.35,Antix,Blue,-4358.94,2691.19,2125.56,1,33.0,1915.2,-95.3,-4368.5,1
32.95,Antix,Blue,1131.76,9999.0,1383.26,0,33.0,2072.3,1927.7,1060.6,1
34.85,Antix,Blue,4372.3,8599.81,1583.28,0,33.0,1941.4,1922.8,4317.8,1
36.52,Antix,Blue,4785.66,5488.03,837.79,0,33.0,1556.2,-588.1,4726.9,0
38.15,kiwi,Orange,4754.92,1833.45,1059.33,1,33.0,1293.7,-864.1,4836.6,0
40.22,Antix,Blue,2031.5,3551.26,82.57,0,33.0,2289.1,-2144.7,2154.8,1
42.58,Mylk,Blue,-2484.77,1058.4,1577.19,0,33.0,1158.0,-359.6,-2502.0,1
44.58,Mylk,Blue,-4355.26,3728.2,2558.24,0,33.0,104.4,-73.8,-4480.2,1
45.98,Mylk,Blue,-3797.05,2951.35,3564.51,1,33.0,1571.2,1236.3,-4004.2,1
47.88,Antix,Blue,-1010.44,414.88,1582.07,0,33.0,2179.6,1800.6,-1126.1,0
51.08,kiwi,Orange,5016.4,983.0,1731.62,0,33.0,147.9,18.2,4951.0,1
51.85,kiwi,Orange,5020.87,288.09,2219.57,0,33.0,375.5,67.7,5101.8,1
52.78,kiwi,Orange,4621.0,804.55,977.21,0,33.0,836.5,-641.5,4796.1,0
53.12,Antix,Blue,4408.78,3057.08,279.36,0,33.0,1043.6,709.4,4321.4,0
55.41,Taha (RLCS PRO BLUE TAG),Orange,3592.57,2003.61,1974.05,1,33.0,1857.7,-1825.7,3711.4,1
57.61,Taha (RLCS PRO BLUE TAG),Orange,-1000.74,1545.69,1217.34,0,33.0,2300.0,-2221.3,-838.7,0
58.31,Mylk,Blue,-2234.18,3990.53,328.61,1,33.0,1600.9,-139.2,-2322.3,1
59.55,Mylk,Blue,-2133.43,4838.3,1299.97,0,33.0,1459.6,973.1,-2343.5,1
61.08,Mylk,Blue,-831.91,3252.13,893.15,0,33.0,1167.7,1081.3,-958.8,0
62.28,Taha (RLCS PRO BLUE TAG),Orange,644.39,2286.22,26.78,0,33.0,1775.1,1591.7,558.7,1
63.48,kiwi,Orange,2518.23,955.89,995.54,1,33.0,1594.2,-645.8,2681.7,1
66.11,kiwi,Orange,1187.31,2287.91,759.41,0,33.0,1401.8,-1395.5,1297.9,1
67.41,kiwi,Orange,168.56,1227.17,643.57,0,33.0,955.1,-851.8,223.3,1
68.74,kiwi,Orange,-1205.16,1227.62,2132.14,0,33.0,1081.7,-1054.2,-1074.1,1
70.84,kiwi,Orange,-4201.82,2897.9,767.54,0,33.0,2136.6,-2078.2,-3987.4,0
71.01,Mylk,Blue,-4530.22,2667.62,405.4,1,33.0,1537.6,753.3,-4684.8,0
73.44,Taha (RLCS PRO BLUE TAG),Orange,-3911.77,2419.62,1242.79,1,33.0,1574.8,-1535.6,-3816.6,0
74.31,Mylk,Blue,-4476.35,892.38,895.72,1,33.0,1574.1,1202.5,-4710.2,1
76.18,Mylk,Blue,-3085.36,1415.8,1185.05,1,33.0,2283.2,2178.0,-3261.6,1
77.48,Mylk,Blue,-410.54,846.51,1739.4,1,33.0,1928.9,1867.7,-462.3,1
78.78,Mylk,Blue,1869.68,1917.78,469.44,1,33.0,2298.4,2100.0,1799.6,0
79.98,Taha (RLCS PRO BLUE TAG),Orange,4237.51,2083.6,600.92,1,33.0,1120.3,725.5,4327.2,1
83.51,Taha (RLCS PRO BLUE TAG),Orange,3730.83,653.17,1754.43,0,33.0,842.0,-832.2,3810.9,1
85.24,Taha (RLCS PRO BLUE TAG),Orange,2312.96,1531.65,352.2,0,33.0,877.0,-859.8,2408.4,1
87.47,Taha (RLCS PRO BLUE TAG),Orange,502.26,1727.18,535.64,0,33.0,1309.9,-1295.6,679.8,0
87.51,Antix,Blue,476.1,5147.43,371.34,0,33.0,1778.6,1739.1,309.5,1
88.61,Antix,Blue,1132.26,3759.45,545.31,0,33.0,1129.0,767.3,917.7,0
90.51,kiwi,Orange,3561.45,2183.16,251.03,1,33.0,581.2,301.1,3786.7,0
91.84,Mylk,Blue,3391.81,1992.57,748.77,1,33.0,2241.5,2214.6,3208.1,1
93.31,Mylk,Blue,4185.61,2960.97,185.58,1,33.0,896.5,585.0,4066.9,0
104.2,kiwi,Orange,0.0,1608.29,577.67,0,33.0,2274.3,-1855.5,205.2,0
104.23,Mylk,Blue,-13.19,1271.47,336.69,0,33.0,2242.3,1769.7,-154.5,0
106.0,Taha (RLCS PRO BLUE TAG),Orange,-35.27,3613.93,127.23,0,33.0,2290.2,-197.7,60.6,0
106.33,Mylk,Blue,-270.71,945.27,483.92,0,33.0,2098.3,744.2,-466.1,0
110.09,Taha (RLCS PRO BLUE TAG),Orange,1717.57,3387.83,1578.31,1,33.0,2129.3,-1391.4,1903.7,1
111.33,Taha (RLCS PRO BLUE TAG),Orange,-62.43,1748.38,1691.55,0,33.0,1990.2,-1797.7,96.1,1
113.16,Taha (RLCS PRO BLUE TAG),Orange,-3910.45,2426.83,1356.36,0,33.0,2281.6,-2172.9,-3728.7,0
113.66,Antix,Blue,-4960.2,4826.15,340.66,1,33.0,413.6,410.1,-5046.6,0
115.63,Taha (RLCS PRO BLUE TAG),Orange,-4131.09,2827.17,326.81,0,33.0,1386.7,954.7,-4153.2,0
115.89,Mylk,Blue,-4065.64,610.26,167.31,1,33.0,1852.0,689.2,-4053.1,1
118.09,Antix,Blue,-4810.08,2372.95,692.05,1,33.0,2276.7,-697.4,-4759.1,1
121.99,Mylk,Blue,3728.12,6462.97,343.31,0,33.0,2282.8,1896.7,3753.4,1
136.89,Antix,Blue,0.0,1358.86,364.42,0,33.0,2229.6,2126.1,-200.8,0
136.89,Taha (RLCS PRO BLUE TAG),Orange,0.0,1930.28,364.42,0,33.0,2280.0,-1710.9,148.6,0
139.69,Mylk,Blue,-27.91,2943.18,405.73,0,33.0,742.4,742.4,-164.1,1
142.09,Mylk,Blue,2342.5,3161.68,1130.68,0,33.0,1964.8,1537.9,2233.3,0
143.66,Taha (RLCS PRO BLUE TAG),Orange,5023.63,1672.44,262.18,1,33.0,632.0,596.6,4967.6,0
143.83,Mylk,Blue,4880.13,1585.49,44.13,0,33.0,2241.0,1538.9,5065.4,1
146.29,Antix,Blue,2279.51,1672.91,115.74,0,33.0,557.4,-459.1,2148.7,1
148.12,Mylk,Blue,2035.58,116.5,895.01,0,33.0,1170.3,337.6,1933.2,1
149.62,Antix,Blue,3605.22,693.33,279.32,0,33.0,2288.6,2287.2,3530.9,0
149.66,Taha (RLCS PRO BLUE TAG),Orange,3656.59,1803.19,279.32,0,33.0,914.6,-896.1,3801.0,0
151.22,Antix,Blue,2743.48,987.7,823.74,0,33.0,1665.9,446.0,2546.9,0
152.59,kiwi,Orange,4647.65,1906.85,1279.02,1,33.0,813.8,523.3,4751.4,1
154.79,kiwi,Orange,3289.11,1156.41,1025.8,0,33.0,2300.0,-1877.3,3469.7,1
156.89,kiwi,Orange,-721.51,1338.54,2322.68,0,33.0,2135.4,-1438.2,-595.5,1
161.99,kiwi,Orange,-4287.94,4202.36,2290.42,0,33.0,700.5,53.0,-4278.7,1
164.02,Taha (RLCS PRO BLUE TAG),Orange,-2065.31,2183.66,731.04,0,33.0,1374.5,-775.8,-1899.7,0
164.12,Antix,Blue,-2297.67,1760.95,541.86,0,33.0,2289.3,2242.7,-2470.9,1
166.09,Mylk,Blue,-4970.65,4500.37,2267.13,1,33.0,1793.7,180.3,-5095.0,1
167.42,Mylk,Blue,-2967.23,1730.17,789.81,1,33.0,2168.0,2142.3,-3183.9,0
170.49,kiwi,Orange,4228.02,745.28,603.63,1,33.0,1954.2,507.6,4302.6,0
170.65,Mylk,Blue,4324.5,3832.08,233.39,0,33.0,1708.4,1706.3,4123.9,0
175.15,Taha (RLCS PRO BLUE TAG),Orange,2660.57,1435.87,716.97,0,33.0,1331.5,-331.4,2700.1,0
179.58,Antix,Blue,-1926.89,1414.52,722.75,0,33.0,2020.4,-476.9,-2011.6,0
180.58,kiwi,Orange,-2477.39,2402.64,580.26,0,33.0,2144.6,-2007.8,-2292.0,0
182.02,Mylk,Blue,-4063.02,982.52,1492.74,0,33.0,1877.8,899.0,-4249.6,0
182.75,kiwi,Orange,-2994.64,2713.84,847.2,0,33.0,746.2,733.5,-2885.9,0
185.85,Antix,Blue,-4950.43,1593.28,1218.18,1,33.0,983.1,-492.2,-4965.3,0
188.92,Taha (RLCS PRO BLUE TAG),Orange,-3269.88,1121.65,497.41,0,33.0,656.5,-592.7,-3109.0,1
191.05,Taha (RLCS PRO BLUE TAG),Orange,-4405.08,3451.26,786.27,0,33.0,1378.7,65.8,-4442.1,0
191.51,Mylk,Blue,-4520.38,1503.63,487.38,0,33.0,723.3,612.2,-4683.4,0
193.08,kiwi,Orange,-750.8,3039.01,603.39,0,33.0,1007.9,1007.9,-666.7,1
195.18,kiwi,Orange,2562.07,3736.79,795.51,0,33.0,1903.7,562.5,2627.4,1
196.08,kiwi,Orange,2637.06,2544.09,718.93,0,33.0,1564.1,-1354.6,2855.5,0
196.18,Mylk,Blue,2559.71,1632.33,440.84,0,33.0,2292.0,2058.5,2334.3,0
198.81,kiwi,Orange,3132.66,1198.08,1100.04,0,33.0,838.4,648.3,3100.8,1
200.88,Taha (RLCS PRO BLUE TAG),Orange,-710.89,1766.6,716.68,0,33.0,2172.9,-2168.6,-657.8,1
202.71,Taha (RLCS PRO BLUE TAG),Orange,-4855.38,5539.99,809.14,0,33.0,2198.5,-2165.3,-4620.4,0
203.18,Mylk,Blue,-4939.78,1801.05,404.61,1,33.0,2193.2,-2026.2,-4860.1,1
204.74,Antix,Blue,-4142.19,732.83,817.24,0,33.0,2117.6,648.9,-4210.7,1
206.14,Antix,Blue,-3028.51,2077.57,1435.71,0,33.0,2251.3,1033.9,-3075.2,1
207.98,Antix,Blue,-1647.57,2091.08,1099.04,0,33.0,1395.3,176.5,-1688.5,0
209.38,kiwi,Orange,-557.46,2620.3,926.92,0,33.0,2284.9,-1761.6,-399.9,0
210.88,Mylk,Blue,-3950.38,3507.8,924.77,1,33.0,1229.1,-423.0,-4053.1,0
213.81,Taha (RLCS PRO BLUE TAG),Orange,-3767.44,1345.04,1599.3,0,33.0,967.9,-967.5,-3620.6,0
215.48,Mylk,Blue,-4290.05,1953.56,292.89,0,33.0,1983.5,1962.0,-4521.2,0
217.48,kiwi,Orange,-484.11,1740.68,767.97,0,33.0,1630.4,470.2,-287.8,0
219.81,Antix,Blue,-369.81,1828.2,835.41,0,33.0,2028.6,1963.1,-557.2,1
222.71,Antix,Blue,4239.94,1819.66,814.61,0,33.0,1802.9,1612.3,4012.0,0
9.86,Taha (RLCS PRO BLUE TAG),Blue,-14.09,1777.61,300.83,0,33.0,2265.7,1757.4,-140.4,0
9.86,jeridinho.,Orange,-14.09,1619.79,300.83,0,33.0,2025.1,-1689.0,156.8,0
12.02,ceeebzz,Blue,1071.42,864.44,461.8,0,33.0,2015.0,1147.7,921.5,0
15.36,ZAŦH,Orange,4621.06,4129.95,2045.31,0,33.0,1134.4,-1049.1,4768.2,1
17.19,ZAŦH,Orange,1940.66,2403.41,2773.32,0,33.0,2091.7,-2015.4,2088.7,1
18.46,ZAŦH,Orange,-620.46,2189.88,1192.78,0,33.0,2143.7,-2112.6,-515.0,0
19.02,Taha (RLCS PRO BLUE TAG),Blue,-1854.49,2199.05,273.03,0,33.0,559.5,-372.8,-1964.9,0
21.49,jeridinho.,Orange,-709.12,5379.83,405.62,1,33.0,616.1,-429.8,-596.3,0
21.59,ceeebzz,Blue,-767.66,2599.46,194.46,0,33.0,2230.7,1654.1,-804.8,1
23.06,Taha (RLCS PRO BLUE TAG),Blue,-2136.06,4160.93,1028.15,1,33.0,1218.5,1178.3,-2347.0,1
25.66,ceeebzz,Blue,2066.75,2019.17,294.34,0,33.0,2197.3,989.9,2055.8,0
25.72,jeridinho.,Orange,2122.45,2766.96,148.34,1,33.0,2007.3,-946.1,2257.8,1
28.82,ZAŦH,Orange,-1353.59,2342.32,1852.08,1,33.0,838.2,-782.6,-1381.7,1
30.32,ZAŦH,Orange,-2144.12,2988.59,3071.18,0,33.0,758.9,-362.9,-2156.0,0
36.52,Taha (RLCS PRO BLUE TAG),Blue,-4538.46,1931.36,719.64,0,33.0,421.5,-346.5,-4615.4,0
36.69,jeridinho.,Orange,-4393.24,3448.43,451.95,0,33.0,2172.2,-1629.2,-4228.3,1
39.12,ZAŦH,Orange,-3354.46,1416.54,409.15,1,33.0,1989.1,-1334.3,-3132.5,0
39.19,ceeebzz,Blue,-3402.6,2712.4,312.78,0,33.0,2250.2,1744.8,-3478.2,0
41.29,jeridinho.,Orange,-4092.86,266.25,1685.44,1,33.0,1810.5,-1701.0,-3847.2,0
43.19,ceeebzz,Blue,-3448.25,1985.48,212.63,0,33.0,2033.7,-1877.7,-3398.8,0
44.55,jeridinho.,Orange,-2383.32,9999.0,779.23,0,33.0,1996.4,1362.5,-2408.0,1
45.62,jeridinho.,Orange,-1694.03,9999.0,2290.82,0,33.0,2122.0,387.7,-1756.4,1
48.39,jeridinho.,Orange,179.96,4707.63,4421.58,0,33.0,440.3,-221.0,343.8,1
49.75,jeridinho.,Orange,-719.22,3532.65,3456.41,0,33.0,1363.4,-1248.6,-499.1,0
50.89,Taha (RLCS PRO BLUE TAG),Blue,-2396.22,1596.04,260.66,0,33.0,1916.8,1336.7,-2529.5,1
53.82,ceeebzz,Blue,-3310.82,2182.1,765.86,1,33.0,2063.2,948.8,-3375.8,0
55.32,ZAŦH,Orange,368.16,2002.49,1783.23,1,33.0,1305.1,-3.7,427.3,1
58.12,ZAŦH,Orange,-230.99,1643.48,1385.1,0,33.0,1035.9,-585.6,-100.9,0
61.45,Taha (RLCS PRO BLUE TAG),Blue,-3754.19,1502.99,736.12,0,33.0,967.2,-504.8,-3887.3,0
62.68,ZAŦH,Orange,-4824.77,2379.02,361.92,0,33.0,1245.9,-1185.2,-4638.9,0
62.75,ceeebzz,Blue,-4885.74,511.25,398.83,1,33.0,538.2,0.3,-5103.0,1
63.95,ceeebzz,Blue,-4663.26,1176.56,1237.76,1,33.0,1003.6,870.2,-4824.5,0
64.45,jeridinho.,Orange,-4130.97,1943.58,318.21,1,33.0,2239.3,-727.1,-4019.8,0
67.08,ceeebzz,Blue,-4294.18,2379.43,495.08,0,33.0,2236.8,-1068.3,-4164.6,0
68.21,jeridinho.,Orange,-3261.21,9967.64,1147.18,0,33.0,1378.3,1339.1,-3391.9,1
70.35,jeridinho.,Orange,525.87,3091.04,549.54,0,33.0,2071.2,1617.8,470.1,0
73.01,Taha (RLCS PRO BLUE TAG),Blue,3868.69,4292.02,349.7,0,33.0,2300.0,1083.9,3775.4,0
73.08,ZAŦH,Orange,3946.15,9999.0,258.54,0,33.0,2283.3,126.0,4123.0,1
75.05,ZAŦH,Orange,2000.43,6227.3,477.51,0,33.0,2198.6,-1545.5,2160.4,0
75.11,ceeebzz,Blue,1922.27,1147.82,316.4,1,33.0,1898.5,1885.2,1844.6,0
78.18,jeridinho.,Orange,1005.52,3402.89,47.01,1,33.0,2284.2,-2217.2,1150.5,0
82.31,Taha (RLCS PRO BLUE TAG),Blue,-5018.05,2889.54,442.24,1,33.0,1267.0,19.7,-5102.8,0
82.41,ZAŦH,Orange,-4925.42,4876.85,226.75,0,33.0,1729.4,-148.1,-5100.8,0
84.24,Taha (RLCS PRO BLUE TAG),Blue,-2086.53,1781.66,2018.55,0,33.0,2290.1,1968.4,-2229.6,0
87.14,jeridinho.,Orange,4371.09,5669.4,1291.9,1,33.0,2097.1,-263.9,4491.6,0
88.64,ceeebzz,Blue,3472.06,5236.5,546.29,1,33.0,2299.5,2258.2,3288.1,0
88.84,ZAŦH,Orange,3716.82,533.72,301.83,1,33.0,2297.8,1248.8,3856.4,1
90.98,ZAŦH,Orange,4975.52,1763.7,1748.68,1,33.0,415.6,-295.9,5100.5,1
91.88,ZAŦH,Orange,4484.39,2861.73,2753.65,1,33.0,794.0,-744.0,4651.2,1
93.68,ZAŦH,Orange,1657.52,966.03,931.09,0,33.0,2079.2,-2079.1,1809.3,0
95.98,Taha (RLCS PRO BLUE TAG),Blue,-2821.5,1975.27,99.61,0,33.0,924.0,-495.2,-2920.5,0
97.41,jeridinho.,Orange,-2927.91,3857.73,724.54,1,33.0,1803.3,-1759.8,-2765.4,0
99.37,ceeebzz,Blue,-4198.13,3253.78,1020.22,1,33.0,34.9,-12.0,-4164.2,1
100.47,ceeebzz,Blue,-4027.06,4639.18,1383.23,1,33.0,833.3,596.0,-4258.7,1
101.91,ceeebzz,Blue,-3769.91,2473.25,803.18,1,33.0,1187.5,1164.0,-3913.8,0
102.14,jeridinho.,Orange,-3789.51,2818.84,191.63,0,33.0,1878.4,-1863.0,-3605.0,1
103.71,jeridinho.,Orange,-5020.29,3073.38,677.23,0,33.0,1547.0,0.1,-5103.0,1
104.87,ZAŦH,Orange,-4004.89,890.69,1006.76,1,33.0,1923.8,-1681.0,-3854.9,1
105.04,jeridinho.,Orange,-4317.13,611.99,486.66,0,33.0,1633.4,948.1,-4370.4,1
108.61,jeridinho.,Orange,-3107.23,815.91,779.12,1,33.0,1306.2,-1009.5,-2988.8,0
109.57,Taha (RLCS PRO BLUE TAG),Blue,-4900.18,2232.27,1434.06,1,33.0,2285.9,774.4,-5105.6,1
112.41,Taha (RLCS PRO BLUE TAG),Blue,-2030.87,3407.01,1116.47,0,33.0,1695.9,1695.4,-2134.0,1
113.8,Taha (RLCS PRO BLUE TAG),Blue,110.14,3569.22,1027.57,0,33.0,1999.9,1390.0,102.2,0
114.04,ZAŦH,Orange,431.7,1269.8,163.61,0,33.0,2271.2,-1008.3,577.7,1
116.8,jeridinho.,Orange,433.44,5966.14,985.97,0,33.0,2253.0,-1036.5,553.6,1
119.8,jeridinho.,Orange,-2146.07,4864.96,3100.71,0,33.0,1515.3,-1165.4,-1992.1,0
121.24,ceeebzz,Blue,-3491.41,2014.62,440.59,0,33.0,1615.3,1420.2,-3704.8,0
121.27,jeridinho.,Orange,-3405.09,2896.34,440.59,0,33.0,1984.4,-1443.4,-3308.2,1
125.3,ZAŦH,Orange,5009.92,7874.65,1408.08,1,33.0,1359.9,1189.7,4950.3,1
127.6,ZAŦH,Orange,3581.56,3960.83,2288.23,1,33.0,1141.9,-1138.4,3827.6,1
134.33,ZAŦH,Orange,-4298.28,2380.17,427.5,0,33.0,1021.8,-983.8,-4307.3,0
135.27,Taha (RLCS PRO BLUE TAG),Blue,-5002.54,822.99,405.29,1,33.0,363.5,7.0,-5103.3,0
136.7,jeridinho.,Orange,-4114.76,1048.33,402.74,1,33.0,993.2,-707.6,-3913.0,0
136.77,Taha (RLCS PRO BLUE TAG),Blue,-4167.26,422.7,257.47,0,33.0,1235.5,1152.8,-4229.3,1
139.1,ceeebzz,Blue,-4082.57,1792.17,394.47,1,33.0,2033.6,1354.6,-4213.0,1
142.47,Taha (RLCS PRO BLUE TAG),Blue,657.9,425.23,673.26,0,33.0,1369.7,1290.3,514.0,0
143.66,jeridinho.,Orange,2575.41,2060.41,108.46,0,33.0,2143.3,2137.5,2393.9,0
145.33,Taha (RLCS PRO BLUE TAG),Blue,5023.67,2584.83,247.36,0,33.0,1365.6,238.4,5092.3,0
146.86,ZAŦH,Orange,4383.45,650.98,316.5,0,33.0,1152.3,-1095.0,4547.3,1
148.13,ZAŦH,Orange,2316.49,1773.33,1317.5,0,33.0,2114.9,-2101.9,2515.4,0
149.26,ceeebzz,Blue,11.91,420.32,313.15,1,33.0,1200.1,-1194.4,-185.4,1
149.36,Taha (RLCS PRO BLUE TAG),Blue,-141.95,337.54,266.66,0,33.0,2257.6,-2083.3,-111.9,0
149.36,ZAŦH,Orange,-141.95,2560.94,199.22,0,33.0,2300.0,-2253.9,-78.2,0
153.13,ceeebzz,Blue,-2991.24,9999.0,1160.79,0,33.0,1871.4,1268.3,-3194.4,0
154.86,jeridinho.,Orange,334.22,615.74,480.45,1,33.0,651.5,-500.3,543.7,0
154.93,ceeebzz,Blue,297.76,8057.49,267.28,0,33.0,2229.2,2229.2,280.0,0
156.99,jeridinho.,Orange,-1938.54,3718.98,1780.96,0,33.0,2107.3,-2088.0,-1781.8,1
158.53,jeridinho.,Orange,-4881.93,4188.74,1370.86,0,33.0,2129.1,-1865.6,-4727.7,0
159.36,Taha (RLCS PRO BLUE TAG),Blue,-4827.32,1317.94,1447.77,1,33.0,623.1,525.5,-4910.4,0
161.19,ZAŦH,Orange,-3852.35,2153.15,350.94,0,33.0,1932.6,-1568.9,-3676.9,0
161.19,Taha (RLCS PRO BLUE TAG),Blue,-3852.35,780.32,350.94,0,33.0,687.0,575.2,-3977.6,0
179.16,ZAŦH,Orange,0.0,1022.81,488.02,0,33.0,2287.0,-2185.8,240.0,0
179.22,ceeebzz,Blue,6.17,1332.42,388.73,0,33.0,709.4,474.1,-148.7,1
181.42,Taha (RLCS PRO BLUE TAG),Blue,-1295.03,2671.86,844.4,0,33.0,1094.4,-1043.4,-1345.4,0
184.42,ZAŦH,Orange,4206.31,658.15,2866.12,0,33.0,2049.7,-577.3,4326.7,1
185.89,ZAŦH,Orange,2702.46,2021.57,1166.41,0,33.0,2299.9,-1575.0,2869.7,1
187.05,jeridinho.,Orange,1788.73,2234.1,2395.71,1,33.0,1634.6,-1511.0,1909.3,1
188.05,jeridinho.,Orange,177.79,1317.57,1875.71,0,33.0,2146.4,-1916.2,299.3,0
190.49,Taha (RLCS PRO BLUE TAG),Blue,-4577.78,1575.77,701.89,1,33.0,1015.4,536.2,-4750.3,1
192.25,Taha (RLCS PRO BLUE TAG),Blue,-3037.47,1495.92,1435.04,0,33.0,2153.7,1543.8,-3156.0,1
193.65,Taha (RLCS PRO BLUE TAG),Blue,-500.46,1069.39,558.77,0,33.0,2294.7,1977.8,-689.4,0
194.65,jeridinho.,Orange,909.97,1269.26,930.17,0,33.0,1702.3,1587.4,745.0,0
195.65,ceeebzz,Blue,1912.56,1415.78,635.74,0,33.0,2089.8,1920.2,1777.2,0
197.22,jeridinho.,Orange,4858.82,394.98,274.86,0,33.0,2149.6,2136.3,4891.4,0
197.22,ceeebzz,Blue,4858.82,2777.25,274.86,0,33.0,1825.1,1824.3,4666.7,1
198.39,Taha (RLCS PRO BLUE TAG),Blue,3408.62,1776.69,1493.15,0,33.0,1852.6,1616.8,3241.5,1
199.35,Taha (RLCS PRO BLUE TAG),Blue,4729.05,1826.35,391.76,0,33.0,1989.0,1756.1,4845.7,1
200.19,ceeebzz,Blue,3768.5,2627.95,930.02,0,33.0,1441.2,717.9,3591.6,0
200.32,ZAŦH,Orange,3959.25,2611.11,479.62,1,33.0,2281.7,-1922.7,4133.1,1
205.88,jeridinho.,Orange,-4201.23,4584.01,233.4,0,33.0,2150.4,-1846.5,-4169.0,0
207.65,ceeebzz,Blue,-4191.13,109.59,251.89,0,33.0,2260.3,1191.6,-4380.1,0
207.85,ZAŦH,Orange,-3947.38,787.63,452.5,0,33.0,2269.5,-2160.9,-3734.0,0
210.68,ceeebzz,Blue,-4898.27,322.71,625.22,1,33.0,2283.9,-1687.7,-4839.1,1
211.08,Taha (RLCS PRO BLUE TAG),Blue,-5211.62,325.85,342.12,0,33.0,1757.0,1678.1,-5124.7,1
220.6,ceeebzz,Blue,0.0,1601.96,745.65,0,33.0,2190.8,2052.3,-201.1,0
220.67,ZAŦH,Orange,85.84,1113.25,477.0,0,33.0,2177.8,-1896.1,303.8,0
224.97,Taha (RLCS PRO BLUE TAG),Blue,872.4,1167.84,2164.87,0,33.0,927.0,377.1,777.3,0
228.0,jeridinho.,Orange,4487.65,719.44,113.08,0,33.0,852.7,-510.2,4552.4,1
230.1,ZAŦH,Orange,3764.34,1601.08,1719.11,0,33.0,1084.4,-976.6,3956.9,1
231.47,ZAŦH,Orange,2417.5,425.82,1355.6,0,33.0,1311.0,-1308.5,2572.9,0
232.37,Taha (RLCS PRO BLUE TAG),Blue,1223.22,1732.76,419.81,0,33.0,1773.0,-870.4,1419.6,1
233.17,ceeebzz,Blue,438.87,1183.13,1320.81,0,33.0,982.1,772.2,238.4,1
236.37,ceeebzz,Blue,4206.07,4303.98,1206.58,0,33.0,2286.9,2193.7,4143.6,1
238.43,ceeebzz,Blue,4439.83,4320.15,281.17,0,33.0,1495.2,-1483.4,4380.9,0
238.53,jeridinho.,Orange,4387.53,2697.33,299.65,0,33.0,923.4,-749.0,4516.3,1
240.57,ZAŦH,Orange,3231.41,1094.51,1100.82,1,33.0,1590.2,-1116.8,3364.6,0
240.77,Taha (RLCS PRO BLUE TAG),Blue,2904.04,1136.85,506.69,0,33.0,2286.5,2191.7,2708.5,1
242.27,ceeebzz,Blue,465.23,1125.74,501.01,0,33.0,1308.0,861.5,277.4,0
242.33,ZAŦH,Orange,430.17,2069.17,312.14,0,33.0,1455.9,-1180.4,589.4,1
244.3,jeridinho.,Orange,-1187.32,1123.57,807.17,0,33.0,2093.3,-1832.8,-1039.9,1
246.1,jeridinho.,Orange,-4052.41,2569.46,649.44,0,33.0,1338.4,-444.2,-3864.2,0
246.33,ceeebzz,Blue,-4041.65,1630.9,375.77,1,33.0,1257.1,1060.2,-4187.2,1
248.8,Taha (RLCS PRO BLUE TAG),Blue,-4112.54,1347.79,806.96,1,33.0,612.2,69.0,-4116.7,1
252.83,Taha (RLCS PRO BLUE TAG),Blue,-2275.06,2240.01,881.11,0,33.0,1987.5,1727.9,-2397.8,0
254.63,jeridinho.,Orange,729.04,1510.82,1263.07,0,33.0,683.2,549.6,838.3,1
256.73,jeridinho.,Orange,940.16,1490.71,1316.02,0,33.0,1616.9,-1409.0,1178.7,1
258.46,jeridinho.,Orange,-1764.46,1662.88,1178.03,0,33.0,2250.1,-2134.4,-1545.9,0
259.53,Taha (RLCS PRO BLUE TAG),Blue,-4450.13,2867.02,971.96,1,33.0,179.7,-16.2,-4667.2,0
262.26,ZAŦH,Orange,-3493.63,3573.53,206.85,0,33.0,1810.9,-1076.7,-3387.9,0
263.26,Taha (RLCS PRO BLUE TAG),Blue,-4343.3,2187.36,1046.9,0,33.0,2102.5,2003.9,-4508.8,0
263.49,ZAŦH,Orange,-3718.72,4257.84,545.81,0,33.0,1217.9,-169.8,-3582.2,0
264.99,ceeebzz,Blue,-3380.31,2502.02,880.49,1,33.0,1378.6,567.9,-3433.3,0
265.46,jeridinho.,Orange,-3183.91,3114.52,159.69,0,33.0,2299.6,-2090.8,-3080.9,0
268.59,ceeebzz,Blue,-1711.49,827.0,958.05,0,33.0,1907.4,1790.2,-1883.6,1
270.86,Taha (RLCS PRO BLUE TAG),Blue,4544.77,4095.25,2473.81,0,33.0,2166.9,1464.9,4518.2,1
280.56,Taha (RLCS PRO BLUE TAG),Blue,0.0,757.78,444.76,0,33.0,2271.5,1851.3,-170.7,0
280.63,jeridinho.,Orange,-28.77,1010.96,302.85,0,33.0,399.1,-376.2,143.8,1
281.39,ZAŦH,Orange,101.64,796.65,302.55,0,33.0,2125.8,-1701.1,232.7,0
281.43,ceeebzz,Blue,28.55,178.5,418.03,0,33.0,1970.5,1371.7,-185.3,0
283.89,jeridinho.,Orange,1383.84,1169.05,436.44,0,33.0,1354.1,1088.7,1218.5,1
286.59,jeridinho.,Orange,4934.21,2439.03,4133.47,0,33.0,174.7,69.4,5025.7,1
288.32,jeridinho.,Orange,4300.21,3137.76,2254.25,0,33.0,809.1,-809.0,4489.5,0
289.49,ceeebzz,Blue,2443.7,2454.31,435.39,0,33.0,1656.3,-350.0,2282.6,1
293.56,Taha (RLCS PRO BLUE TAG),Blue,1236.86,1484.94,370.27,0,33.0,2077.8,1398.6,1158.7,0
293.66,ZAŦH,Orange,1413.28,504.24,210.73,0,33.0,2236.5,-2106.9,1457.1,0
297.16,ceeebzz,Blue,3418.8,977.22,1890.15,0,33.0,911.5,858.5,3335.2,1
298.32,ceeebzz,Blue,3472.1,1693.44,1638.4,0,33.0,1077.6,-153.7,3419.3,0
299.56,jeridinho.,Orange,4035.37,1487.5,395.77,1,33.0,978.2,-517.1,4213.2,0
300.82,ceeebzz,Blue,4984.32,3571.26,508.98,0,33.0,1536.2,1526.7,4852.9,0
300.89,ZAŦH,Orange,4999.15,1777.62,399.18,1,33.0,2270.7,1308.1,5081.3,1
301.76,jeridinho.,Orange,4183.69,1450.98,1486.99,0,33.0,1018.1,1001.5,4048.1,0
304.19,Taha (RLCS PRO BLUE TAG),Blue,2949.54,1077.23,2036.48,0,33.0,1868.7,92.9,2811.3,0
306.32,jeridinho.,Orange,4149.88,2060.55,1182.13,0,33.0,2160.1,-2131.9,4330.1,0
306.59,Taha (RLCS PRO BLUE TAG),Blue,3464.2,2645.18,235.63,0,33.0,2082.2,376.8,3594.9,1
310.39,ceeebzz,Blue,-4233.59,1819.87,1127.73,0,33.0,2151.7,554.4,-4265.7,0
311.82,ZAŦH,Orange,-2683.11,2933.61,1273.8,0,33.0,1063.3,-987.1,-2575.9,1
314.02,ZAŦH,Orange,-4052.14,1826.85,1019.56,0,33.0,1578.5,-938.9,-3841.8,0
10.08,jeridinho.,Orange,0.0,1627.46,631.81,1,33.0,2280.2,2278.6,-212.8,0
10.12,Kripper,Blue,77.0,2718.14,394.6,1,33.0,2286.3,-2197.8,289.2,0
11.05,Taha (RLCS PRO BLUE TAG),Orange,172.48,161.6,500.16,0,33.0,2266.1,2171.9,-22.4,0
16.25,ϟslark,Blue,1730.51,4705.29,1074.8,1,33.0,1729.0,-1660.0,1869.3,0
16.48,jeridinho.,Orange,1389.48,5626.16,330.86,1,33.0,2248.0,2105.9,1180.5,0
18.45,Kripper,Blue,4643.88,4160.02,489.12,0,33.0,2187.7,1782.9,4462.3,1
20.72,Kripper,Blue,2800.84,958.88,445.07,0,33.0,2079.5,-2079.0,2978.3,1
22.11,Kripper,Blue,-145.25,2391.21,373.33,1,33.0,2262.4,-2217.9,-104.7,0
22.95,Taha (RLCS PRO BLUE TAG),Orange,-1587.26,570.17,227.5,0,33.0,2157.3,945.2,-1758.3,0
25.38,ϟslark,Blue,497.57,4624.12,2126.22,0,33.0,2038.9,981.0,451.5,1
27.68,ϟslark,Blue,3020.51,1180.26,1256.97,0,33.0,1811.0,982.6,3059.8,1
30.41,ϟslark,Blue,3042.37,3174.47,405.27,1,33.0,1764.7,-1749.4,3182.2,0
45.72,Taha (RLCS PRO BLUE TAG),Orange,-13.52,1164.6,419.75,1,33.0,2247.1,2237.5,-252.6,0
45.72,ϟslark,Blue,-13.52,1169.65,419.75,0,33.0,2281.2,-2280.2,167.1,0
46.46,jeridinho.,Orange,-99.58,740.22,427.49,0,33.0,1925.9,1326.1,-249.8,0
46.56,Kripper,Blue,-14.45,523.6,219.25,0,33.0,2153.0,-1543.4,78.3,0
50.62,jeridinho.,Orange,3402.0,5859.28,126.96,0,33.0,2197.6,1895.3,3335.1,0
51.96,ϟslark,Blue,4437.71,1468.63,1402.46,0,33.0,2299.4,-1192.5,4507.1,1
54.19,ϟslark,Blue,2983.48,2428.22,2229.16,0,33.0,1409.5,-155.2,3058.8,1
56.42,Kripper,Blue,-176.29,457.54,1024.71,0,33.0,2298.6,-2293.8,17.0,0
56.59,Taha (RLCS PRO BLUE TAG),Orange,-568.83,3133.96,385.91,0,33.0,2274.7,1383.8,-707.0,1
61.29,jeridinho.,Orange,-4008.56,4916.72,2102.13,0,33.0,1740.7,1648.1,-4155.9,1
62.76,jeridinho.,Orange,-1478.22,1471.82,1151.0,0,33.0,2270.5,1962.5,-1605.1,1
63.16,Taha (RLCS PRO BLUE TAG),Orange,-716.66,191.15,936.51,1,33.0,1833.9,486.1,-799.6,0
65.42,Kripper,Blue,4148.33,1994.92,643.8,0,33.0,1228.0,313.9,4088.8,0
65.59,jeridinho.,Orange,3809.08,6129.33,426.27,1,33.0,2252.6,1682.9,3716.9,0
68.52,ϟslark,Blue,2940.33,1492.42,2658.54,0,33.0,635.5,-613.0,3060.9,0
69.72,Taha (RLCS PRO BLUE TAG),Orange,1583.39,2651.6,488.66,1,33.0,2055.1,441.1,1412.9,0
69.79,Kripper,Blue,1589.65,800.15,281.34,0,33.0,1717.5,-1714.3,1717.3,0
71.92,jeridinho.,Orange,-1824.91,4443.6,1002.91,0,33.0,954.2,-453.5,-1912.0,1
74.79,jeridinho.,Orange,-1502.14,2029.85,1516.74,1,33.0,1253.8,831.6,-1707.0,1
75.62,jeridinho.,Orange,-742.05,1816.99,1445.54,1,33.0,1491.7,1432.8,-859.2,1
76.42,jeridinho.,Orange,844.34,3915.0,768.47,1,33.0,2176.5,2176.3,603.7,0
77.09,Kripper,Blue,2282.11,1381.99,318.92,0,33.0,2198.9,2067.7,2282.4,1
79.48,Kripper,Blue,3454.43,2139.44,4492.3,0,33.0,833.6,-612.6,3611.7,1
80.75,Kripper,Blue,2502.4,1908.44,2508.74,0,33.0,1240.1,-1089.0,2705.7,0
81.38,Taha (RLCS PRO BLUE TAG),Orange,1403.04,5861.8,515.32,0,33.0,1862.0,1775.5,1268.8,0
83.68,ϟslark,Blue,-1796.42,1338.99,1597.37,0,33.0,2280.7,-2225.9,-1621.1,0
85.45,Taha (RLCS PRO BLUE TAG),Orange,-3841.04,2156.83,273.99,1,33.0,2115.6,-1780.5,-3703.7,1
88.88,jeridinho.,Orange,-2881.2,4708.32,1598.98,1,33.0,1788.9,871.2,-3007.1,0
90.95,Kripper,Blue,-1187.4,917.02,487.65,1,33.0,402.1,-399.6,-939.0,0
91.02,jeridinho.,Orange,-1145.31,3757.21,408.63,1,33.0,1026.5,1005.4,-1367.1,0
91.95,ϟslark,Blue,-172.57,1084.92,555.19,0,33.0,2275.2,2266.6,-23.2,0
92.58,jeridinho.,Orange,432.62,2086.36,397.61,1,33.0,1808.4,1496.9,345.9,1
93.61,jeridinho.,Orange,1953.97,1741.77,1989.51,1,33.0,2230.8,1501.5,1811.5,0
94.98,ϟslark,Blue,4137.99,3172.45,451.77,0,33.0,1580.9,-977.5,4361.6,1
96.31,Kripper,Blue,3466.7,3526.34,3863.05,0,33.0,1878.4,-1481.5,3657.2,1
98.85,Kripper,Blue,-1928.51,3575.18,1649.26,1,33.0,2153.9,-2152.5,-1727.2,0
100.01,Taha (RLCS PRO BLUE TAG),Orange,-4570.13,2672.3,570.08,0,33.0,1422.7,-767.0,-4725.6,0
100.11,Kripper,Blue,-4645.78,2921.04,424.35,1,33.0,2296.5,-2204.0,-4508.5,1
101.98,ϟslark,Blue,-5120.74,1535.83,548.66,0,33.0,2106.7,-1125.9,-4991.6,0
111.78,jeridinho.,Orange,18.82,1555.81,414.54,1,33.0,1975.1,1682.4,-111.5,0
111.81,Kripper,Blue,116.37,1957.3,385.36,0,33.0,2286.6,-2044.9,301.5,1
114.81,ϟslark,Blue,4358.87,3684.9,680.86,0,33.0,229.8,-162.7,4548.9,1
115.95,ϟslark,Blue,3656.04,3015.21,89.69,0,33.0,1322.3,-1199.0,3850.2,1
117.18,ϟslark,Blue,2233.26,1775.94,1691.01,0,33.0,1395.0,-1380.4,2338.5,0
121.15,jeridinho.,Orange,-3953.06,4175.75,169.78,0,33.0,1705.4,-86.3,-4013.7,1
122.45,jeridinho.,Orange,-3972.81,4197.23,2020.41,0,33.0,2176.5,936.5,-4154.7,1
123.38,jeridinho.,Orange,-2939.83,2550.39,1566.84,0,33.0,2080.5,1196.0,-3010.7,1
126.51,Taha (RLCS PRO BLUE TAG),Orange,2820.82,628.57,655.32,0,33.0,1339.7,992.1,2791.4,0
126.61,ϟslark,Blue,3022.12,969.19,444.07,0,33.0,2298.8,1321.5,3026.0,1
129.11,Kripper,Blue,3380.21,278.69,1043.8,0,33.0,1292.5,-1257.6,3497.3,0
132.65,jeridinho.,Orange,-2757.14,5782.52,589.28,0,33.0,1987.9,1807.4,-2886.1,1
134.68,Taha (RLCS PRO BLUE TAG),Orange,261.97,2182.18,221.41,1,33.0,999.7,-999.4,386.9,0
135.65,ϟslark,Blue,1244.23,1227.41,595.12,0,33.0,2295.3,-1819.1,1382.5,0
137.61,Taha (RLCS PRO BLUE TAG),Orange,-4114.45,8458.53,1145.14,0,33.0,787.4,672.9,-4276.8,1
139.65,Taha (RLCS PRO BLUE TAG),Orange,-1721.89,3862.67,1705.18,0,33.0,1601.2,1512.7,-1885.1,0
142.01,Kripper,Blue,2516.76,2284.1,539.15,0,33.0,1083.3,-982.6,2698.5,0
145.51,jeridinho.,Orange,-925.24,7788.37,1337.54,0,33.0,1919.0,1726.5,-1105.0,0
148.81,ϟslark,Blue,4908.05,4360.97,1368.47,0,33.0,1299.6,-24.0,5102.0,1
149.84,ϟslark,Blue,4164.62,3545.86,537.37,0,33.0,1182.4,-1101.1,4408.4,1
152.41,ϟslark,Blue,2920.08,711.81,307.44,0,33.0,749.6,194.9,2825.9,0
152.51,Taha (RLCS PRO BLUE TAG),Orange,2892.03,1206.21,110.72,1,33.0,2215.2,2182.6,2741.4,0
152.61,Kripper,Blue,3031.51,2140.05,148.12,0,33.0,1927.4,-1306.8,2964.3,0
155.84,jeridinho.,Orange,4557.96,1075.08,626.32,0,33.0,1774.8,1600.0,4331.8,0
168.07,Kripper,Blue,4.08,1894.3,424.05,0,33.0,348.6,-328.8,163.0,0
168.1,jeridinho.,Orange,-3.47,1545.13,309.91,1,33.0,1133.0,-32.6,-142.9,0
170.87,ϟslark,Blue,-64.14,176.1,302.43,0,33.0,2142.9,-1768.0,-38.0,1
173.5,ϟslark,Blue,-3373.82,3413.18,747.74,1,33.0,1484.7,-296.3,-3317.0,0
173.7,Taha (RLCS PRO BLUE TAG),Orange,-3689.54,1081.08,578.87,0,33.0,2299.3,1272.8,-3848.5,1
176.1,jeridinho.,Orange,-4754.11,4440.95,2353.72,0,33.0,2268.7,-124.3,-4624.8,0
178.37,Kripper,Blue,-2622.32,1102.43,269.04,1,33.0,1160.2,383.6,-2621.3,0
181.9,jeridinho.,Orange,-1063.89,312.28,324.14,0,33.0,1265.1,-1196.0,-1079.0,0
181.9,Kripper,Blue,-1063.89,1490.8,324.14,0,33.0,1922.2,120.8,-981.6,1
182.83,ϟslark,Blue,-425.6,1950.33,1464.03,0,33.0,2211.3,-663.6,-243.5,1
184.37,ϟslark,Blue,-1512.08,1586.37,261.4,0,33.0,2131.8,-1652.5,-1375.9,1
185.9,ϟslark,Blue,-4308.49,2448.32,1251.1,1,33.0,2187.4,-1782.5,-4089.5,0
187.97,Taha (RLCS PRO BLUE TAG),Orange,-4961.14,580.1,664.63,0,33.0,1768.2,332.3,-5082.2,1
189.83,Taha (RLCS PRO BLUE TAG),Orange,-3331.1,716.18,705.53,0,33.0,1519.0,1202.7,-3499.8,0
191.27,Kripper,Blue,-1279.39,1686.57,567.35,0,33.0,2166.2,-938.4,-1105.1,1
193.63,Kripper,Blue,-3369.3,3061.74,680.75,1,33.0,1270.0,-1093.3,-3277.0,0
195.13,jeridinho.,Orange,-4987.92,2619.16,513.92,0,33.0,955.0,-12.3,-5105.1,0
198.43,ϟslark,Blue,-1228.61,602.58,3606.96,0,33.0,1602.6,-1486.9,-1033.5,1
200.23,ϟslark,Blue,-4129.16,2503.33,1458.1,1,33.0,1991.7,-1964.6,-4023.6,0
201.73,jeridinho.,Orange,-3785.97,1296.81,660.33,0,33.0,1615.3,1588.9,-3976.4,1
203.73,jeridinho.,Orange,-70.71,2565.18,1306.1,1,33.0,2275.5,2152.6,-215.6,1
205.13,jeridinho.,Orange,2338.2,3799.87,416.73,1,33.0,1056.7,814.5,2403.5,0
208.23,Kripper,Blue,3909.33,3046.32,710.45,0,33.0,1221.5,-1044.3,4062.1,1
210.0,ϟslark,Blue,3792.36,229.8,226.94,0,33.0,1312.9,-334.0,3917.6,1
210.9,ϟslark,Blue,2908.66,966.88,731.26,0,33.0,2087.5,-1866.2,3093.6,0
212.99,Taha (RLCS PRO BLUE TAG),Orange,-1600.81,1381.8,1165.49,0,33.0,1262.0,-63.4,-1734.3,1
214.16,Taha (RLCS PRO BLUE TAG),Orange,-1658.58,522.74,784.88,0,33.0,2125.0,1236.4,-1782.1,1
215.83,Taha (RLCS PRO BLUE TAG),Orange,-225.51,771.91,176.87,1,33.0,1889.1,566.4,-284.6,0
218.56,Kripper,Blue,4248.28,421.14,3881.97,0,33.0,1615.7,-1552.0,4386.6,0
220.59,Taha (RLCS PRO BLUE TAG),Orange,-417.72,284.52,1691.47,0,33.0,822.8,539.5,-590.8,0
223.19,ϟslark,Blue,2015.46,2667.09,2487.05,0,33.0,330.9,-328.8,2155.3,1
225.69,ϟslark,Blue,641.66,1325.7,1700.41,0,33.0,1420.4,-993.4,772.8,1
226.13,Kripper,Blue,155.27,250.23,663.2,0,33.0,1654.0,-754.2,344.8,0
226.19,jeridinho.,Orange,68.66,3591.14,357.07,1,33.0,2208.4,1859.5,-107.7,1
229.56,jeridinho.,Orange,4551.42,4313.67,1387.19,1,33.0,1931.4,242.2,4430.9,1
243.03,Taha (RLCS PRO BLUE TAG),Orange,0.0,1613.12,597.67,1,33.0,2228.7,1781.8,-229.9,0
244.9,ϟslark,Blue,4492.95,3366.18,2090.5,0,33.0,1748.5,-374.5,4671.6,0
246.73,Taha (RLCS PRO BLUE TAG),Orange,4182.08,3946.77,276.37,1,33.0,179.4,-50.7,4176.8,1
248.86,jeridinho.,Orange,4232.26,1975.82,85.18,1,33.0,2271.0,1987.8,4096.9,1
253.33,Taha (RLCS PRO BLUE TAG),Orange,1402.97,1438.31,1387.55,1,33.0,2254.5,2167.9,1197.3,0
254.56,ϟslark,Blue,4387.8,539.5,1167.26,0,33.0,87.7,-62.0,4534.2,1
257.0,ϟslark,Blue,3253.9,773.73,3557.4,0,33.0,1412.3,-1411.3,3359.6,1
259.03,ϟslark,Blue,123.83,481.46,1157.94,0,33.0,1948.2,-1906.8,274.5,0
260.43,jeridinho.,Orange,-2663.09,1200.96,310.29,0,33.0,2277.7,-593.0,-2689.5,0
263.96,Kripper,Blue,-3027.45,1374.92,453.02,1,33.0,1600.2,-1509.1,-2866.1,1
266.06,Kripper,Blue,-4764.6,3274.74,561.25,1,33.0,1737.6,1120.7,-4858.0,1
266.86,ϟslark,Blue,-2213.27,505.26,739.77,0,33.0,1885.8,-1692.9,-2013.9,0
269.19,jeridinho.,Orange,-1040.61,4209.04,1146.68,0,33.0,2278.6,2277.8,-1199.2,0
271.39,Kripper,Blue,4554.64,3176.61,2380.9,0,33.0,2232.8,2212.7,4465.7,1
272.39,ϟslark,Blue,3715.56,1565.84,793.68,0,33.0,2292.0,2217.4,3537.2,0
275.43,jeridinho.,Orange,2430.0,1672.91,1458.46,1,33.0,258.2,235.9,2253.4,1
276.49,Taha (RLCS PRO BLUE TAG),Orange,2911.41,1303.76,1186.65,1,33.0,2276.8,2265.3,2720.1,0
277.12,ϟslark,Blue,5055.49,2019.5,1311.63,0,33.0,1148.5,-695.1,5210.6,0
295.45,jeridinho.,Orange,0.0,1626.07,468.04,0,33.0,2280.3,2279.4,-201.3,0
295.48,Kripper,Blue,16.99,1028.01,374.45,0,33.0,2284.7,-2209.0,211.0,0
298.28,Taha (RLCS PRO BLUE TAG),Orange,-1387.69,599.78,987.42,0,33.0,1456.2,-1455.9,-1286.0,0
298.91,ϟslark,Blue,-1573.3,1251.24,374.71,0,33.0,1862.7,-1503.2,-1438.9,0
301.14,jeridinho.,Orange,-4876.87,2924.99,232.9,0,33.0,2059.4,969.3,-4950.7,1
305.01,jeridinho.,Orange,1722.87,1231.94,738.91,0,33.0,2260.5,2260.3,1513.7,1
307.31,Taha (RLCS PRO BLUE TAG),Orange,3964.92,1357.12,534.58,0,33.0,2056.0,-922.7,3935.3,0
309.78,ϟslark,Blue,3023.87,867.96,1111.48,0,33.0,2300.0,-2137.0,3216.6,0
310.04,Taha (RLCS PRO BLUE TAG),Orange,2540.54,2329.49,145.02,1,33.0,2260.6,1682.5,2537.0,0
313.44,ϟslark,Blue,-2114.15,1179.81,344.51,0,33.0,1806.5,-1628.0,-2057.4,0
314.61,jeridinho.,Orange,-3935.65,2228.63,584.53,0,33.0,823.5,819.6,-4075.1,0
317.18,Kripper,Blue,-3433.17,1985.78,599.83,1,33.0,817.5,-504.9,-3251.6,0
319.31,jeridinho.,Orange,-4961.05,513.99,606.77,0,33.0,2276.3,-1558.4,-4850.9,0
319.44,Kripper,Blue,-4976.37,2352.28,346.87,1,33.0,1124.9,-817.0,-4913.8,0
320.28,Taha (RLCS PRO BLUE TAG),Orange,-4177.82,662.73,1035.52,0,33.0,2197.8,919.9,-4318.7,0
320.58,ϟslark,Blue,-3857.58,1811.57,326.36,0,33.0,1786.9,-1234.9,-3720.8,0
322.37,jeridinho.,Orange,-1772.8,1043.08,491.08,0,33.0,2269.5,1870.9,-1938.0,0
324.11,Kripper,Blue,2400.84,3168.92,300.62,0,33.0,2295.5,1978.6,2334.8,0
10.47,Juroh,Blue,19.49,1766.33,602.96,0,33.0,2282.4,1622.7,-108.6,0
10.5,ren,Orange,158.13,1805.26,412.97,0,33.0,2274.8,-1654.4,292.8,0
12.6,HEXZIYY,Blue,1719.74,2021.28,1346.55,0,33.0,1406.4,1404.4,1523.1,1
31.36,HEXZIYY,Blue,0.0,1751.96,601.83,0,33.0,2275.8,1773.1,-225.9,0
31.4,Taha (RLCS PRO BLUE TAG),Orange,0.0,835.64,457.39,0,33.0,2264.6,-1663.9,192.4,1
32.1,ren,Orange,266.77,730.16,700.64,1,33.0,1680.1,-1482.8,420.1,0
32.2,Juroh,Blue,20.53,598.29,567.39,1,33.0,2245.1,2244.9,-166.7,0
37.73,ren,Orange,4789.8,3252.04,3567.77,1,33.0,227.9,138.4,4895.3,0
38.96,HEXZIYY,Blue,4183.15,4370.79,784.93,0,33.0,2261.8,1998.0,4072.4,0
40.39,Taha (RLCS PRO BLUE TAG),Orange,4316.3,1620.28,572.16,1,33.0,578.8,-425.4,4305.5,1
43.63,ren,Orange,1692.94,553.64,1538.85,0,33.0,1875.6,-1248.1,1847.3,0
44.96,Juroh,Blue,-1980.07,3736.67,2382.65,1,33.0,1844.0,929.5,-2089.4,0
47.56,Taha (RLCS PRO BLUE TAG),Orange,-668.37,4687.1,447.04,0,33.0,1046.9,-935.2,-574.5,0
51.19,Juroh,Blue,-4443.25,1701.46,383.03,0,33.0,920.5,920.0,-4549.8,0
51.26,Taha (RLCS PRO BLUE TAG),Orange,-4379.63,2897.29,283.85,0,33.0,1243.5,-225.8,-4362.6,1
53.06,ren,Orange,-2162.57,2639.27,2146.46,0,33.0,504.5,-399.5,-2032.4,1
54.56,ren,Orange,-2834.99,2159.59,1587.27,0,33.0,1101.7,-616.7,-2708.7,0
57.19,HEXZIYY,Blue,-4923.37,556.38,421.14,0,33.0,1096.4,-153.8,-4996.2,1
57.29,Juroh,Blue,-4981.81,498.72,237.78,1,33.0,698.5,-583.0,-5057.6,1
59.29,HEXZIYY,Blue,-4196.93,455.18,784.76,0,33.0,910.4,774.6,-4354.1,0
62.32,Taha (RLCS PRO BLUE TAG),Orange,233.26,724.46,45.42,0,33.0,740.4,616.4,462.2,0
63.79,Juroh,Blue,660.1,2222.1,672.26,0,33.0,2296.1,1166.9,590.0,0
65.55,Taha (RLCS PRO BLUE TAG),Orange,2408.53,3445.04,1363.83,0,33.0,1959.4,343.4,2523.6,1
67.72,Taha (RLCS PRO BLUE TAG),Orange,1026.92,2129.08,781.62,0,33.0,2157.9,-824.1,1029.2,0
67.82,HEXZIYY,Blue,984.12,1308.47,348.52,0,33.0,2288.8,2197.9,781.5,0
72.42,ren,Orange,3279.27,2891.16,1662.0,1,33.0,1152.0,-1142.5,3387.6,1
74.52,ren,Orange,91.2,2783.45,1441.57,1,33.0,2012.2,-1901.6,159.9,1
75.39,ren,Orange,-1568.68,2576.62,1309.65,0,33.0,2094.0,-1970.7,-1479.8,0
76.05,HEXZIYY,Blue,-2967.5,1524.15,249.02,0,33.0,1143.7,-194.7,-3047.2,1
77.65,HEXZIYY,Blue,-4119.81,1162.6,597.69,0,33.0,1257.8,-779.6,-4255.4,0
78.62,ren,Orange,-4541.45,1788.89,530.0,0,33.0,1799.5,63.8,-4503.6,0
79.32,HEXZIYY,Blue,-5008.36,1259.2,844.02,1,33.0,708.3,-73.0,-5103.8,0
80.12,ren,Orange,-4057.96,2081.85,800.92,0,33.0,925.4,849.6,-3918.7,0
81.05,HEXZIYY,Blue,-3065.7,2254.45,476.2,0,33.0,2041.0,1782.1,-3266.5,0
83.35,Taha (RLCS PRO BLUE TAG),Orange,2587.65,3766.06,2714.66,1,33.0,1449.6,-1345.6,2790.2,0
86.18,Juroh,Blue,-1112.7,2466.4,559.48,0,33.0,1240.4,1070.8,-1246.2,1
89.28,Juroh,Blue,4449.69,4285.53,1507.95,0,33.0,1450.8,1353.6,4368.8,0
90.58,ren,Orange,4480.96,2562.88,426.36,0,33.0,1141.9,-816.2,4623.9,0
90.68,Juroh,Blue,4296.93,4196.04,301.28,0,33.0,1354.5,-335.3,4418.3,1
93.21,HEXZIYY,Blue,-1082.55,1389.36,759.92,1,33.0,440.8,-314.6,-1279.5,0
93.41,ren,Orange,-1062.22,2975.27,308.71,0,33.0,2298.5,-2288.1,-1072.1,1
95.05,Taha (RLCS PRO BLUE TAG),Orange,-179.98,2891.29,405.65,1,33.0,1864.2,-493.7,-32.2,1
98.11,Taha (RLCS PRO BLUE TAG),Orange,-2537.3,3314.4,2409.4,0,33.0,877.3,-701.0,-2324.5,1
100.58,Taha (RLCS PRO BLUE TAG),Orange,-4883.41,2450.9,506.11,0,33.0,1447.5,-1399.5,-4731.2,1
101.88,Taha (RLCS PRO BLUE TAG),Orange,-4683.91,1789.92,794.23,0,33.0,954.6,652.4,-4690.3,0
103.61,HEXZIYY,Blue,-4594.44,2460.34,1145.52,1,33.0,599.1,597.1,-4675.9,1
104.65,HEXZIYY,Blue,-3998.17,4219.22,1088.73,1,33.0,681.5,618.6,-4073.0,1
105.55,HEXZIYY,Blue,-3131.08,3530.76,1638.91,1,33.0,1312.2,1250.2,-3240.2,1
106.78,HEXZIYY,Blue,-1582.92,1750.66,1577.9,1,33.0,1296.9,1198.9,-1595.1,0
111.31,ren,Orange,3947.55,1020.43,2563.76,0,33.0,993.9,-491.6,4148.4,1
112.64,ren,Orange,2601.32,818.26,636.42,0,33.0,1213.9,-1209.8,2795.9,0
112.78,Juroh,Blue,2468.26,2382.15,496.84,0,33.0,1103.7,65.8,2253.9,0
115.54,Taha (RLCS PRO BLUE TAG),Orange,-855.4,1416.87,662.77,0,33.0,2234.2,-1956.8,-707.1,1
116.94,Taha (RLCS PRO BLUE TAG),Orange,-3029.57,2179.54,1137.64,0,33.0,1721.6,-1645.5,-2941.6,0
118.01,HEXZIYY,Blue,-4930.13,5035.3,452.89,1,33.0,82.8,-1.3,-5102.6,0
118.11,Taha (RLCS PRO BLUE TAG),Orange,-4809.64,2867.33,255.57,0,33.0,2104.4,-1673.6,-4847.3,1
119.38,ren,Orange,-3456.95,1772.03,1980.29,0,33.0,1657.9,-1642.7,-3252.0,0
119.91,Juroh,Blue,-4775.01,265.24,139.71,0,33.0,1612.2,446.6,-4835.4,0
131.0,Taha (RLCS PRO BLUE TAG),Orange,-48.81,752.86,456.92,0,33.0,2010.4,-1967.0,126.4,0
131.03,HEXZIYY,Blue,-47.16,1855.89,320.0,0,33.0,271.3,264.9,-193.6,0
131.26,ren,Orange,-174.26,582.71,623.15,0,33.0,880.8,-875.0,-115.9,0
133.13,Juroh,Blue,-1201.09,1527.85,1172.19,1,33.0,2200.0,352.9,-1425.5,1
135.9,Juroh,Blue,1120.95,1065.07,382.06,0,33.0,1095.9,999.9,1073.6,0
136.03,ren,Orange,1234.51,1795.38,243.83,0,33.0,735.1,-487.4,1390.7,0
137.43,Juroh,Blue,2386.68,1773.39,496.76,0,33.0,1181.0,1094.9,2214.6,0
138.16,ren,Orange,3224.63,534.34,310.91,0,33.0,2046.3,2042.9,3093.4,1
139.46,ren,Orange,5023.54,1735.99,1435.76,1,33.0,941.8,-6.8,5103.3,1
140.23,ren,Orange,4580.45,2490.99,1830.98,1,33.0,1437.2,-1026.2,4779.9,1
141.26,ren,Orange,2957.45,3314.15,2013.15,1,33.0,1895.5,-1895.0,3136.2,1
142.43,ren,Orange,1509.9,3324.12,1624.97,1,33.0,1450.3,-1261.7,1607.1,0
144.53,HEXZIYY,Blue,-1339.95,2127.52,311.93,0,33.0,958.8,-612.2,-1433.7,0
145.43,ren,Orange,-2373.37,2224.06,530.71,0,33.0,1997.1,-733.1,-2310.7,0
145.66,Juroh,Blue,-2651.43,812.59,409.95,1,33.0,2142.3,1523.8,-2820.2,1
149.39,Juroh,Blue,1685.78,1896.71,2155.95,0,33.0,2274.7,1867.0,1601.4,0
150.33,Taha (RLCS PRO BLUE TAG),Orange,3849.86,1723.36,1167.36,0,33.0,1689.3,553.1,3979.8,1
152.56,Taha (RLCS PRO BLUE TAG),Orange,3931.34,3223.21,3987.92,1,33.0,2218.8,-568.1,4070.3,0
154.59,HEXZIYY,Blue,2607.59,2613.99,264.54,0,33.0,1663.2,1663.2,2544.2,0
156.06,Taha (RLCS PRO BLUE TAG),Orange,1356.99,3240.81,1157.63,0,33.0,1273.9,-1273.2,1441.9,1
157.72,Taha (RLCS PRO BLUE TAG),Orange,352.77,2133.29,529.83,0,33.0,883.9,-877.9,562.1,0
157.96,HEXZIYY,Blue,178.4,228.71,397.81,0,33.0,694.1,-296.0,42.7,1
158.09,Juroh,Blue,34.9,200.13,379.08,0,33.0,430.1,62.2,-165.7,1
159.79,HEXZIYY,Blue,-2760.74,2778.33,873.03,1,33.0,2214.8,-2197.2,-2552.2,1
160.86,HEXZIYY,Blue,-4899.63,5061.54,517.18,1,33.0,2300.0,-2189.7,-4817.3,0
162.92,ren,Orange,-2508.67,2395.66,2089.59,0,33.0,2042.2,34.2,-2371.7,1
164.89,Taha (RLCS PRO BLUE TAG),Orange,-4476.87,3774.9,954.99,0,33.0,215.3,-172.7,-4390.2,1
167.56,Taha (RLCS PRO BLUE TAG),Orange,-3936.92,1102.64,1004.6,0,33.0,1293.9,362.0,-4019.0,0
168.22,HEXZIYY,Blue,-3780.1,438.01,345.9,0,33.0,1263.2,1129.5,-3905.2,0
169.85,ren,Orange,-2050.53,3720.83,276.29,0,33.0,1494.4,-10.7,-1945.4,1
170.59,ren,Orange,-2025.64,4695.49,494.46,0,33.0,1550.4,-153.4,-1967.7,1
173.09,ren,Orange,-3203.67,4697.13,1735.19,0,33.0,1374.6,-704.7,-3155.7,0
174.39,Juroh,Blue,-4169.01,1045.14,79.8,0,33.0,795.5,-779.9,-4096.0,1
174.92,HEXZIYY,Blue,-4564.31,948.79,308.12,1,33.0,1459.9,1208.6,-4747.2,0
176.89,Taha (RLCS PRO BLUE TAG),Orange,-1950.08,1636.55,1111.66,0,33.0,1767.8,-381.4,-1749.8,1
178.05,ren,Orange,-3421.1,2899.5,1450.48,0,33.0,642.6,334.2,-3543.3,0
178.95,Juroh,Blue,-4397.43,1497.78,1237.38,1,33.0,2153.2,81.3,-4542.2,1
181.05,Juroh,Blue,-2875.59,1369.57,730.25,0,33.0,1380.7,126.0,-3010.7,0
183.28,Taha (RLCS PRO BLUE TAG),Orange,-595.4,753.62,305.98,0,33.0,1308.1,-385.8,-497.7,0
183.32,Juroh,Blue,-662.65,1756.88,210.16,0,33.0,1458.5,1317.1,-668.9,1
187.28,HEXZIYY,Blue,-4111.85,4863.66,927.22,1,33.0,307.1,182.4,-4285.3,0
187.52,Taha (RLCS PRO BLUE TAG),Orange,-3934.37,3239.58,527.56,0,33.0,2125.0,-875.9,-3729.3,0
189.18,HEXZIYY,Blue,-4515.22,4952.56,1571.37,1,33.0,746.1,-742.9,-4317.8,1
191.32,HEXZIYY,Blue,-4860.74,1276.39,913.11,1,33.0,809.6,525.9,-4925.5,1
192.32,HEXZIYY,Blue,-4204.29,859.38,818.38,0,33.0,1593.9,701.2,-4283.3,0
193.05,ren,Orange,-3634.57,1163.07,378.85,0,33.0,844.6,204.7,-3575.9,1
195.22,Taha (RLCS PRO BLUE TAG),Orange,1218.97,2242.94,1159.35,1,33.0,1080.2,1080.2,1203.7,1
198.01,Taha (RLCS PRO BLUE TAG),Orange,5022.26,4630.38,5117.33,1,33.0,368.1,-0.3,5103.0,1
199.65,Taha (RLCS PRO BLUE TAG),Orange,4089.46,1952.48,4326.95,1,33.0,1018.0,-1007.3,4269.1,1
200.85,Taha (RLCS PRO BLUE TAG),Orange,2330.44,822.07,2365.07,0,33.0,1656.7,-1642.9,2438.3,0
202.85,HEXZIYY,Blue,-1603.02,2215.63,238.95,0,33.0,1245.4,-870.4,-1615.0,0
207.15,ren,Orange,-2313.65,1030.78,1942.18,0,33.0,1119.1,-778.0,-2168.8,1
208.41,ren,Orange,-3109.79,4320.7,700.87,0,33.0,962.0,-764.7,-3040.3,1
210.45,ren,Orange,-4959.45,4827.01,1698.85,0,33.0,1307.1,-1067.2,-4822.6,0
212.11,Juroh,Blue,-3490.44,4968.64,1265.63,1,33.0,1898.6,1745.2,-3647.5,1
214.34,Juroh,Blue,444.45,601.46,920.12,0,33.0,2280.1,1882.3,199.3,1
215.81,HEXZIYY,Blue,3196.48,889.57,507.32,0,33.0,2226.8,-2223.9,3327.9,1
217.08,Juroh,Blue,4421.04,3548.69,1765.31,0,33.0,1028.4,725.3,4329.7,0
218.01,Taha (RLCS PRO BLUE TAG),Orange,5025.39,2948.1,627.79,1,33.0,708.6,-295.8,5100.5,1
219.74,Taha (RLCS PRO BLUE TAG),Orange,3344.19,718.72,1915.16,0,33.0,1677.2,-1544.1,3491.2,1
220.88,Taha (RLCS PRO BLUE TAG),Orange,1374.19,895.45,1141.23,0,33.0,2066.7,-2015.2,1580.5,1
222.81,Taha (RLCS PRO BLUE TAG),Orange,-2742.61,2497.02,732.33,0,33.0,2231.7,-2180.7,-2598.9,1
235.06,ren,Orange,-23.15,680.97,495.17,0,33.0,2247.2,-1889.7,156.1,0
235.12,Juroh,Blue,-69.13,1285.43,315.32,0,33.0,504.3,-25.8,-221.2,0
237.09,Taha (RLCS PRO BLUE TAG),Orange,-589.54,1370.83,306.0,0,33.0,1300.9,-1130.6,-402.9,0
237.22,HEXZIYY,Blue,-628.24,2560.43,204.05,0,33.0,440.9,23.5,-707.9,1
240.32,Juroh,Blue,-249.79,1625.64,971.34,0,33.0,2227.5,1937.9,-433.4,0
243.26,ren,Orange,4858.06,280.85,1857.2,1,33.0,901.5,-424.8,5007.7,1
246.36,Taha (RLCS PRO BLUE TAG),Orange,3070.08,954.56,1530.58,0,33.0,1581.3,-1574.9,3249.1,1
247.89,Taha (RLCS PRO BLUE TAG),Orange,452.33,1767.17,304.27,0,33.0,2014.4,-1997.3,564.4,0
250.32,HEXZIYY,Blue,-4550.34,134.66,120.31,0,33.0,2294.3,-1521.5,-4640.5,0
251.99,ren,Orange,-4617.81,2150.68,1832.68,0,33.0,945.1,-929.9,-4509.5,1
253.89,ren,Orange,-4724.79,576.49,381.85,0,33.0,2217.8,304.3,-4679.9,0
254.16,HEXZIYY,Blue,-4652.36,145.16,158.13,0,33.0,1437.1,1372.0,-4746.8,1
254.26,Juroh,Blue,-4624.5,195.95,367.59,0,33.0,1187.8,1035.4,-4838.4,0
256.06,Taha (RLCS PRO BLUE TAG),Orange,-4261.51,3700.05,825.21,0,33.0,1526.1,-1272.7,-4106.9,1
267.11,Taha (RLCS PRO BLUE TAG),Orange,0.0,666.19,791.57,0,33.0,2253.3,-1990.2,187.9,0
267.21,HEXZIYY,Blue,-216.01,1765.9,534.98,0,33.0,1355.2,1033.9,-425.3,0
271.11,ren,Orange,-2879.95,2566.39,2079.46,0,33.0,1075.7,-1034.2,-2816.0,1
272.44,ren,Orange,-3694.17,3472.45,1342.1,0,33.0,1137.8,-136.9,-3746.0,0
274.24,Juroh,Blue,-4886.77,140.63,417.46,0,33.0,1625.7,516.6,-5028.6,1
275.31,Juroh,Blue,-4499.12,1297.49,312.58,0,33.0,1913.4,-81.1,-4497.6,0
275.47,ren,Orange,-4393.1,3199.57,164.17,0,33.0,2264.6,-188.5,-4373.9,1
277.97,Taha (RLCS PRO BLUE TAG),Orange,-1022.88,239.7,486.46,0,33.0,1608.8,1211.0,-831.0,0
280.3,HEXZIYY,Blue,1275.55,2101.55,440.65,0,33.0,2118.4,1877.9,1096.4,0
280.4,Taha (RLCS PRO BLUE TAG),Orange,1517.45,1260.21,351.71,0,33.0,2028.2,869.0,1569.9,0
282.24,HEXZIYY,Blue,4199.18,2345.59,546.66,0,33.0,1848.7,988.7,4179.6,0
285.17,Taha (RLCS PRO BLUE TAG),Orange,3538.57,1045.48,1785.92,0,33.0,1256.7,-1137.4,3682.4,1
286.27,Taha (RLCS PRO BLUE TAG),Orange,1976.18,214.0,1361.11,0,33.0,1898.6,-1772.9,2180.7,0
288.67,Juroh,Blue,-2015.29,2934.14,310.53,0,33.0,342.6,-178.6,-2199.7,0
290.6,Taha (RLCS PRO BLUE TAG),Orange,-2523.22,801.08,597.55,0,33.0,2300.0,1999.7,-2591.5,0
293.07,HEXZIYY,Blue,-558.28,2847.01,744.72,0,33.0,2238.6,2225.8,-729.2,0
313.66,ren,Orange,5.28,754.8,427.04,0,33.0,939.2,152.4,168.4,0
313.7,Juroh,Blue,11.78,1719.02,333.38,0,33.0,996.2,-198.5,-162.2,0
314.5,Taha (RLCS PRO BLUE TAG),Orange,266.38,1156.06,68.22,0,33.0,2286.1,-1833.0,447.0,0
314.73,Juroh,Blue,-197.84,287.93,377.23,0,33.0,987.8,-55.8,-333.8,0
317.5,Taha (RLCS PRO BLUE TAG),Orange,-4311.94,4134.49,1156.48,0,33.0,112.7,81.0,-4427.6,1
318.86,Taha (RLCS PRO BLUE TAG),Orange,-3818.37,3521.55,1315.21,0,33.0,961.3,392.8,-3778.5,0
320.19,HEXZIYY,Blue,-3798.57,1522.92,383.27,0,33.0,774.7,751.2,-3931.2,1
323.53,Juroh,Blue,-2960.77,1911.03,2373.0,0,33.0,1455.1,1374.3,-3133.6,0
324.66,Taha (RLCS PRO BLUE TAG),Orange,-1303.45,1613.5,241.23,0,33.0,2296.0,579.0,-1372.7,0
326.86,Juroh,Blue,2889.48,1056.67,452.14,0,33.0,2152.2,2128.0,2739.4,0
327.29,ren,Orange,3931.56,1701.97,598.76,1,33.0,1754.9,-933.4,3930.3,1
342.13,Taha (RLCS PRO BLUE TAG),Orange,19.14,835.68,487.38,0,33.0,2089.7,-1732.6,234.1,0
342.16,HEXZIYY,Blue,41.03,1861.83,334.69,0,33.0,1959.0,1760.3,-94.6,0
344.56,ren,Orange,-2751.08,1645.7,256.61,0,33.0,2148.8,-2118.9,-2590.7,0
355.75,HEXZIYY,Blue,9.12,2108.78,313.58,0,33.0,455.8,185.2,-150.0,0
355.75,Taha (RLCS PRO BLUE TAG),Orange,9.12,726.41,313.58,0,33.0,2286.9,-2282.5,162.0,0
356.89,Juroh,Blue,238.41,204.44,292.22,0,33.0,2291.4,1923.9,62.2,0
358.09,ren,Orange,1610.1,659.76,341.88,0,33.0,1381.7,-629.3,1757.9,0
361.95,HEXZIYY,Blue,-169.0,1768.23,655.28,0,33.0,2094.2,1505.2,-274.0,0
364.52,Taha (RLCS PRO BLUE TAG),Orange,4528.52,2308.92,1507.71,1,33.0,1973.9,1255.4,4592.4,1
365.79,Taha (RLCS PRO BLUE TAG),Orange,4396.03,2850.47,2391.17,1,33.0,2251.6,-2244.6,4550.0,0
367.45,Juroh,Blue,831.52,413.61,1119.77,0,33.0,283.2,124.7,736.8,1
371.32,Juroh,Blue,1217.69,840.8,1299.8,0,33.0,1639.3,176.2,1171.8,1
373.69,Juroh,Blue,1629.04,773.58,1074.14,0,33.0,1852.2,-1834.2,1614.9,1
373.92,HEXZIYY,Blue,1632.04,261.09,830.28,0,33.0,2279.3,1854.2,1448.9,0
375.45,ren,Orange,4616.06,498.76,1547.5,0,33.0,963.4,-779.4,4718.6,1
378.08,ren,Orange,4321.73,1149.49,2685.32,0,33.0,1330.3,-33.5,4293.0,1
379.62,ren,Orange,2944.15,2118.89,1325.4,0,33.0,1408.8,-1174.6,3143.4,0
379.88,HEXZIYY,Blue,2612.64,993.62,413.47,0,33.0,2261.8,894.0,2582.5,1
381.85,Juroh,Blue,962.08,1565.7,566.18,0,33.0,817.4,204.0,809.4,0
383.92,Taha (RLCS PRO BLUE TAG),Orange,1676.75,1131.21,252.11,0,33.0,1330.0,-992.1,1837.5,0
384.98,HEXZIYY,Blue,430.23,1338.39,368.67,0,33.0,523.0,278.6,250.6,1
386.88,HEXZIYY,Blue,1796.25,226.59,1445.03,0,33.0,1980.3,1280.6,1596.0,1
387.98,HEXZIYY,Blue,3542.44,712.41,542.69,0,33.0,1229.3,1227.9,3401.3,1
388.88,HEXZIYY,Blue,4630.9,1943.78,866.69,0,33.0,1798.3,1271.0,4568.0,0
389.52,ren,Orange,5025.45,1959.93,379.64,1,33.0,682.9,-392.8,5044.1,1
391.71,ren,Orange,3648.59,66.49,1139.59,0,33.0,1413.5,-1162.8,3762.2,0
392.78,Juroh,Blue,2423.6,549.75,477.58,0,33.0,1360.5,325.2,2283.3,0
394.52,Taha (RLCS PRO BLUE TAG),Orange,4029.78,2338.58,927.81,1,33.0,174.6,-148.5,4127.8,0
395.99,HEXZIYY,Blue,3008.38,1042.37,580.98,0,33.0,2288.6,-400.7,3004.7,1
398.09,HEXZIYY,Blue,1803.03,1020.31,1791.56,0,33.0,106.7,106.7,1678.3,1
399.79,HEXZIYY,Blue,2352.94,793.21,1591.59,0,33.0,1068.0,717.7,2177.7,0
401.59,Taha (RLCS PRO BLUE TAG),Orange,4140.65,350.49,334.25,0,33.0,957.6,-661.8,4225.2,0
10.05,Toastie,Orange,-37.7,1483.08,369.62,0,33.0,1954.0,-1460.2,132.1,0
10.05,Tommer,Blue,-37.7,1008.83,369.62,0,33.0,2148.4,1984.7,-230.9,0
11.62,Toastie,Orange,-111.57,708.3,312.36,0,33.0,1831.9,-278.2,-30.4,0
13.09,Eclipse.µµ,Blue,-432.07,5529.49,1192.29,0,33.0,82.7,82.7,-554.2,1
14.52,Eclipse.µµ,Blue,-50.61,6672.77,333.53,0,33.0,903.8,241.8,-63.0,0
17.15,Taha (RLCS PRO BLUE TAG),Orange,1471.69,4893.9,410.13,0,33.0,736.9,-506.5,1638.5,1
19.55,Taha (RLCS PRO BLUE TAG),Orange,-1099.92,3198.15,1052.41,0,33.0,1939.3,-1926.4,-1035.9,1
21.45,Taha (RLCS PRO BLUE TAG),Orange,-4980.38,3623.9,1684.75,0,33.0,2279.0,-2160.4,-4933.7,1
22.75,Toastie,Orange,-3529.97,1936.54,1658.42,1,33.0,1542.6,-1335.0,-3321.4,0
23.62,Tommer,Blue,-4880.38,439.38,329.17,0,33.0,714.0,236.9,-4684.4,0
23.82,Toastie,Orange,-4762.14,2947.7,278.48,0,33.0,1735.9,-1256.1,-4710.4,0
24.89,Eclipse.µµ,Blue,-4197.54,2030.74,900.17,0,33.0,2281.3,1159.5,-4394.3,1
27.52,Eclipse.µµ,Blue,-401.59,3251.09,425.77,0,33.0,1769.2,1744.2,-547.3,1
29.42,Eclipse.µµ,Blue,2644.86,2678.89,1284.11,0,33.0,1917.7,1667.8,2590.7,0
30.75,Taha (RLCS PRO BLUE TAG),Orange,4843.8,316.11,549.49,0,33.0,994.3,-380.8,5070.2,0
31.72,Tommer,Blue,3960.95,1727.12,868.67,1,33.0,2024.8,1808.8,3715.7,0
31.88,Taha (RLCS PRO BLUE TAG),Orange,4200.19,651.81,477.12,0,33.0,1815.7,-1780.7,4431.9,1
34.55,Taha (RLCS PRO BLUE TAG),Orange,860.66,2003.11,3760.07,0,33.0,2050.8,-1480.8,1064.6,1
35.55,Taha (RLCS PRO BLUE TAG),Orange,-771.93,1893.39,3936.74,0,33.0,2095.7,-2074.6,-687.4,0
37.72,Tommer,Blue,-4786.44,1722.57,866.88,1,33.0,2283.4,-2218.5,-4598.8,0
47.34,Taha (RLCS PRO BLUE TAG),Orange,35.07,1612.56,564.6,0,33.0,2261.7,-1854.5,250.6,0
47.37,Eclipse.µµ,Blue,22.24,1774.38,386.35,0,33.0,2278.0,1513.8,-110.1,1
50.17,Eclipse.µµ,Blue,714.96,2217.94,579.86,0,33.0,1351.7,1347.9,593.2,0
52.04,Taha (RLCS PRO BLUE TAG),Orange,2878.38,1805.1,196.48,0,33.0,2162.0,1583.3,2813.7,1
54.7,Toastie,Orange,3605.91,1417.3,890.31,0,33.0,1530.6,-1495.4,3737.6,1
56.04,Toastie,Orange,1421.65,1464.21,922.11,0,33.0,2267.6,-2247.9,1474.1,1
58.74,Toastie,Orange,-4385.01,3600.47,1086.97,0,33.0,2288.7,-2164.5,-4362.4,0
69.09,Tommer,Blue,0.0,1398.61,467.92,0,33.0,2273.2,2264.1,-221.6,1
73.92,Tommer,Blue,2000.51,1649.29,1806.05,0,33.0,2246.1,2130.6,1845.6,0
75.12,Taha (RLCS PRO BLUE TAG),Orange,4769.66,227.48,711.03,1,33.0,1157.5,270.5,4888.1,1
75.16,Toastie,Orange,4845.88,227.48,702.21,0,33.0,1135.8,1007.3,4824.4,0
78.49,Eclipse.µµ,Blue,3535.43,4027.62,2677.37,0,33.0,167.5,-167.5,3494.8,0
80.76,Taha (RLCS PRO BLUE TAG),Orange,3734.08,2041.5,1859.95,0,33.0,598.7,-524.7,3915.3,1
82.39,Taha (RLCS PRO BLUE TAG),Orange,1957.26,1650.71,160.35,0,33.0,1323.9,-1323.0,2066.1,1
86.09,Taha (RLCS PRO BLUE TAG),Orange,-1254.67,1167.94,1238.94,0,33.0,1199.3,-1189.0,-1125.2,0
87.25,Tommer,Blue,-2753.97,1689.62,102.9,0,33.0,1770.0,1633.3,-2903.7,0
90.25,Toastie,Orange,1037.71,3054.32,1027.72,0,33.0,696.2,686.3,1123.3,0
92.59,Tommer,Blue,977.79,747.96,992.94,0,33.0,697.3,360.6,917.2,1
94.86,Tommer,Blue,2581.79,1892.94,1066.75,0,33.0,1135.0,788.3,2494.7,0
96.09,Toastie,Orange,3455.44,1776.0,409.43,0,33.0,649.2,-54.0,3595.2,0
96.66,Eclipse.µµ,Blue,2727.24,939.09,935.98,0,33.0,1211.3,-150.3,2645.1,1
100.33,Eclipse.µµ,Blue,3497.37,3277.03,526.43,0,33.0,1610.1,-29.5,3533.2,0
102.12,Taha (RLCS PRO BLUE TAG),Orange,3886.55,1257.41,271.73,0,33.0,1423.0,-581.0,3889.3,0
105.32,Tommer,Blue,3929.33,2086.31,790.29,0,33.0,1030.3,998.8,3787.2,0
106.99,Toastie,Orange,5013.25,32.39,771.24,0,33.0,1258.3,-780.0,5041.7,1
108.62,Toastie,Orange,3280.19,2575.79,317.66,1,33.0,2118.5,-1990.8,3415.5,0
108.66,Eclipse.µµ,Blue,3204.66,3827.56,318.28,0,33.0,524.3,-71.5,3097.9,0
110.09,Taha (RLCS PRO BLUE TAG),Orange,693.32,1917.94,1372.64,0,33.0,2292.1,-2235.0,867.1,1
111.32,Toastie,Orange,-3059.49,1468.23,1482.17,0,33.0,2147.6,2142.8,-3172.6,1
122.11,Toastie,Orange,0.0,1365.28,459.67,0,33.0,2289.6,-2098.9,228.0,0
122.11,Tommer,Blue,0.0,1034.47,459.67,0,33.0,2289.0,2200.0,-231.6,0
122.94,Taha (RLCS PRO BLUE TAG),Orange,120.41,279.39,320.07,0,33.0,2279.9,-1599.1,294.4,0
123.04,Eclipse.µµ,Blue,-42.11,226.65,231.93,0,33.0,2090.6,702.6,-65.7,0
128.37,Toastie,Orange,-3511.07,4114.08,436.24,0,33.0,2293.0,-2292.9,-3317.0,0
128.37,Tommer,Blue,-3511.07,2202.44,436.24,0,33.0,1404.3,675.6,-3692.0,1
129.91,Eclipse.µµ,Blue,-4412.57,165.2,638.06,0,33.0,2110.9,438.8,-4523.5,0
130.01,Toastie,Orange,-4350.04,3770.96,433.9,0,33.0,1059.8,-537.8,-4319.3,0
132.4,Eclipse.µµ,Blue,-1920.55,1594.28,2958.41,0,33.0,1329.9,1137.5,-2017.7,1
134.7,Eclipse.µµ,Blue,1448.21,1353.99,1714.94,0,33.0,2062.6,1985.5,1457.4,1
136.37,Tommer,Blue,3198.81,1169.92,462.41,0,33.0,1867.8,1612.5,3036.7,0
136.44,Taha (RLCS PRO BLUE TAG),Orange,3288.42,1628.96,468.93,0,33.0,487.8,-34.7,3490.2,1
139.67,Toastie,Orange,4386.67,849.58,1010.41,0,33.0,1111.6,-371.8,4527.7,0
140.87,Eclipse.µµ,Blue,3996.85,3506.36,370.18,0,33.0,251.1,170.7,3778.0,0
142.47,Toastie,Orange,3771.26,561.69,486.43,0,33.0,1521.4,-995.7,3910.3,0
143.84,Eclipse.µµ,Blue,2129.9,1465.12,284.9,0,33.0,2294.4,-1792.0,2075.4,0
145.4,Toastie,Orange,-628.0,1549.52,724.28,0,33.0,2163.4,-1902.7,-495.5,0
145.57,Tommer,Blue,-1088.23,796.75,394.61,0,33.0,1456.0,1429.3,-1165.2,0
149.77,Taha (RLCS PRO BLUE TAG),Orange,-3048.36,416.62,1643.81,0,33.0,1584.4,-844.3,-2909.9,1
151.57,Toastie,Orange,-3837.31,682.48,420.81,0,33.0,1358.3,-1348.4,-3708.3,0
151.6,Eclipse.µµ,Blue,-3871.05,3526.07,271.49,0,33.0,1298.3,1244.2,-3968.7,0
153.2,Toastie,Orange,-2232.29,955.21,999.71,0,33.0,2057.7,1706.8,-2399.7,1
153.8,Taha (RLCS PRO BLUE TAG),Orange,-950.18,515.28,754.75,0,33.0,1893.6,1290.6,-877.2,0
156.07,Tommer,Blue,1584.06,1937.17,463.57,0,33.0,2228.7,1113.4,1533.0,1
156.87,Tommer,Blue,2544.49,3049.81,345.9,0,33.0,2266.3,1109.2,2429.7,0
158.67,Toastie,Orange,4602.58,634.09,1824.65,1,33.0,1005.4,-998.3,4789.0,0
161.06,Eclipse.µµ,Blue,-1217.16,192.84,2372.28,0,33.0,1927.5,-1890.4,-1248.8,1
164.9,Eclipse.µµ,Blue,-191.16,294.68,1190.46,0,33.0,2113.0,1500.8,-266.2,1
166.13,Eclipse.µµ,Blue,1890.46,1115.55,282.51,0,33.0,2291.3,2082.2,1837.8,0
170.53,Toastie,Orange,409.9,1401.34,1531.47,0,33.0,1517.0,-1516.4,500.4,1
171.96,Toastie,Orange,-2016.8,2264.88,740.93,0,33.0,1946.2,-1904.0,-1846.3,0
172.96,Tommer,Blue,-3873.96,1023.78,512.16,0,33.0,691.6,-482.6,-3939.4,1
175.29,Eclipse.µµ,Blue,-3388.01,1243.16,1493.9,0,33.0,2295.9,1261.5,-3488.7,0
177.23,Taha (RLCS PRO BLUE TAG),Orange,-418.43,1214.47,369.43,0,33.0,328.0,285.1,-300.6,0
177.36,Eclipse.µµ,Blue,-285.55,257.06,162.52,0,33.0,2096.7,2036.9,-403.0,0
180.39,Toastie,Orange,4974.43,2786.81,521.78,1,33.0,1971.1,-764.0,4961.6,0
183.29,Tommer,Blue,1264.98,891.74,796.33,0,33.0,737.7,549.0,1091.6,0
183.63,Toastie,Orange,1592.99,545.05,658.28,0,33.0,1482.3,-1482.3,1786.8,0
184.39,Eclipse.µµ,Blue,934.97,693.79,827.28,0,33.0,1732.8,-1445.0,705.1,0
187.13,Toastie,Orange,2224.52,2070.7,241.6,0,33.0,2098.7,1324.1,2151.3,1
188.73,Toastie,Orange,4562.56,1087.31,947.32,0,33.0,2162.6,1283.1,4538.2,1
191.49,Toastie,Orange,1104.26,605.07,504.29,0,33.0,2201.9,-2142.5,1322.0,0
191.52,Tommer,Blue,1050.49,1490.9,324.95,0,33.0,142.1,131.3,835.0,0
193.39,Toastie,Orange,-731.75,1708.27,391.72,0,33.0,1867.1,-947.0,-629.8,0
193.49,Tommer,Blue,-914.53,736.2,450.97,0,33.0,2266.8,-1477.6,-1143.5,0
194.73,Taha (RLCS PRO BLUE TAG),Orange,-2439.83,342.13,334.91,0,33.0,2272.7,-2269.2,-2252.8,1
194.89,Toastie,Orange,-2374.39,563.79,407.08,0,33.0,2002.2,-1559.5,-2165.0,0
197.66,Eclipse.µµ,Blue,-2564.1,2896.28,938.98,0,33.0,1291.8,1289.1,-2613.3,1
199.63,Eclipse.µµ,Blue,365.33,832.62,681.77,0,33.0,1769.5,1644.8,276.8,1
201.69,Eclipse.µµ,Blue,3295.45,1539.31,1171.77,0,33.0,1949.2,1939.1,3218.2,0
202.29,Toastie,Orange,4295.99,710.48,324.0,0,33.0,1684.4,-300.8,4421.0,1
204.79,Toastie,Orange,3468.45,1080.7,1288.31,0,33.0,1501.3,-1501.1,3612.2,1
205.66,Toastie,Orange,2084.54,1322.37,656.8,0,33.0,2021.2,-2000.2,2143.9,1
207.09,Toastie,Orange,-679.76,1852.0,253.09,0,33.0,1921.7,-1826.7,-634.7,1
209.32,Toastie,Orange,-4774.25,1936.78,478.31,0,33.0,1612.5,-1560.9,-4626.7,0
210.82,Eclipse.µµ,Blue,-3999.24,1052.2,479.12,0,33.0,2202.2,703.2,-4002.8,0
214.16,Taha (RLCS PRO BLUE TAG),Orange,-2020.12,1793.33,1968.02,0,33.0,1945.2,-1705.4,-1894.2,0
216.12,Eclipse.µµ,Blue,-4808.1,3650.12,1509.01,1,33.0,1204.3,960.4,-4897.0,1
219.42,Tommer,Blue,667.2,1417.97,731.11,0,33.0,2203.1,1909.0,565.5,0
221.05,Toastie,Orange,4840.85,3040.57,2012.24,1,33.0,1627.1,-1190.4,4985.3,0
226.02,Eclipse.µµ,Blue,1579.42,701.48,1248.09,0,33.0,1884.7,1371.2,1416.3,1
228.72,Tommer,Blue,3908.27,722.63,1537.37,0,33.0,2250.5,1531.7,3774.9,0
229.32,Toastie,Orange,4854.25,435.72,1033.88,0,33.0,1522.2,67.9,5087.0,1
232.12,Taha (RLCS PRO BLUE TAG),Orange,2449.58,804.91,588.06,0,33.0,1945.9,-1816.1,2655.1,1
234.32,Taha (RLCS PRO BLUE TAG),Orange,-102.24,1799.87,341.39,0,33.0,1602.6,-1540.8,87.0,0
234.42,Eclipse.µµ,Blue,-269.47,697.11,393.24,0,33.0,1062.1,258.4,-417.7,1
236.55,Tommer,Blue,-3886.31,2898.1,921.62,0,33.0,1105.5,944.6,-4029.9,1
239.25,Tommer,Blue,-721.07,1703.33,1546.61,0,33.0,1838.9,1735.5,-807.9,0
241.62,Toastie,Orange,4728.26,2024.78,1867.31,1,33.0,921.3,733.3,4855.6,1
243.55,Toastie,Orange,3672.08,3085.89,1541.98,0,33.0,1947.3,-1938.3,3832.7,0
245.88,Eclipse.µµ,Blue,-907.93,156.61,510.63,0,33.0,1584.4,-895.5,-1013.4,0
246.15,Toastie,Orange,-944.97,2660.13,355.21,0,33.0,2105.3,-1173.9,-823.6,1
248.48,Toastie,Orange,-3372.81,752.24,910.57,0,33.0,2283.1,-982.1,-3192.0,0
248.85,Tommer,Blue,-3669.54,3734.98,289.37,0,33.0,1199.6,188.0,-3828.8,1
251.08,Eclipse.µµ,Blue,-1221.7,2511.83,855.09,0,33.0,2299.6,2263.4,-1407.7,0
251.95,Taha (RLCS PRO BLUE TAG),Orange,478.18,3093.7,327.39,0,33.0,1748.3,1519.0,597.2,1
253.55,Taha (RLCS PRO BLUE TAG),Orange,2952.78,2665.36,460.65,0,33.0,2251.2,1558.4,3076.0,0
254.31,Eclipse.µµ,Blue,3942.55,3198.13,427.14,0,33.0,2251.5,1729.4,3739.8,0
256.35,Taha (RLCS PRO BLUE TAG),Orange,4840.14,2928.82,1397.92,1,33.0,716.1,-667.3,5012.0,1
257.98,Taha (RLCS PRO BLUE TAG),Orange,3186.04,2117.07,1870.09,0,33.0,1988.0,-1898.5,3340.2,0
261.71,Eclipse.µµ,Blue,-4191.57,1239.75,456.85,0,33.0,1211.1,-1022.5,-4311.8,0
263.01,Taha (RLCS PRO BLUE TAG),Orange,-4896.18,3078.7,87.61,0,33.0,1092.4,296.2,-5100.5,0
264.58,Eclipse.µµ,Blue,-3269.68,2031.33,584.37,0,33.0,2261.1,2248.4,-3462.8,0
264.64,Toastie,Orange,-3129.54,831.37,413.68,0,33.0,1644.6,-1042.5,-2942.4,0
268.78,Eclipse.µµ,Blue,3839.54,1866.63,745.68,0,33.0,2290.9,2145.3,3635.2,0
269.64,Taha (RLCS PRO BLUE TAG),Orange,4756.33,2549.57,1522.38,1,33.0,2286.0,-1128.6,4923.5,0
274.21,Tommer,Blue,-3880.74,1214.96,850.13,0,33.0,1631.6,1123.1,-4042.6,0
274.37,Taha (RLCS PRO BLUE TAG),Orange,-3619.34,800.45,360.23,0,33.0,2203.6,-2019.7,-3538.1,0
277.14,Tommer,Blue,785.05,648.22,1061.63,0,33.0,1965.3,1780.3,728.2,0
278.34,Taha (RLCS PRO BLUE TAG),Orange,2826.94,1015.24,561.83,0,33.0,2065.6,1859.0,2732.2,0
278.44,Tommer,Blue,3077.49,1674.69,263.48,0,33.0,2290.9,1669.4,3039.8,0
281.51,Toastie,Orange,1033.82,3086.94,274.65,0,33.0,1889.9,-1781.7,1108.1,0
281.61,Eclipse.µµ,Blue,788.08,1391.05,208.48,0,33.0,1234.7,-692.1,782.9,1
285.17,Tommer,Blue,-1889.02,1135.68,893.73,0,33.0,1689.8,-653.8,-2005.0,0
285.44,Taha (RLCS PRO BLUE TAG),Orange,-1738.52,2377.05,338.0,0,33.0,2227.8,-405.8,-1844.2,1
288.2,Toastie,Orange,381.27,3208.41,833.66,0,33.0,2299.3,1491.3,279.0,1
290.9,Toastie,Orange,3862.27,592.87,2144.25,0,33.0,1696.3,-1164.3,4005.1,1
293.34,Taha (RLCS PRO BLUE TAG),Orange,1438.47,1393.66,1607.14,0,33.0,2275.9,-1699.2,1504.1,1
294.77,Taha (RLCS PRO BLUE TAG),Orange,-357.87,2275.16,708.39,0,33.0,436.1,-48.2,-387.0,0
298.2,Eclipse.µµ,Blue,-4971.4,1073.55,1521.0,1,33.0,1511.5,-1338.8,-5013.0,1
299.44,Eclipse.µµ,Blue,-4757.28,1212.31,1589.55,1,33.0,1540.9,599.1,-4903.2,1
302.04,Eclipse.µµ,Blue,-2633.11,695.97,3180.95,0,33.0,2079.0,1029.7,-2821.7,1
302.77,Tommer,Blue,-2009.41,466.3,3082.36,0,33.0,1459.7,1306.6,-2169.2,0
305.27,Toastie,Orange,879.87,3004.05,603.41,0,33.0,1744.6,-1150.1,955.4,1
307.17,Toastie,Orange,-1227.85,2170.54,1036.03,0,33.0,2278.9,-1210.0,-1198.4,0
310.0,Tommer,Blue,-4811.79,3792.14,1112.62,1,33.0,773.4,-473.6,-4933.6,1
311.9,Tommer,Blue,-3796.99,996.58,614.33,0,33.0,1865.9,1864.1,-3891.2,0
313.43,Toastie,Orange,-500.77,2499.33,672.83,0,33.0,873.6,746.5,-318.4,1
314.33,Toastie,Orange,-582.14,2349.48,332.04,0,33.0,579.0,-415.6,-345.6,0
315.03,Eclipse.µµ,Blue,-656.92,1163.83,416.14,0,33.0,1772.2,1109.2,-881.1,0
316.4,Toastie,Orange,-788.55,2025.49,633.59,0,33.0,784.7,-618.7,-699.7,1
318.87,Toastie,Orange,-3333.17,489.12,88.49,0,33.0,1906.6,-1883.5,-3269.0,1
320.27,Toastie,Orange,-5209.4,2060.45,854.88,0,33.0,1499.0,1496.8,-5230.7,0
14.1,no friday rlcs streams :(,Orange,0.0,1356.36,585.89,0,33.0,2273.8,-1864.4,214.4,0
14.17,Y,Blue,-6.98,1453.66,404.33,0,33.0,867.0,454.0,-159.3,1
16.84,rc,Blue,66.26,5915.71,2811.02,1,33.0,592.7,592.7,38.9,1
18.14,rc,Blue,222.3,6869.67,4137.98,0,33.0,662.4,-29.6,226.7,0
21.72,SolaryAayan,Orange,3809.43,2579.25,2606.39,1,33.0,925.6,-597.8,3937.3,1
24.3,SolaryAayan,Orange,3116.95,2026.43,1919.04,0,33.0,1230.0,-282.6,3182.2,0
25.45,Y,Blue,2138.27,4229.73,712.31,0,33.0,1182.1,907.2,1976.9,0
27.11,no friday rlcs streams :(,Orange,4898.63,2504.86,1802.06,1,33.0,698.4,-687.9,4921.1,0
29.86,rc,Blue,1326.65,2463.72,618.43,1,33.0,2233.2,2150.8,1123.3,0
32.08,SolaryAayan,Orange,4676.4,3828.67,2867.39,1,33.0,610.9,389.4,4743.4,1
35.44,no friday rlcs streams :(,Orange,3804.72,9999.0,490.08,0,33.0,2111.9,-927.5,3954.6,0
36.15,rc,Blue,2320.92,2324.94,1151.95,1,33.0,913.7,-771.4,2245.6,1
37.64,rc,Blue,759.64,3435.87,858.86,1,33.0,1730.1,-393.0,578.4,0
37.98,no friday rlcs streams :(,Orange,679.36,2686.83,261.63,0,33.0,1847.1,-1696.2,835.3,0
41.43,rc,Blue,1714.37,1096.4,2485.05,0,33.0,2139.7,1608.2,1570.5,1
42.91,rc,Blue,4015.47,1792.34,2844.39,0,33.0,1843.2,1503.3,3813.7,0
45.76,SolaryAayan,Orange,1551.35,758.86,1103.65,0,33.0,2290.6,-1909.6,1742.9,0
48.03,Y,Blue,-4673.18,3096.27,2187.2,1,33.0,2061.3,-567.4,-4600.6,1
49.6,Y,Blue,-2786.94,3508.01,489.43,0,33.0,2289.2,2136.6,-3027.1,0
49.6,no friday rlcs streams :(,Orange,-2786.94,939.7,489.43,0,33.0,2025.9,-1953.3,-2556.7,0
51.95,rc,Blue,-904.67,2637.84,1894.1,1,33.0,1467.5,1453.6,-1090.5,0
52.99,no friday rlcs streams :(,Orange,564.09,2012.0,314.64,0,33.0,2010.8,1173.0,697.0,0
57.09,Y,Blue,-1816.78,4276.41,460.92,0,33.0,2238.0,-1630.1,-1782.6,0
57.2,SolaryAayan,Orange,-1857.19,1628.02,167.68,0,33.0,2244.0,-2133.3,-1795.2,0
59.29,rc,Blue,-2029.36,1690.47,777.64,0,33.0,2283.9,1173.7,-2171.9,1
61.56,rc,Blue,2214.39,2004.22,533.17,0,33.0,2284.6,2030.3,2124.2,0
62.57,no friday rlcs streams :(,Orange,4086.2,1826.38,240.89,1,33.0,2225.2,1775.7,4029.4,0
62.91,rc,Blue,4724.74,1541.23,210.82,0,33.0,2267.0,1529.5,4827.0,0
67.04,no friday rlcs streams :(,Orange,4685.03,863.79,1880.68,0,33.0,1243.2,-296.5,4853.1,0
67.54,Y,Blue,4237.73,4103.68,474.33,0,33.0,1303.9,1037.5,4178.1,0
67.75,SolaryAayan,Orange,4370.58,399.22,482.82,1,33.0,1296.3,-1000.9,4399.9,1
69.31,SolaryAayan,Orange,4816.67,3522.48,717.33,1,33.0,2286.2,-706.7,4943.4,0
71.38,rc,Blue,2250.05,920.45,653.98,1,33.0,2299.8,874.6,2034.6,0
71.51,SolaryAayan,Orange,2351.98,4039.77,382.34,0,33.0,1516.1,-1134.4,2495.2,0
74.12,rc,Blue,3534.2,2638.84,1793.03,0,33.0,1813.3,779.3,3443.8,1
75.16,rc,Blue,3960.21,1904.75,793.98,0,33.0,1378.7,310.4,3878.8,0
75.39,no friday rlcs streams :(,Orange,4259.5,1045.74,270.24,0,33.0,1266.5,-1258.7,4352.3,0
94.04,Y,Blue,-6.64,474.88,425.07,0,33.0,1589.2,1564.0,-163.9,0
94.07,no friday rlcs streams :(,Orange,-3.3,1387.88,182.75,0,33.0,851.8,-130.9,125.0,1
97.85,SolaryAayan,Orange,-1016.75,466.4,865.88,0,33.0,2168.8,-2095.6,-858.6,0
99.37,rc,Blue,-4985.4,2538.22,1510.34,1,33.0,707.8,-176.8,-5105.6,1
102.8,rc,Blue,-4822.17,1304.66,2466.68,1,33.0,1744.0,-670.5,-4760.2,1
103.14,Y,Blue,-4972.51,434.71,2850.15,0,33.0,1182.2,-598.4,-4979.4,0
104.22,no friday rlcs streams :(,Orange,-3110.45,2911.67,1725.9,0,33.0,1178.0,-934.7,-3011.6,0
105.94,Y,Blue,-1423.72,514.58,2561.1,0,33.0,1682.6,1572.1,-1642.5,0
109.05,SolaryAayan,Orange,4693.27,1682.06,328.7,1,33.0,2278.0,1331.6,4859.1,1
110.27,no friday rlcs streams :(,Orange,3683.35,420.55,1170.4,0,33.0,1410.6,-16.1,3628.8,1
110.34,SolaryAayan,Orange,3677.68,339.32,1401.42,0,33.0,0.0,0.0,3721.7,1
111.62,no friday rlcs streams :(,Orange,3554.6,2125.53,1844.56,0,33.0,2128.4,-306.2,3635.7,0
115.61,rc,Blue,-1853.59,840.32,311.83,0,33.0,2299.9,-2142.5,-1874.8,0
115.71,no friday rlcs streams :(,Orange,-1963.92,1693.83,103.43,0,33.0,2286.2,-2121.7,-1787.2,0
115.85,Y,Blue,-2171.42,448.61,283.8,0,33.0,736.6,517.4,-2274.5,1
117.64,rc,Blue,-3329.25,1656.42,1303.45,1,33.0,2299.9,1187.9,-3516.4,1
119.43,rc,Blue,-974.76,1925.13,2289.8,0,33.0,1387.4,1387.3,-1092.0,1
121.8,rc,Blue,2759.67,2823.89,1670.38,0,33.0,2204.6,1989.5,2638.7,0
122.58,no friday rlcs streams :(,Orange,4192.35,578.85,207.24,0,33.0,1788.9,1071.7,4135.3,1
123.25,no friday rlcs streams :(,Orange,4760.92,1758.91,1359.61,0,33.0,1808.4,1063.7,4839.3,0
125.89,Y,Blue,3149.6,3403.91,862.44,0,33.0,1734.8,1645.3,2990.5,0
127.08,SolaryAayan,Orange,4856.36,1351.8,802.92,1,33.0,1020.2,-417.0,4990.4,0
128.46,Y,Blue,4238.66,4071.88,645.68,0,33.0,1890.1,-1124.7,4257.7,0
129.71,no friday rlcs streams :(,Orange,3751.78,872.66,705.49,1,33.0,867.0,-770.6,3900.2,1
134.73,no friday rlcs streams :(,Orange,-1570.98,789.62,1097.66,0,33.0,1208.8,-1206.6,-1345.1,0
135.54,rc,Blue,-3054.72,1546.89,472.75,0,33.0,604.2,-594.6,-2900.2,1
135.99,Y,Blue,-4265.17,1285.57,1254.99,1,33.0,1161.3,313.2,-4457.9,1
137.62,Y,Blue,-2777.61,972.58,2302.26,0,33.0,1900.3,1506.9,-2866.4,1
139.31,Y,Blue,-584.9,1717.16,1679.25,0,33.0,1582.0,1040.4,-707.1,1
141.1,rc,Blue,1075.82,1480.23,1002.12,0,33.0,2279.5,1865.0,884.1,0
141.57,SolaryAayan,Orange,2023.25,1686.48,455.75,0,33.0,1600.7,-1580.8,2041.3,0
144.96,Y,Blue,1259.84,1128.59,1129.38,0,33.0,1438.1,1437.9,1165.8,1
146.84,Y,Blue,4561.7,4106.19,413.4,0,33.0,1894.8,1717.7,4387.3,0
147.01,no friday rlcs streams :(,Orange,4392.61,1018.15,257.43,1,33.0,792.6,-463.1,4452.9,1
150.66,SolaryAayan,Orange,2184.43,2669.21,625.79,0,33.0,1771.4,-1769.2,2309.4,1
151.47,SolaryAayan,Orange,487.34,2714.9,262.08,0,33.0,2300.0,-2283.7,698.8,0
154.52,rc,Blue,-4379.6,580.02,364.79,1,33.0,1158.7,-125.7,-4507.6,0
154.59,SolaryAayan,Orange,-4360.6,1360.51,292.72,0,33.0,1685.1,-1175.2,-4230.1,1
156.85,no friday rlcs streams :(,Orange,-3719.37,1268.66,1078.46,0,33.0,2216.3,-2213.8,-3547.0,0
157.66,rc,Blue,-4863.65,1802.71,1291.25,0,33.0,1716.4,-755.6,-4908.3,1
173.21,rc,Blue,0.0,538.03,536.97,0,33.0,2272.8,2242.2,-223.4,0
173.28,SolaryAayan,Orange,-9.51,1433.3,175.67,0,33.0,1198.7,-951.3,129.0,0
174.93,Y,Blue,-1657.97,2039.15,343.92,0,33.0,1825.9,1655.8,-1798.4,0
178.23,no friday rlcs streams :(,Orange,4670.18,1316.6,268.47,1,33.0,1830.1,1054.3,4680.1,1
181.44,SolaryAayan,Orange,4980.12,1079.79,1195.74,1,33.0,678.6,-139.2,5026.2,0
182.45,Y,Blue,3544.19,2036.61,1545.98,0,33.0,2280.0,1240.4,3353.3,0
183.37,SolaryAayan,Orange,4968.1,614.5,1142.19,1,33.0,1726.7,12.4,5072.4,1
184.92,no friday rlcs streams :(,Orange,4494.35,878.49,1215.99,0,33.0,2293.4,-393.9,4596.6,1
186.37,no friday rlcs streams :(,Orange,3435.41,2594.85,2855.91,0,33.0,1232.2,-1230.8,3620.5,1
187.25,no friday rlcs streams :(,Orange,2174.04,2738.16,2536.46,0,33.0,1799.8,-1699.7,2278.5,0
189.55,rc,Blue,-1769.2,741.96,398.38,0,33.0,1506.2,-812.3,-1993.8,0
191.1,SolaryAayan,Orange,-2595.64,1782.85,353.11,0,33.0,2281.0,-2279.8,-2385.1,0
191.16,Y,Blue,-2660.56,171.65,402.84,1,33.0,417.5,416.6,-2759.1,0
193.22,no friday rlcs streams :(,Orange,-3573.58,2070.1,1824.45,0,33.0,1662.4,533.0,-3533.2,0
194.16,rc,Blue,-4776.16,823.72,1958.42,1,33.0,1073.3,1043.0,-4912.8,0
198.26,SolaryAayan,Orange,1672.12,2072.49,431.02,0,33.0,2269.2,-1534.5,1823.5,0
198.33,Y,Blue,1564.14,2452.85,155.12,0,33.0,1168.6,-502.3,1571.0,1
202.02,rc,Blue,-4820.67,2302.17,4178.83,1,33.0,2214.5,-1831.7,-4744.9,1
203.01,Y,Blue,-4577.41,1187.55,2366.76,0,33.0,384.1,-269.5,-4583.8,0
205.57,SolaryAayan,Orange,495.94,1913.09,1391.8,0,33.0,703.0,-531.8,734.7,0
207.83,Y,Blue,-1253.26,563.97,282.31,0,33.0,1363.0,1147.8,-1376.2,1
210.41,Y,Blue,1285.53,1698.32,864.98,0,33.0,1940.0,1648.2,1070.2,0
211.73,no friday rlcs streams :(,Orange,4272.38,858.56,545.52,1,33.0,1320.1,914.9,4228.2,0
227.24,Y,Blue,-24.74,466.59,301.23,0,33.0,706.7,371.1,-162.4,0
227.24,no friday rlcs streams :(,Orange,-24.74,1211.26,171.07,0,33.0,934.1,-427.6,137.5,1
230.86,SolaryAayan,Orange,-2807.72,3593.37,1947.41,0,33.0,1039.0,-1039.0,-2710.9,1
232.37,SolaryAayan,Orange,-3799.69,3959.14,1656.46,0,33.0,938.3,-435.3,-3874.2,0
233.58,rc,Blue,-4693.72,2261.55,692.57,1,33.0,878.7,498.2,-4866.3,0
233.75,SolaryAayan,Orange,-4610.18,3823.3,397.41,0,33.0,1885.6,-949.1,-4400.1,0
234.96,rc,Blue,-3608.95,849.82,1726.96,1,33.0,1201.7,1191.7,-3761.5,0
235.54,no friday rlcs streams :(,Orange,-2807.19,2030.07,396.86,0,33.0,1067.0,-832.2,-2614.6,1
238.29,no friday rlcs streams :(,Orange,-4091.63,4017.34,1352.06,0,33.0,1785.9,-1533.5,-3965.2,0
239.17,Y,Blue,-4864.92,2412.65,772.06,1,33.0,772.4,442.4,-5041.8,1
241.32,Y,Blue,-3994.13,1515.71,1909.24,0,33.0,1292.5,239.9,-4004.0,0
244.24,no friday rlcs streams :(,Orange,-2817.02,1261.38,393.28,0,33.0,1915.5,-366.4,-2664.8,0
246.64,Y,Blue,-749.07,1012.08,840.42,0,33.0,1991.9,-1966.4,-663.7,0
248.43,SolaryAayan,Orange,994.01,404.78,2090.26,0,33.0,380.4,-265.5,1188.5,0
249.85,rc,Blue,149.38,1436.18,284.38,0,33.0,1760.3,-1629.4,278.6,1
251.78,Y,Blue,-526.29,774.75,554.33,0,33.0,2297.6,2198.2,-743.2,0
251.88,no friday rlcs streams :(,Orange,-435.75,1546.02,338.12,0,33.0,2015.8,-218.7,-352.0,0
254.49,rc,Blue,-831.15,380.39,1599.29,0,33.0,1776.8,1469.0,-954.8,1
257.02,rc,Blue,2863.91,2801.91,1282.67,0,33.0,2223.5,1253.8,2847.1,0
258.48,no friday rlcs streams :(,Orange,4494.0,473.8,146.74,0,33.0,2220.2,-582.0,4689.7,1
260.98,no friday rlcs streams :(,Orange,2580.05,932.79,1921.59,0,33.0,1166.8,-1166.8,2753.0,0
263.15,Y,Blue,-442.89,1381.81,690.4,0,33.0,760.8,280.0,-666.7,1
265.35,Y,Blue,1279.11,878.96,1865.5,0,33.0,2128.7,1578.1,1173.5,0
267.83,SolaryAayan,Orange,4833.51,992.53,979.3,1,33.0,1787.8,-693.0,5031.4,1
272.92,SolaryAayan,Orange,-2569.68,1923.37,530.39,0,33.0,1555.6,-1281.8,-2497.8,0
273.09,rc,Blue,-2726.7,822.98,190.64,0,33.0,1469.0,428.6,-2845.2,1
275.93,Y,Blue,-983.67,773.14,1027.22,0,33.0,1399.9,1377.1,-1102.0,0
279.18,no friday rlcs streams :(,Orange,4957.29,1429.86,330.65,1,33.0,1504.4,1495.5,4806.8,1
281.21,no friday rlcs streams :(,Orange,4310.62,475.5,903.24,0,33.0,2144.0,-1155.0,4467.1,0
282.94,Y,Blue,332.18,1162.07,1006.17,0,33.0,1420.1,-661.0,244.2,1
286.37,Y,Blue,1413.82,1088.96,791.84,0,33.0,1057.3,445.6,1245.3,0
288.02,SolaryAayan,Orange,4548.54,1667.81,263.74,1,33.0,2103.3,-201.5,4701.2,0
289.11,Y,Blue,3969.1,2016.39,387.59,0,33.0,2190.9,1548.0,3843.2,1
290.64,rc,Blue,3097.76,866.85,1058.83,0,33.0,627.1,403.1,2914.1,0
292.33,no friday rlcs streams :(,Orange,3591.88,192.67,639.67,0,33.0,1704.5,-1422.7,3775.7,0
293.48,Y,Blue,1157.69,2979.35,974.39,0,33.0,1489.0,1435.7,1007.7,1
295.87,Y,Blue,4442.35,4843.18,1164.54,0,33.0,1539.4,1534.8,4326.4,0
298.46,SolaryAayan,Orange,2258.48,1700.86,1865.82,0,33.0,2019.0,-1940.9,2462.0,0
301.01,rc,Blue,-4851.11,2696.94,1913.78,1,33.0,1823.8,-1243.0,-4733.8,1
302.12,rc,Blue,-4374.56,3810.93,897.3,1,33.0,2294.9,906.0,-4518.1,1
303.36,rc,Blue,-3273.48,2575.56,279.99,0,33.0,1980.4,1980.1,-3481.1,1
306.96,Y,Blue,3679.16,313.49,1259.93,0,33.0,2072.1,2055.2,3549.1,0
307.36,no friday rlcs streams :(,Orange,4885.6,2270.9,418.01,1,33.0,700.7,41.9,4845.5,1
310.28,SolaryAayan,Orange,1020.47,883.38,795.28,0,33.0,2117.5,-2086.9,1078.6,1
311.02,SolaryAayan,Orange,-325.84,2084.21,1036.32,0,33.0,1686.4,-1277.4,-305.2,1
312.22,SolaryAayan,Orange,-2189.59,1677.66,547.77,0,33.0,2137.7,-2095.9,-2011.0,0
312.32,rc,Blue,-2438.07,1488.77,415.23,0,33.0,1245.3,670.4,-2534.9,1
314.83,rc,Blue,-3866.4,950.41,401.88,0,33.0,1117.3,994.4,-3956.4,0
319.12,no friday rlcs streams :(,Orange,2962.88,991.33,1406.4,0,33.0,2172.7,-1145.8,3175.0,0
320.82,Y,Blue,440.56,2522.24,1563.26,0,33.0,1162.5,847.1,230.8,0
323.35,SolaryAayan,Orange,4953.93,1366.62,2442.96,1,33.0,1339.3,-238.1,5088.0,0
324.44,rc,Blue,2830.99,941.08,869.52,0,33.0,2159.6,2106.0,2664.8,0
324.61,SolaryAayan,Orange,3035.83,2036.31,350.06,0,33.0,2088.9,-2088.8,3215.0,0
326.24,rc,Blue,5014.28,2993.67,1006.73,0,33.0,2298.9,1103.1,4898.6,0
326.48,no friday rlcs streams :(,Orange,4974.55,1471.87,235.54,1,33.0,2289.4,1040.0,4928.7,0
329.32,Y,Blue,3027.0,4255.04,355.93,0,33.0,1071.4,752.8,2917.1,1
331.86,rc,Blue,4160.83,2422.42,1215.37,0,33.0,1491.2,780.1,4011.1,1
350.25,rc,Blue,15.1,503.2,405.36,0,33.0,1964.3,1598.2,-130.9,0
350.25,SolaryAayan,Orange,15.1,1358.75,105.81,0,33.0,2266.9,-1894.6,237.4,1
351.25,no friday rlcs streams :(,Orange,313.2,1006.12,480.25,0,33.0,2124.2,-175.6,397.4,1
353.38,no friday rlcs streams :(,Orange,-732.13,1150.06,1559.18,0,33.0,1142.2,-1142.2,-543.9,1
354.75,no friday rlcs streams :(,Orange,-2061.63,2344.62,1062.19,0,33.0,1740.0,-1262.6,-2036.7,0
356.03,Y,Blue,-3584.68,958.17,217.13,0,33.0,1206.1,1115.0,-3568.9,1
358.05,rc,Blue,-4811.18,1473.39,343.82,1,33.0,2014.6,408.9,-4822.8,0
358.85,SolaryAayan,Orange,-3423.83,1298.56,1224.41,0,33.0,1362.4,1354.1,-3404.6,1
359.67,no friday rlcs streams :(,Orange,-2013.08,574.03,1019.17,0,33.0,881.2,880.8,-1938.3,1
361.84,SolaryAayan,Orange,378.34,755.83,648.53,0,33.0,1285.6,-845.9,592.7,0
362.73,rc,Blue,-472.84,575.62,959.18,0,33.0,1904.4,1647.5,-629.9,0
364.41,no friday rlcs streams :(,Orange,4153.22,1621.23,467.33,1,33.0,2299.9,-57.4,4282.6,1
368.11,no friday rlcs streams :(,Orange,2462.65,2158.81,1398.57,0,33.0,1056.6,-900.1,2571.7,1
369.36,no friday rlcs streams :(,Orange,1026.75,1468.06,475.67,0,33.0,1958.8,-1310.5,1126.0,0
369.43,rc,Blue,941.22,520.89,257.97,0,33.0,1649.9,1040.4,746.1,0
371.19,SolaryAayan,Orange,1035.03,172.42,566.36,0,33.0,491.5,-305.7,1087.6,0
372.13,Y,Blue,361.82,1144.5,170.84,0,33.0,1814.3,524.0,204.2,0
374.26,no friday rlcs streams :(,Orange,2183.87,1045.06,827.99,0,33.0,1895.2,1705.3,2216.4,0
374.57,Y,Blue,2404.54,2187.61,678.03,0,33.0,1534.4,1533.4,2228.5,1
376.3,Y,Blue,4308.78,2194.25,241.77,0,33.0,884.1,174.2,4117.7,0
378.85,SolaryAayan,Orange,4163.58,389.83,472.53,0,33.0,1758.5,138.5,4128.0,0
380.37,rc,Blue,3559.83,3449.46,910.23,0,33.0,1848.1,282.1,3442.9,0
381.74,no friday rlcs streams :(,Orange,4699.89,354.71,1159.95,0,33.0,901.4,682.2,4684.0,1
382.62,no friday rlcs streams :(,Orange,4419.89,490.63,1221.37,0,33.0,646.8,-633.5,4588.0,0
384.69,rc,Blue,998.78,1062.96,251.76,0,33.0,1606.8,-1462.8,1008.7,0
384.72,no friday rlcs streams :(,Orange,938.81,798.67,83.85,0,33.0,2245.0,-2244.9,1091.9,0
387.51,Y,Blue,-4809.14,1745.49,1089.33,1,33.0,2288.2,-2271.1,-4694.1,1
388.52,rc,Blue,-4144.51,1548.64,553.49,0,33.0,357.5,-300.0,-4113.6,1
390.5,Y,Blue,-1640.66,839.43,680.77,0,33.0,2298.6,2234.3,-1800.2,0
390.67,no friday rlcs streams :(,Orange,-1265.07,623.42,262.87,0,33.0,546.6,-495.4,-1175.6,0
9.77,Ghosty,Blue,18.86,1805.86,440.67,0,33.0,1986.1,1958.6,-146.1,0
9.8,Y,Orange,120.61,2652.82,297.39,0,33.0,2300.0,-2224.8,120.9,1
10.48,taro!,Orange,2033.84,2892.51,918.01,1,33.0,818.7,-788.4,2193.6,1
15.17,taro!,Orange,-4318.57,1445.53,1892.65,1,33.0,2052.3,-2011.0,-4169.9,1
16.25,taro!,Orange,-5013.22,1932.81,467.72,0,33.0,2293.8,0.7,-5103.0,1
18.21,Y,Orange,-4094.8,2149.25,3650.06,1,33.0,1884.0,-1190.9,-3899.4,1
19.63,Y,Orange,-4327.27,605.13,2777.96,1,33.0,889.6,324.1,-4389.2,0
21.96,no friday rlcs streams :(,Blue,-3391.19,3690.95,451.01,1,33.0,1418.1,1364.5,-3508.0,1
24.29,no friday rlcs streams :(,Blue,-611.38,2614.45,118.62,0,33.0,1379.4,653.3,-530.4,1
27.31,Ghosty,Blue,-4999.42,4531.12,250.12,1,33.0,1363.5,-1108.4,-4863.3,0
27.38,Y,Orange,-5058.12,3416.72,207.56,0,33.0,2127.5,-2105.5,-4865.5,0
29.84,no friday rlcs streams :(,Blue,-5195.94,3905.93,736.67,1,33.0,2300.0,-2282.1,-5180.1,1
37.18,no friday rlcs streams :(,Blue,12.34,529.82,67.15,0,33.0,2011.8,1463.5,-137.4,0
37.22,taro!,Orange,18.46,446.5,416.95,0,33.0,2281.0,-2146.0,257.4,1
40.1,Y,Orange,386.27,4264.63,672.64,1,33.0,210.2,210.2,457.1,1
42.31,Y,Orange,-515.13,2513.03,1872.54,0,33.0,1566.8,-1231.5,-287.4,1
43.57,Y,Orange,-2392.08,2488.29,1730.75,0,33.0,1914.7,-1782.2,-2244.1,0
44.41,Ghosty,Blue,-4439.46,821.31,600.12,0,33.0,543.2,-444.6,-4589.6,0
47.81,taro!,Orange,-3652.45,567.22,1629.08,0,33.0,491.0,-473.5,-3476.1,0
49.27,no friday rlcs streams :(,Blue,-4360.94,715.59,363.35,0,33.0,2036.5,833.7,-4492.5,0
50.42,Y,Orange,-3171.79,1272.74,429.39,0,33.0,1889.8,-1854.0,-3030.3,0
51.0,Ghosty,Blue,-4516.01,1246.74,654.11,0,33.0,314.0,73.5,-4674.3,0
52.69,taro!,Orange,-3280.29,2436.39,1166.92,0,33.0,1899.4,-1788.5,-3079.5,0
52.99,Ghosty,Blue,-3555.73,1429.26,335.28,0,33.0,2275.7,1835.3,-3634.5,1
54.41,no friday rlcs streams :(,Blue,-4935.15,944.64,963.22,0,33.0,261.4,-232.6,-5052.3,1
55.53,no friday rlcs streams :(,Blue,-5082.6,862.61,1094.76,0,33.0,365.4,246.1,-5195.1,1
57.57,no friday rlcs streams :(,Blue,-3350.05,2554.15,1772.61,0,33.0,1792.1,1602.2,-3472.7,1
59.73,Ghosty,Blue,1721.54,2073.3,2037.85,0,33.0,1599.7,1586.2,1745.9,1
71.17,Ghosty,Blue,0.0,535.89,71.6,0,33.0,2259.4,1706.5,-198.7,0
71.3,Y,Orange,183.14,558.14,372.45,0,33.0,1135.8,-912.4,353.8,0
71.85,no friday rlcs streams :(,Blue,-404.87,317.85,440.8,0,33.0,1993.6,1748.3,-474.2,1
75.33,Ghosty,Blue,927.43,3453.0,3014.91,0,33.0,632.8,499.2,841.0,1
76.55,Ghosty,Blue,1719.25,2442.79,1910.0,0,33.0,1539.1,1031.3,1590.2,1
78.34,Ghosty,Blue,3523.87,2597.27,610.8,0,33.0,1801.6,1153.3,3422.3,0
79.12,taro!,Orange,4905.64,465.24,495.78,0,33.0,1746.9,-664.1,4988.6,0
81.52,no friday rlcs streams :(,Blue,3352.07,3611.01,2183.72,0,33.0,2272.4,2220.8,3221.2,0
82.6,taro!,Orange,3574.85,1097.77,459.74,0,33.0,2123.3,-1691.6,3589.3,0
82.77,Ghosty,Blue,3614.11,1900.63,508.43,0,33.0,1934.1,-1631.9,3637.5,0
83.81,taro!,Orange,4728.42,1848.35,973.49,1,33.0,1754.3,248.4,4847.7,1
86.47,Y,Orange,3504.89,185.13,1285.93,0,33.0,1255.7,-1249.1,3645.2,0
88.2,Ghosty,Blue,92.78,2172.99,675.45,0,33.0,1021.7,429.3,-45.4,0
88.37,Y,Orange,262.5,2555.26,361.05,0,33.0,2299.3,-1572.0,385.1,0
92.78,Ghosty,Blue,4447.68,3677.23,993.27,0,33.0,1490.0,1488.2,4365.9,0
94.87,Y,Orange,4831.92,109.46,190.52,0,33.0,1313.3,-1029.5,5022.0,0
97.1,no friday rlcs streams :(,Blue,1660.46,2078.57,587.78,0,33.0,1981.9,-159.7,1589.2,1
99.71,no friday rlcs streams :(,Blue,2473.7,1353.46,1642.23,0,33.0,1072.3,740.7,2322.4,1
100.65,no friday rlcs streams :(,Blue,3100.76,1969.23,730.15,0,33.0,1429.3,658.1,2979.7,0
101.09,taro!,Orange,3765.21,1050.78,466.49,1,33.0,1908.3,-1763.4,3885.8,0
103.77,Ghosty,Blue,1503.88,1496.12,1743.25,0,33.0,1995.7,200.9,1358.7,0
105.63,taro!,Orange,3491.52,1287.89,2791.87,0,33.0,1314.5,1191.1,3531.7,1
107.67,Y,Orange,4258.31,434.77,1428.0,0,33.0,2292.8,-277.4,4296.9,1
109.29,taro!,Orange,4743.66,804.37,452.66,1,33.0,2280.0,-248.4,4670.9,1
112.3,Y,Orange,2953.64,1102.88,1624.45,0,33.0,1829.4,-1503.5,3151.7,0
114.3,Ghosty,Blue,1722.34,1701.47,576.84,0,33.0,2290.5,897.5,1551.2,0
114.44,Y,Orange,1886.41,1407.66,391.32,0,33.0,2072.1,-237.1,2048.2,1
116.19,Y,Orange,612.79,2421.65,424.22,0,33.0,1693.0,-114.2,614.0,1
118.02,taro!,Orange,-6.24,568.25,1653.61,0,33.0,1917.9,-1862.2,141.3,1
119.98,Y,Orange,-455.67,1465.92,2160.16,0,33.0,1336.2,-1017.0,-302.6,0
122.76,Ghosty,Blue,-4139.53,1864.1,513.76,0,33.0,2247.1,1538.2,-4287.8,1
125.4,no friday rlcs streams :(,Blue,-888.31,1695.3,723.92,0,33.0,1586.3,1401.0,-1054.9,1
128.26,no friday rlcs streams :(,Blue,3642.47,3038.85,825.49,0,33.0,1563.6,1061.1,3500.3,0
143.02,taro!,Orange,19.54,409.33,412.65,0,33.0,2219.2,-2117.3,258.1,0
143.02,no friday rlcs streams :(,Blue,19.54,421.27,181.32,0,33.0,1952.9,1747.3,-144.3,1
144.95,Ghosty,Blue,1064.49,543.46,1026.47,0,33.0,1929.4,1878.1,881.4,0
146.6,Y,Orange,4976.37,1402.23,1149.22,1,33.0,2293.3,2245.3,4880.1,0
148.62,Ghosty,Blue,3532.49,2498.77,2069.66,0,33.0,179.0,-118.6,3500.4,1
149.91,Ghosty,Blue,3237.25,3138.76,1080.97,0,33.0,721.7,-205.1,3181.9,1
151.19,Ghosty,Blue,3493.12,2489.37,1526.99,0,33.0,1353.3,279.5,3402.2,1
152.64,Ghosty,Blue,4057.01,1720.53,331.77,0,33.0,1419.0,1175.7,3907.9,1
155.72,no friday rlcs streams :(,Blue,5207.1,659.65,1868.18,0,33.0,2300.0,2251.1,5073.0,0
162.79,Y,Orange,-15.97,306.43,405.69,0,33.0,2280.4,-2257.3,146.4,0
162.82,Ghosty,Blue,-29.65,417.47,185.09,0,33.0,1029.0,-115.3,-145.2,0
165.87,taro!,Orange,-2781.12,1009.8,248.38,0,33.0,2025.2,-1688.4,-2673.1,1
167.73,Y,Orange,-3614.59,2008.91,1654.99,0,33.0,1437.5,-877.3,-3448.9,0
178.13,Ghosty,Blue,0.0,619.37,60.55,0,33.0,2211.1,1789.0,-81.1,1
180.56,no friday rlcs streams :(,Blue,0.0,455.2,138.0,0,33.0,2086.1,2044.9,-196.3,0
180.62,taro!,Orange,38.45,356.03,324.6,0,33.0,230.9,32.6,175.9,1
182.11,Y,Orange,385.67,413.05,558.59,0,33.0,2286.3,-914.1,488.7,1
182.15,taro!,Orange,357.82,337.96,133.29,0,33.0,466.2,-61.7,165.7,0
186.78,no friday rlcs streams :(,Blue,2880.67,1277.68,570.45,0,33.0,2025.7,2024.2,2684.7,0
187.26,taro!,Orange,4465.24,1440.66,1025.79,0,33.0,1982.1,1762.4,4380.7,0
201.2,no friday rlcs streams :(,Blue,39.7,531.62,63.7,0,33.0,2276.3,1832.0,-141.4,0
201.36,taro!,Orange,357.01,754.82,438.12,0,33.0,1769.5,-1336.3,506.7,0
201.8,Ghosty,Blue,-580.56,648.67,433.85,0,33.0,1762.3,1369.8,-574.0,0
204.68,Y,Orange,-5025.9,1956.8,185.21,0,33.0,288.5,4.2,-5103.1,1
205.86,Y,Orange,-4477.48,956.58,159.16,0,33.0,1273.7,640.9,-4573.5,0
205.93,Ghosty,Blue,-4436.93,1723.49,104.17,0,33.0,2088.6,1448.7,-4614.3,1
209.26,Ghosty,Blue,1071.87,1715.55,457.02,0,33.0,2064.9,1833.8,970.2,1
211.02,no friday rlcs streams :(,Blue,5116.36,788.02,1744.3,0,33.0,2299.9,2126.3,4907.6,1
221.0,Ghosty,Blue,68.62,504.17,115.72,0,33.0,2285.7,1662.3,-102.8,0
221.07,Y,Orange,174.82,538.32,459.74,0,33.0,322.1,-286.6,333.8,0
221.75,no friday rlcs streams :(,Blue,40.05,225.37,508.57,0,33.0,2034.5,1845.8,-99.7,0
223.44,taro!,Orange,4314.2,916.64,1183.99,0,33.0,1423.3,-274.6,4359.1,0
225.6,no friday rlcs streams :(,Blue,3885.78,2318.47,827.5,0,33.0,417.2,-357.3,3803.2,0
227.6,taro!,Orange,3765.34,1177.14,526.5,0,33.0,1363.8,-1312.6,3968.5,0
227.73,no friday rlcs streams :(,Blue,3660.37,2958.63,314.53,0,33.0,1423.7,-103.5,3488.5,0
228.81,Y,Orange,3946.4,894.18,1053.13,0,33.0,401.7,-122.2,4102.9,0
230.4,Ghosty,Blue,2687.22,1084.68,423.31,0,33.0,1923.3,1848.0,2507.7,0
230.44,Y,Orange,2758.42,675.78,423.31,0,33.0,1961.9,-1718.0,2919.2,0
234.49,Ghosty,Blue,3869.17,2709.94,546.63,0,33.0,1258.5,-639.5,3807.2,1
236.85,no friday rlcs streams :(,Blue,4935.3,1075.04,298.31,0,33.0,2297.0,2180.9,4747.4,1
246.81,no friday rlcs streams :(,Blue,0.0,356.82,239.01,0,33.0,2262.3,1996.2,-180.8,0
246.85,taro!,Orange,24.93,344.8,309.35,0,33.0,420.2,-240.7,190.3,1
248.99,Y,Orange,103.52,747.78,269.6,0,33.0,2288.3,506.9,149.2,0
249.66,Ghosty,Blue,-87.76,785.16,10.26,0,33.0,223.7,-223.7,17.0,0
251.08,Y,Orange,-1366.62,760.56,540.71,0,33.0,1574.7,-860.4,-1313.7,1
252.74,Y,Orange,-3396.59,1782.73,1128.9,0,33.0,2284.2,-1594.3,-3242.8,0
253.34,no friday rlcs streams :(,Blue,-4480.91,1424.09,387.59,1,33.0,2069.2,527.4,-4416.1,1
263.55,Ghosty,Blue,0.0,376.76,219.42,0,33.0,2256.1,1903.5,-173.9,0
263.61,Y,Orange,-11.63,308.88,313.15,0,33.0,290.7,-287.3,152.5,1
265.08,taro!,Orange,-253.17,1463.92,186.12,0,33.0,2077.0,51.1,-129.6,0
265.25,no friday rlcs streams :(,Blue,-279.35,959.69,123.29,0,33.0,2300.0,181.0,-169.9,0
266.0,Y,Orange,-381.74,652.87,581.29,0,33.0,2084.2,-1871.6,-555.8,0
266.44,no friday rlcs streams :(,Blue,-440.16,1138.42,328.4,0,33.0,889.2,-809.1,-445.1,1
268.91,no friday rlcs streams :(,Blue,218.01,1312.68,387.13,0,33.0,2088.5,1659.9,49.2,0
270.37,Y,Orange,3812.25,1068.08,791.57,0,33.0,2299.1,9.1,3845.3,1
271.93,taro!,Orange,4693.46,1049.91,1725.34,0,33.0,794.9,-393.6,4711.4,1
273.42,Y,Orange,2500.38,1396.77,626.15,0,33.0,1329.5,-1050.1,2521.7,0
275.99,Ghosty,Blue,-1670.93,621.93,684.7,0,33.0,1124.2,975.2,-1850.0,0
277.56,Y,Orange,1445.61,719.01,749.61,0,33.0,2039.6,2035.5,1598.9,1
277.83,taro!,Orange,1962.18,557.26,1274.73,0,33.0,969.1,-803.2,2143.7,1
279.69,taro!,Orange,-27.62,1413.62,786.33,0,33.0,1976.9,-1948.0,94.2,1
281.79,taro!,Orange,-4079.24,1689.55,938.05,0,33.0,2195.4,-1747.9,-3942.0,0
281.96,Ghosty,Blue,-4410.84,2693.33,415.55,1,33.0,1864.9,-611.5,-4487.3,0
293.62,Y,Orange,0.0,265.75,253.98,0,33.0,2221.3,-1673.7,119.5,0
295.42,no friday rlcs streams :(,Blue,67.64,455.0,150.05,0,33.0,1985.5,1967.5,-132.2,0
295.48,taro!,Orange,168.4,467.2,272.75,0,33.0,1036.1,-1036.1,311.6,0
298.52,no friday rlcs streams :(,Blue,1797.13,1577.7,668.37,0,33.0,1347.8,1347.2,1639.9,0
298.79,taro!,Orange,2012.14,486.06,447.11,0,33.0,2196.4,1927.0,2125.1,0
303.0,Ghosty,Blue,2047.62,575.09,1169.76,0,33.0,2282.8,2277.1,1946.9,0
306.03,Y,Orange,3632.15,928.93,476.28,0,33.0,574.7,-300.8,3816.3,1
308.13,taro!,Orange,4645.4,1134.35,1045.22,0,33.0,785.8,-298.0,4672.8,1
311.86,taro!,Orange,1550.6,627.46,375.54,0,33.0,2149.4,-1900.0,1723.0,0
314.22,Ghosty,Blue,-4295.53,1653.43,716.92,1,33.0,1520.9,-417.7,-4387.3,0
315.52,taro!,Orange,-4064.67,3517.23,1298.56,0,33.0,1210.1,936.6,-4140.4,0
316.33,Ghosty,Blue,-3576.77,1721.26,347.84,0,33.0,2154.8,1970.7,-3765.5,0
316.97,Y,Orange,-1956.99,930.2,211.6,0,33.0,1322.9,1255.8,-1871.2,1
320.11,Y,Orange,4615.33,1902.61,634.2,0,33.0,2203.2,2104.2,4489.9,1
324.32,taro!,Orange,-216.15,1504.82,933.32,0,33.0,1373.8,-1365.1,-36.2,0
325.44,no friday rlcs streams :(,Blue,-1796.35,199.41,660.33,0,33.0,605.7,-599.2,-2006.6,0
325.68,taro!,Orange,-1940.06,2128.41,439.14,0,33.0,1383.5,-1312.9,-1763.1,0
326.97,Ghosty,Blue,-2245.15,869.65,915.93,0,33.0,1451.1,1410.9,-2377.6,1
328.7,Ghosty,Blue,34.7,248.6,438.33,0,33.0,1686.3,1617.0,-104.6,1
331.18,Ghosty,Blue,3209.26,961.83,380.13,0,33.0,1119.4,872.0,3136.5,0
331.32,taro!,Orange,3371.86,1019.11,305.63,0,33.0,1019.2,844.8,3481.3,1
333.25,Y,Orange,4169.64,722.37,1209.01,0,33.0,1537.8,-911.5,4341.0,0
334.06,no friday rlcs streams :(,Blue,2942.47,1830.88,559.55,0,33.0,420.0,290.4,2733.4,0
334.16,Y,Orange,2934.69,833.75,423.51,0,33.0,1563.6,-1428.0,3171.4,1
336.06,taro!,Orange,3649.68,1229.87,565.34,0,33.0,2288.6,473.3,3675.0,1
338.53,taro!,Orange,3359.66,2182.96,1624.43,0,33.0,1068.3,-1068.2,3515.3,1
339.89,taro!,Orange,1919.63,994.72,290.97,0,33.0,2199.4,-1928.4,2025.0,1
341.18,taro!,Orange,-196.51,1166.14,1149.62,0,33.0,1920.3,-1293.3,-225.5,0
343.45,no friday rlcs streams :(,Blue,-3652.49,437.18,1327.78,0,33.0,1270.3,267.7,-3835.5,0
344.81,Y,Orange,-2503.55,504.24,1380.56,0,33.0,1622.6,-471.3,-2288.9,0
345.53,Ghosty,Blue,-4166.02,923.41,536.05,1,33.0,2288.8,-213.2,-4329.6,1
345.73,no friday rlcs streams :(,Blue,-4147.25,460.38,910.19,0,33.0,2295.1,961.0,-4208.6,1
350.58,no friday rlcs streams :(,Blue,-2349.44,449.05,646.09,0,33.0,1666.6,-4.3,-2412.5,0
350.75,taro!,Orange,-2076.89,1699.67,105.67,0,33.0,2254.7,-2140.6,-2165.4,0
354.86,Ghosty,Blue,4538.15,1452.18,284.23,0,33.0,1991.5,1208.6,4524.4,0
357.14,taro!,Orange,4703.62,317.19,330.02,0,33.0,2288.1,2280.2,4624.1,0
359.61,no friday rlcs streams :(,Blue,4396.96,1153.58,337.28,0,33.0,2046.1,817.0,4327.0,0
363.54,Y,Orange,2053.9,884.22,774.43,0,33.0,1387.2,-1178.9,2180.9,0
365.35,Ghosty,Blue,-319.92,452.69,361.49,0,33.0,988.1,56.3,-446.7,0
369.27,Y,Orange,2282.25,772.2,830.41,0,33.0,2269.1,-1527.1,2483.4,0
369.41,Ghosty,Blue,2114.49,1258.17,384.49,0,33.0,1910.9,1821.7,1999.5,0
372.94,Y,Orange,-4225.81,2242.71,868.07,0,33.0,2279.7,-2142.5,-4199.9,1
374.98,taro!,Orange,-4326.55,1400.75,666.72,0,33.0,2292.2,-2253.1,-4184.9,0
375.08,no friday rlcs streams :(,Blue,-4451.63,1766.5,479.72,1,33.0,826.0,592.7,-4524.4,0
379.06,Y,Orange,-3250.84,882.21,602.96,0,33.0,1598.5,-1476.5,-3137.4,0
381.08,Ghosty,Blue,-4957.47,1669.07,730.66,1,33.0,942.2,525.4,-4945.2,0
382.36,taro!,Orange,-4303.29,1217.78,836.03,0,33.0,1233.5,-732.9,-4185.2,0
382.63,no friday rlcs streams :(,Blue,-4550.55,866.63,329.95,0,33.0,1926.9,-842.4,-4518.0,1
385.48,no friday rlcs streams :(,Blue,-2831.38,1926.49,2050.71,0,33.0,1745.7,1374.0,-2954.3,0
387.93,Y,Orange,1543.24,1118.08,1607.89,0,33.0,1514.6,-1199.8,1673.2,1
388.84,Y,Orange,270.87,413.97,349.14,0,33.0,1239.5,-1235.8,449.4,0
389.46,no friday rlcs streams :(,Blue,-458.9,173.8,418.98,0,33.0,1830.5,-915.9,-581.1,0
390.61,Y,Orange,-1461.28,1271.0,693.06,0,33.0,1257.1,-1213.2,-1356.6,0
392.11,no friday rlcs streams :(,Blue,-3361.05,482.79,601.86,0,33.0,1987.7,-998.1,-3358.9,0
395.43,taro!,Orange,-3582.06,205.3,997.32,0,33.0,1046.6,-678.3,-3428.2,0
396.65,Ghosty,Blue,-4897.68,1581.77,687.73,1,33.0,921.1,0.3,-5103.0,1
398.19,Ghosty,Blue,-4072.55,761.51,262.86,0,33.0,1995.6,1279.6,-4180.7,0
399.35,Y,Orange,-2155.9,693.25,909.49,0,33.0,1011.2,-954.2,-2036.1,0
401.31,no friday rlcs streams :(,Blue,-4527.51,408.47,767.12,0,33.0,609.0,-363.6,-4612.8,0
402.13,taro!,Orange,-4985.28,1477.1,910.19,0,33.0,2299.9,53.6,-4811.9,1
403.25,Y,Orange,-4510.96,536.09,978.09,0,33.0,1712.6,-411.9,-4450.3,0
405.92,Ghosty,Blue,-4062.82,2386.66,324.52,0,33.0,1435.2,1424.0,-4199.3,1
407.63,Ghosty,Blue,-1753.46,730.35,690.31,0,33.0,1611.6,1426.8,-1748.7,0
408.37,taro!,Orange,-964.97,1048.54,189.88,0,33.0,2297.6,-1724.9,-798.4,0
410.25,no friday rlcs streams :(,Blue,-4175.51,1630.43,1109.4,1,33.0,1404.9,-839.2,-4236.6,0
411.57,taro!,Orange,-4643.39,2333.43,246.12,0,33.0,470.2,340.0,-4839.4,0
412.69,no friday rlcs streams :(,Blue,-3706.88,2901.3,449.07,0,33.0,1815.5,1815.3,-3921.9,0
412.72,Y,Orange,-3667.34,347.74,404.37,0,33.0,1899.8,-1267.9,-3540.8,0
416.0,no friday rlcs streams :(,Blue,-2263.98,518.52,1639.56,0,33.0,246.7,246.7,-2079.0,1
416.2,Ghosty,Blue,-2220.49,300.14,1922.83,0,33.0,1259.1,1259.1,-2379.1,1
417.23,Ghosty,Blue,-920.39,748.54,517.47,0,33.0,1735.0,1554.0,-1073.3,0
11.39,Chief God Teresa,Orange,0.0,1359.17,507.68,0,33.0,2286.0,-2281.8,223.3,0
11.46,Taha (RLCS PRO BLUE TAG),Blue,-43.42,1525.59,332.47,0,33.0,841.3,794.0,-181.1,0
15.36,roejoganexperience,Orange,-3302.44,3456.76,1985.16,0,33.0,375.1,-375.1,-3186.9,0
17.23,deevo,Blue,-4127.08,4770.11,280.27,0,33.0,1417.8,1256.5,-4245.1,1
19.79,deevo,Blue,547.28,4222.18,992.68,0,33.0,1807.8,1465.3,506.4,0
21.56,roejoganexperience,Orange,4286.3,2899.13,1442.88,1,33.0,1886.2,1868.5,4207.5,0
23.63,Taha (RLCS PRO BLUE TAG),Blue,1136.92,4332.85,1701.14,1,33.0,620.4,-7.5,1060.7,1
25.8,Taha (RLCS PRO BLUE TAG),Blue,2029.2,896.84,1235.32,1,33.0,1438.5,1366.6,1828.0,0
26.93,roejoganexperience,Orange,3860.97,520.39,778.57,1,33.0,1096.1,-1033.1,4069.2,0
28.7,deevo,Blue,1075.97,2091.82,1895.37,1,33.0,1069.5,-1069.5,1027.8,1
30.2,deevo,Blue,21.67,1612.1,796.54,1,33.0,1353.9,-109.3,-115.9,1
31.8,deevo,Blue,118.09,2667.01,2045.57,0,33.0,1709.1,310.9,-11.1,0
33.49,Chief God Teresa,Orange,1004.99,2638.61,864.83,0,33.0,1791.7,343.2,1188.6,1
36.03,Chief God Teresa,Orange,381.07,1630.27,167.09,0,33.0,1125.3,551.7,340.8,0
36.06,deevo,Blue,379.59,2348.81,188.28,0,33.0,1666.5,353.6,198.6,0
36.69,roejoganexperience,Orange,1081.37,706.73,814.04,1,33.0,802.6,-723.4,1254.2,1
37.69,roejoganexperience,Orange,580.5,1568.13,1846.05,0,33.0,654.7,-632.9,697.0,0
40.16,deevo,Blue,-2290.0,1380.08,1358.81,1,33.0,1446.7,-807.9,-2269.9,1
41.39,deevo,Blue,-3996.03,2864.06,1787.8,1,33.0,2085.7,-1429.3,-4076.8,0
42.46,roejoganexperience,Orange,-3444.92,4135.19,398.2,0,33.0,544.9,-449.6,-3278.5,0
44.59,Taha (RLCS PRO BLUE TAG),Blue,-3572.16,3313.15,1004.16,1,33.0,269.6,-267.6,-3693.1,0
47.39,Chief God Teresa,Orange,250.26,3036.9,1768.22,1,33.0,2285.1,2282.7,62.9,1
51.42,Chief God Teresa,Orange,3846.61,2013.42,2081.44,0,33.0,1246.5,-744.8,3940.0,1
53.46,Chief God Teresa,Orange,2104.01,2951.8,974.63,0,33.0,1810.9,-1142.7,2232.3,0
53.72,Taha (RLCS PRO BLUE TAG),Blue,1844.7,1117.48,248.33,0,33.0,1820.7,1797.5,1702.3,0
56.09,roejoganexperience,Orange,4752.1,3149.47,380.31,1,33.0,1316.5,-204.7,4893.5,1
58.59,Chief God Teresa,Orange,685.18,2520.27,1072.16,0,33.0,1963.1,-1784.5,805.4,0
59.22,deevo,Blue,-669.02,4834.5,528.59,1,33.0,844.0,-792.0,-856.2,0
61.59,roejoganexperience,Orange,-1712.25,2495.97,1285.42,1,33.0,1167.7,-989.5,-1630.0,1
62.69,roejoganexperience,Orange,-2874.33,914.76,770.98,1,33.0,1837.9,-1144.4,-2722.3,0
64.05,Taha (RLCS PRO BLUE TAG),Blue,-4953.96,1255.06,429.68,1,33.0,2047.1,810.3,-5098.6,0
67.69,Chief God Teresa,Orange,-1767.41,4361.39,1752.74,1,33.0,2295.1,-1008.6,-1571.1,1
69.89,Chief God Teresa,Orange,-4725.84,2387.97,205.83,0,33.0,1683.4,-1160.4,-4660.2,1
71.59,roejoganexperience,Orange,-4658.69,115.46,633.09,0,33.0,1752.3,-1439.0,-4468.2,0
89.58,deevo,Blue,0.0,1623.47,541.03,0,33.0,2268.3,1883.7,-195.7,0
89.61,roejoganexperience,Orange,-14.34,1661.29,363.74,0,33.0,1995.9,-1823.3,148.7,1
92.21,Chief God Teresa,Orange,768.19,873.25,836.52,1,33.0,1107.2,1105.9,679.9,0
94.08,Taha (RLCS PRO BLUE TAG),Blue,1346.43,3387.56,1216.22,0,33.0,476.7,429.9,1215.1,0
97.21,roejoganexperience,Orange,4020.99,461.73,256.92,0,33.0,1850.7,-950.3,4123.8,1
98.81,roejoganexperience,Orange,3062.32,2689.48,2018.46,0,33.0,1499.4,-623.0,3131.2,1
101.04,roejoganexperience,Orange,145.65,589.56,1016.01,0,33.0,1893.5,-1816.9,320.5,0
101.91,deevo,Blue,-1795.81,3953.49,538.46,0,33.0,1403.4,-1382.3,-1920.0,1
103.97,deevo,Blue,-4494.09,5691.08,430.53,1,33.0,425.6,301.4,-4655.2,1
107.41,deevo,Blue,-1174.98,1476.6,1388.11,0,33.0,1344.3,1203.1,-1243.3,0
108.64,Chief God Teresa,Orange,468.91,1318.13,713.65,0,33.0,1077.7,795.4,641.7,0
109.51,deevo,Blue,751.87,748.11,328.3,0,33.0,2130.0,1759.0,633.9,1
112.81,Taha (RLCS PRO BLUE TAG),Blue,1903.04,676.99,1215.58,0,33.0,2233.3,2180.0,1720.0,0
113.97,roejoganexperience,Orange,4312.61,2864.18,700.4,1,33.0,815.6,-658.0,4535.2,1
114.84,Chief God Teresa,Orange,3371.39,1481.49,814.85,0,33.0,826.9,521.9,3304.1,1
117.04,roejoganexperience,Orange,2684.32,823.25,1206.25,0,33.0,907.6,-462.7,2762.2,0
118.6,deevo,Blue,1090.67,4152.43,592.3,0,33.0,1247.9,-597.4,969.2,0
121.1,Chief God Teresa,Orange,2200.84,3142.5,1165.59,0,33.0,701.9,-506.8,2327.7,1
123.54,Chief God Teresa,Orange,-937.92,2549.13,1098.97,0,33.0,1961.3,-1901.1,-790.4,0
124.94,deevo,Blue,-3752.09,2547.64,1437.55,0,33.0,1055.0,250.8,-3908.5,1
126.7,deevo,Blue,-3853.52,5218.76,759.7,0,33.0,640.8,636.6,-4040.9,0
126.87,roejoganexperience,Orange,-3788.93,1317.69,374.85,0,33.0,1762.1,-1727.6,-3569.7,0
128.57,deevo,Blue,-2869.57,2639.13,656.93,0,33.0,1589.8,1575.3,-3042.0,1
129.6,deevo,Blue,-1016.8,988.22,423.33,0,33.0,2104.8,2082.7,-1179.8,0
129.97,Chief God Teresa,Orange,-157.01,813.43,519.89,0,33.0,1754.4,1711.3,58.5,1
131.87,roejoganexperience,Orange,3785.8,1400.66,363.52,0,33.0,2239.3,2102.3,3785.8,0
131.87,deevo,Blue,3785.8,982.95,363.52,0,33.0,2090.4,1625.3,3857.2,0
134.24,Chief God Teresa,Orange,3113.0,885.4,1914.26,0,33.0,1271.2,-1032.0,3250.8,1
137.2,Chief God Teresa,Orange,-703.13,4927.8,1996.73,0,33.0,2116.6,-2111.2,-562.0,0
138.23,deevo,Blue,-3506.33,404.9,1178.66,0,33.0,1230.0,-860.0,-3647.6,1
139.73,Taha (RLCS PRO BLUE TAG),Blue,-4872.95,507.34,1110.25,0,33.0,1408.9,-901.3,-4899.1,0
140.13,Chief God Teresa,Orange,-4828.61,4091.56,445.24,0,33.0,1459.4,-69.5,-4696.3,0
142.87,deevo,Blue,-2091.48,3149.48,1587.46,0,33.0,1951.6,1600.4,-2205.6,0
145.2,roejoganexperience,Orange,3275.69,4278.47,2061.06,1,33.0,2044.1,1132.2,3403.8,1
148.8,roejoganexperience,Orange,2929.02,3358.3,2839.63,1,33.0,1005.0,-459.7,3073.5,0
150.5,deevo,Blue,388.52,1591.18,625.11,0,33.0,1216.9,1184.8,175.4,0
152.03,Chief God Teresa,Orange,2345.72,1926.19,397.85,1,33.0,2272.2,331.8,2453.0,0
154.76,Taha (RLCS PRO BLUE TAG),Blue,1828.62,1420.26,1250.45,0,33.0,1733.3,1504.9,1664.0,1
156.8,Taha (RLCS PRO BLUE TAG),Blue,4869.4,4758.11,503.42,0,33.0,2117.4,1170.3,4757.4,0
156.86,roejoganexperience,Orange,4935.5,4717.82,375.44,1,33.0,1547.4,-693.7,4931.3,1
158.5,Chief God Teresa,Orange,3007.77,2574.92,1233.57,0,33.0,1869.5,243.8,3026.6,1
162.03,Chief God Teresa,Orange,-1366.29,1449.89,1193.81,0,33.0,1605.2,-1595.2,-1215.3,1
163.19,Chief God Teresa,Orange,-3457.82,1520.72,1114.11,0,33.0,2043.4,-1975.8,-3309.7,0
163.89,deevo,Blue,-4982.09,733.89,310.32,1,33.0,498.5,465.0,-5045.2,0
163.96,Chief God Teresa,Orange,-4920.59,2451.19,190.62,0,33.0,2098.3,-2012.2,-4883.1,1
167.19,roejoganexperience,Orange,2276.83,3917.66,1592.3,1,33.0,1885.8,1114.4,2326.6,1
169.59,roejoganexperience,Orange,3877.89,2064.99,3591.15,1,33.0,1427.5,-1238.1,4038.7,1
171.56,roejoganexperience,Orange,671.69,1877.22,938.73,0,33.0,2053.2,-2052.5,824.2,0
172.89,Taha (RLCS PRO BLUE TAG),Blue,-1542.02,2216.02,270.56,0,33.0,1017.0,-1009.4,-1622.2,1
173.89,deevo,Blue,-2812.18,383.11,592.34,0,33.0,1568.6,735.1,-3031.7,0
173.99,roejoganexperience,Orange,-2723.78,2499.09,463.53,0,33.0,1640.4,-1164.5,-2515.1,1
178.12,Chief God Teresa,Orange,-2876.11,3775.86,795.21,0,33.0,1635.5,-1379.0,-2752.2,0
179.06,Taha (RLCS PRO BLUE TAG),Blue,-4458.23,728.11,1885.74,1,33.0,1567.8,-95.0,-4655.4,1
182.42,Taha (RLCS PRO BLUE TAG),Blue,-2950.1,771.93,941.29,0,33.0,1084.8,1065.8,-3096.7,1
183.12,Taha (RLCS PRO BLUE TAG),Blue,-2049.18,1234.39,457.91,0,33.0,1686.7,1673.5,-2169.2,0
185.12,roejoganexperience,Orange,1978.58,505.14,468.21,1,33.0,1117.0,-1066.9,2224.3,1
185.16,Chief God Teresa,Orange,2032.66,301.43,167.25,0,33.0,2198.5,2137.3,1929.2,0
185.19,Taha (RLCS PRO BLUE TAG),Blue,1973.25,2867.26,33.63,0,33.0,1611.1,1602.5,1895.8,1
187.79,deevo,Blue,-499.36,2645.65,2006.56,0,33.0,2280.0,-1217.1,-301.4,1
191.32,deevo,Blue,-4829.87,931.52,3023.06,1,33.0,349.7,-187.1,-4965.2,1
193.92,deevo,Blue,-4493.67,482.36,821.82,0,33.0,1166.8,1166.6,-4706.7,1
195.49,deevo,Blue,-2141.31,2129.07,826.27,0,33.0,1999.3,1993.6,-2262.4,1
196.65,deevo,Blue,260.58,2249.81,907.89,0,33.0,2164.1,2143.5,154.6,1
199.09,deevo,Blue,5066.9,3769.37,734.77,0,33.0,1987.9,1698.9,5149.0,0
199.49,Chief God Teresa,Orange,4774.55,1274.36,1119.21,1,33.0,391.3,278.4,4577.3,1
200.59,Chief God Teresa,Orange,4116.63,2322.94,1149.31,0,33.0,865.8,-844.2,4335.7,1
201.75,roejoganexperience,Orange,3149.82,189.45,1579.21,1,33.0,2292.4,-1318.3,3379.0,0
203.75,Taha (RLCS PRO BLUE TAG),Blue,140.82,3688.86,338.75,0,33.0,1767.0,644.2,9.9,0
203.79,Chief God Teresa,Orange,132.36,2312.35,338.75,0,33.0,1754.4,1711.3,58.5,0
204.76,Taha (RLCS PRO BLUE TAG),Blue,543.92,3868.23,339.32,0,33.0,765.2,657.0,397.4,1
206.92,Taha (RLCS PRO BLUE TAG),Blue,2354.71,2701.21,1833.34,0,33.0,1766.9,1503.5,2231.5,1
207.95,Taha (RLCS PRO BLUE TAG),Blue,4077.75,2879.16,659.8,0,33.0,2297.1,1801.6,3911.1,0
208.32,Chief God Teresa,Orange,4717.42,213.78,240.66,0,33.0,1058.7,781.4,4698.5,1
208.35,roejoganexperience,Orange,4745.68,213.78,319.88,1,33.0,705.4,530.4,4821.2,0
211.32,deevo,Blue,-103.8,3535.29,659.21,0,33.0,1455.4,-54.2,-209.2,0
211.45,Chief God Teresa,Orange,-83.63,2312.35,570.58,0,33.0,1754.4,1711.3,58.5,0
212.65,deevo,Blue,123.59,4029.04,81.71,0,33.0,595.8,595.8,-21.3,1
213.75,deevo,Blue,882.75,3329.6,859.96,0,33.0,1179.0,877.9,767.2,0
215.32,roejoganexperience,Orange,1951.37,2634.69,145.42,0,33.0,1541.4,-984.6,2135.8,0
218.22,Taha (RLCS PRO BLUE TAG),Blue,-3347.53,5021.06,1904.84,0,33.0,990.6,859.5,-3532.8,1
221.35,Taha (RLCS PRO BLUE TAG),Blue,1859.88,3417.35,605.57,0,33.0,2218.2,2101.5,1720.2,0
221.45,Chief God Teresa,Orange,2069.57,2187.83,430.01,0,33.0,1706.1,-1091.8,2216.4,1
224.22,roejoganexperience,Orange,4362.67,6608.5,1607.78,1,33.0,2035.3,-1447.8,4545.9,0
226.15,deevo,Blue,252.91,1970.32,233.08,0,33.0,1537.8,-1537.2,37.0,0
226.35,roejoganexperience,Orange,-110.51,3883.02,268.66,0,33.0,2244.9,-2240.8,1.7,1
227.72,roejoganexperience,Orange,-1714.4,2874.43,444.29,0,33.0,563.1,-563.1,-1768.3,1
229.15,roejoganexperience,Orange,-3056.76,1880.12,1358.18,0,33.0,1177.2,-993.2,-2975.1,0
230.72,Taha (RLCS PRO BLUE TAG),Blue,-4445.33,974.55,382.76,0,33.0,1686.2,692.5,-4406.4,0
230.85,roejoganexperience,Orange,-4560.84,3499.34,260.32,0,33.0,1426.8,-1107.4,-4503.3,0
231.92,Taha (RLCS PRO BLUE TAG),Blue,-4826.85,1142.58,438.62,1,33.0,627.1,559.7,-4960.8,0
232.15,roejoganexperience,Orange,-4677.64,2099.69,241.14,0,33.0,1501.6,799.2,-4689.6,1
234.38,Chief God Teresa,Orange,-2086.26,1483.5,1477.88,0,33.0,2192.5,1108.1,-2072.6,1
236.68,roejoganexperience,Orange,-706.4,585.98,1838.09,0,33.0,1245.2,-1209.5,-527.2,0
237.88,deevo,Blue,-2101.07,3760.91,269.3,0,33.0,2215.8,958.1,-2274.5,0
237.95,roejoganexperience,Orange,-2066.33,1059.62,175.14,0,33.0,2250.0,-1507.6,-2123.6,1
240.11,Chief God Teresa,Orange,705.64,4028.99,537.07,1,33.0,2044.7,-1742.2,877.2,0
242.45,Taha (RLCS PRO BLUE TAG),Blue,-3749.45,2273.66,1911.13,0,33.0,742.3,414.7,-3898.9,0
245.01,roejoganexperience,Orange,-492.91,1779.72,549.68,0,33.0,1794.9,567.2,-325.5,0
245.21,deevo,Blue,-514.79,2584.23,390.09,0,33.0,2115.6,1942.2,-397.6,0
246.51,Chief God Teresa,Orange,-1207.55,3511.37,1507.07,0,33.0,2145.1,-545.8,-1160.5,0
249.61,Taha (RLCS PRO BLUE TAG),Blue,-2766.08,2113.02,823.19,0,33.0,2277.3,2027.1,-2953.5,1
253.18,Taha (RLCS PRO BLUE TAG),Blue,3933.72,3385.99,3590.45,0,33.0,2244.9,2162.4,3768.7,0
255.31,roejoganexperience,Orange,3749.52,1065.01,2735.12,1,33.0,1168.3,-952.8,3844.3,0
256.04,deevo,Blue,2659.36,1924.86,229.47,0,33.0,1682.1,1529.8,2606.0,0
259.21,roejoganexperience,Orange,-2832.38,4874.94,2239.75,0,33.0,2264.2,-2263.7,-2716.1,1
261.44,Chief God Teresa,Orange,-4198.62,584.37,1051.23,0,33.0,1841.7,-1777.1,-4057.8,0
261.81,Taha (RLCS PRO BLUE TAG),Blue,-4843.52,1759.94,920.34,1,33.0,2200.1,-669.1,-5023.9,0
271.61,Chief God Teresa,Orange,-27.36,1246.41,434.35,0,33.0,1992.2,-1550.4,133.0,0
271.64,Taha (RLCS PRO BLUE TAG),Blue,-44.78,1430.49,310.28,0,33.0,910.6,-256.6,-177.8,0
272.91,roejoganexperience,Orange,-129.06,2672.72,459.06,0,33.0,1841.0,-198.1,-2.6,1
274.87,roejoganexperience,Orange,470.74,461.58,731.16,0,33.0,457.2,454.2,511.1,0
275.34,Taha (RLCS PRO BLUE TAG),Blue,508.14,871.06,372.26,0,33.0,1197.5,334.8,418.9,0
277.57,roejoganexperience,Orange,310.0,1239.95,1398.36,0,33.0,1851.9,-779.1,413.0,1
278.64,Chief God Teresa,Orange,-966.95,782.4,1911.23,0,33.0,1755.2,-1456.4,-793.8,1
280.74,roejoganexperience,Orange,-3662.21,1759.32,520.4,0,33.0,1166.3,-1111.8,-3519.6,0
280.81,Taha (RLCS PRO BLUE TAG),Blue,-3662.66,1017.04,392.33,0,33.0,2276.6,-577.4,-3740.8,1
284.21,Taha (RLCS PRO BLUE TAG),Blue,-1080.48,807.24,1426.02,0,33.0,2144.3,1390.5,-1288.6,0
286.37,Chief God Teresa,Orange,4876.84,2726.38,4116.82,1,33.0,388.2,381.1,5089.4,1
288.2,Chief God Teresa,Orange,4052.42,2258.7,3139.41,1,33.0,1819.8,-1733.7,4225.8,0
289.3,deevo,Blue,2062.67,603.19,771.18,0,33.0,1666.7,936.1,1844.2,0
292.2,roejoganexperience,Orange,4982.08,4910.04,2586.48,1,33.0,786.0,-0.2,5103.0,1
293.6,roejoganexperience,Orange,4524.48,4713.21,4336.73,1,33.0,1275.4,-905.8,4714.0,1
296.0,Chief God Teresa,Orange,1153.54,812.97,130.34,0,33.0,1907.1,-1886.0,1348.1,0
297.6,Taha (RLCS PRO BLUE TAG),Blue,-4345.13,1102.62,2607.88,1,33.0,1686.2,692.5,-4406.4,1
300.6,deevo,Blue,-3645.5,1281.78,3067.33,0,33.0,1379.2,1258.7,-3785.5,1
302.24,deevo,Blue,-1349.51,1521.13,972.01,0,33.0,1421.6,1418.7,-1447.9,1
306.6,deevo,Blue,4236.98,2198.99,673.22,0,33.0,1125.2,584.7,4250.2,0
306.73,Chief God Teresa,Orange,4251.04,1810.2,282.47,1,33.0,484.4,283.8,4283.0,1
307.93,Chief God Teresa,Orange,4064.56,862.29,460.61,0,33.0,1061.7,-800.4,4181.3,0
310.37,deevo,Blue,1540.24,980.16,375.18,0,33.0,2237.7,2203.3,1381.3,1
311.67,Taha (RLCS PRO BLUE TAG),Blue,-755.13,1781.99,985.08,0,33.0,1015.0,-995.9,-803.3,1
313.23,deevo,Blue,-2444.15,437.11,427.15,0,33.0,1879.7,57.4,-2506.2,1
314.87,deevo,Blue,-1786.67,2981.37,534.67,0,33.0,2299.6,707.7,-1947.2,0
318.16,roejoganexperience,Orange,-1339.51,2549.74,1158.09,0,33.0,2222.9,-1638.8,-1261.8,1
320.13,roejoganexperience,Orange,-3855.85,3274.7,308.28,0,33.0,2099.9,-847.7,-3870.7,1
321.73,roejoganexperience,Orange,-3095.81,2099.73,1899.81,0,33.0,883.1,781.7,-3187.8,1
324.53,Chief God Teresa,Orange,-2362.67,3709.79,798.17,0,33.0,1638.4,-1357.1,-2233.7,0
325.33,Taha (RLCS PRO BLUE TAG),Blue,-4173.64,2165.76,848.37,0,33.0,2008.3,-1346.0,-4006.0,0
10.86,ceeebzz,Orange,0.0,1447.99,497.27,0,33.0,2291.5,-1749.5,183.1,0
10.89,Taha (RLCS PRO BLUE TAG),Blue,-2.56,1278.14,335.12,0,33.0,1817.3,618.6,-152.0,1
12.33,Buffy ._.,Blue,-1268.85,4056.29,305.2,1,33.0,2299.9,-2018.2,-1035.4,1
15.36,Buffy ._.,Blue,-5021.15,4959.18,847.13,1,33.0,146.0,0.3,-5103.0,1
16.53,Buffy ._.,Blue,-4587.39,3202.48,1283.73,1,33.0,736.1,539.3,-4797.2,1
19.49,Buffy ._.,Blue,-3234.61,1146.1,2158.14,0,33.0,1510.2,19.9,-3232.0,0
21.49,ceeebzz,Orange,-647.6,3658.46,157.54,0,33.0,1297.9,577.5,-663.2,0
21.53,Taha (RLCS PRO BLUE TAG),Blue,-607.47,181.54,17.0,0,33.0,1813.6,1791.9,-675.7,0
24.72,wellㅞ,Orange,4970.28,2415.72,2857.87,1,33.0,778.1,-532.7,4993.4,1
26.92,wellㅞ,Orange,1146.53,1051.77,1725.11,0,33.0,2262.7,-2222.4,1344.1,0
28.86,Buffy ._.,Blue,-1668.3,2105.93,94.82,0,33.0,695.9,-382.0,-1865.3,1
29.96,Buffy ._.,Blue,-1785.52,2797.58,131.96,0,33.0,228.6,207.5,-1938.5,0
31.32,wellㅞ,Orange,-1699.36,675.65,160.35,0,33.0,503.6,53.2,-1614.9,0
33.02,Taha (RLCS PRO BLUE TAG),Blue,-2615.82,990.52,1309.57,1,33.0,2287.1,2036.7,-2793.4,0
35.16,ceeebzz,Orange,2122.01,1341.41,1290.03,1,33.0,1853.0,1842.8,2058.0,1
36.59,ceeebzz,Orange,4997.03,1921.96,911.6,1,33.0,2284.0,1529.0,4998.4,0
39.92,Buffy ._.,Blue,4249.84,705.04,1197.96,0,33.0,2072.7,1849.5,4113.6,0
50.01,ceeebzz,Orange,0.0,1575.36,546.17,0,33.0,2263.1,-2226.9,212.8,1
62.32,wellㅞ,Orange,0.0,1625.72,474.49,0,33.0,2244.5,-1810.6,209.8,0
62.32,Buffy ._.,Blue,0.0,1837.07,474.49,0,33.0,2262.6,1759.0,-209.2,0
66.08,wellㅞ,Orange,398.7,1539.48,2454.84,0,33.0,1325.6,-1324.4,607.1,0
67.95,Taha (RLCS PRO BLUE TAG),Blue,-3222.28,622.9,2666.8,0,33.0,2124.0,-617.0,-3307.2,1
70.55,Buffy ._.,Blue,-1230.03,1526.08,1707.87,0,33.0,2023.2,2006.2,-1470.6,1
71.82,Buffy ._.,Blue,1390.88,1794.77,1231.95,0,33.0,2299.8,2172.7,1290.5,0
72.22,ceeebzz,Orange,2354.54,2369.14,393.78,1,33.0,1166.7,-236.9,2560.9,0
76.75,Buffy ._.,Blue,-381.17,2224.81,228.75,0,33.0,1726.3,-1723.2,-225.9,0
78.18,wellㅞ,Orange,-759.31,2507.37,353.12,0,33.0,1052.5,-870.5,-635.3,0
78.25,Buffy ._.,Blue,-784.84,2444.71,273.26,0,33.0,85.8,85.8,-968.1,1
81.95,Taha (RLCS PRO BLUE TAG),Blue,-1011.49,2518.67,1263.36,0,33.0,891.5,891.0,-1087.6,0
84.88,ceeebzz,Orange,3735.48,2095.63,2000.12,0,33.0,712.7,-91.9,3816.7,1
87.05,ceeebzz,Orange,4387.1,1582.19,637.6,0,33.0,1967.8,420.1,4364.8,1
88.18,ceeebzz,Orange,3346.65,297.06,2582.2,1,33.0,1582.6,-1567.4,3528.0,1
88.21,wellㅞ,Orange,3314.29,192.69,2560.07,0,33.0,2186.6,-1322.1,3368.5,1
90.71,wellㅞ,Orange,154.61,1560.1,502.32,0,33.0,1510.5,-1238.1,187.4,1
91.74,wellㅞ,Orange,-1337.08,2393.47,1838.96,0,33.0,1745.8,-1459.1,-1265.1,0
93.81,Taha (RLCS PRO BLUE TAG),Blue,-4935.75,741.95,991.26,1,33.0,1680.6,380.0,-5070.2,0
94.01,wellㅞ,Orange,-4794.84,2314.45,415.48,0,33.0,1766.8,-1719.0,-4768.1,0
96.34,Buffy ._.,Blue,-4506.09,790.72,2013.96,1,33.0,1290.9,960.4,-4656.4,0
98.14,wellㅞ,Orange,-904.05,2156.5,755.21,0,33.0,1487.5,641.4,-756.5,0
99.94,Buffy ._.,Blue,-84.49,658.66,384.66,0,33.0,2251.6,2251.6,-75.1,0
100.41,wellㅞ,Orange,97.57,4208.4,159.98,0,33.0,1497.2,165.9,131.0,0
100.61,Taha (RLCS PRO BLUE TAG),Blue,117.69,700.2,214.36,0,33.0,50.4,50.1,11.5,0
102.81,ceeebzz,Orange,159.58,2547.72,279.35,0,33.0,1857.5,-1635.7,269.9,0
102.88,Taha (RLCS PRO BLUE TAG),Blue,44.8,1259.26,234.94,0,33.0,2215.8,31.8,35.5,1
105.08,Buffy ._.,Blue,-4270.06,864.17,1306.51,0,33.0,1677.6,-176.7,-4417.8,0
106.61,ceeebzz,Orange,-4144.61,6324.14,1466.02,0,33.0,2279.2,319.2,-4131.2,1
109.38,wellㅞ,Orange,-16.42,1068.6,952.6,0,33.0,2110.2,-2109.9,123.7,0
112.01,Taha (RLCS PRO BLUE TAG),Blue,-4940.5,612.4,2501.81,1,33.0,820.2,299.4,-5098.0,1
115.77,Taha (RLCS PRO BLUE TAG),Blue,-191.1,1596.09,1454.94,0,33.0,2248.8,2138.0,-327.2,0
117.74,wellㅞ,Orange,4963.33,586.38,1406.69,1,33.0,1573.4,89.3,5097.0,1
117.91,ceeebzz,Orange,4670.18,442.63,681.33,0,33.0,1651.2,973.0,4662.8,0
119.67,Buffy ._.,Blue,2185.88,2787.73,619.32,0,33.0,2248.6,2079.9,1976.5,0
120.61,wellㅞ,Orange,4444.81,250.66,1759.92,0,33.0,1695.9,-1194.5,4607.1,1
124.3,wellㅞ,Orange,990.21,1938.39,407.75,0,33.0,2221.5,-2005.8,1156.9,0
124.34,Taha (RLCS PRO BLUE TAG),Blue,962.49,914.31,192.38,0,33.0,1148.3,911.8,820.4,1
127.64,Buffy ._.,Blue,-4903.49,1704.63,1001.97,1,33.0,2271.4,-1215.4,-5083.8,1
128.9,Buffy ._.,Blue,-4066.47,229.63,1435.8,0,33.0,1387.9,1304.2,-4201.3,1
130.07,Buffy ._.,Blue,-2431.15,928.3,1778.65,0,33.0,1906.6,1504.5,-2469.0,1
131.6,Buffy ._.,Blue,-135.82,1072.79,908.55,0,33.0,2019.7,1989.7,-319.8,0
134.84,ceeebzz,Orange,4996.24,1037.34,1174.75,0,33.0,77.0,4.3,5096.5,1
136.87,ceeebzz,Orange,4451.12,2447.6,1168.85,1,33.0,693.6,-502.0,4565.3,1
138.37,ceeebzz,Orange,3264.38,1814.14,1916.88,1,33.0,1356.3,-1075.6,3485.2,1
139.77,wellㅞ,Orange,1906.76,393.91,1149.72,0,33.0,2215.5,-2157.1,1756.4,0
140.63,Buffy ._.,Blue,430.23,3237.8,572.27,0,33.0,959.7,926.3,265.1,0
141.33,wellㅞ,Orange,1573.25,1617.84,359.73,0,33.0,2215.5,-2157.1,1756.4,0
143.3,Buffy ._.,Blue,5206.46,3001.89,1923.64,0,33.0,2272.1,2251.7,5160.3,1
152.73,Taha (RLCS PRO BLUE TAG),Blue,0.0,1408.4,502.17,0,33.0,2273.9,1814.5,-186.6,0
152.77,ceeebzz,Orange,15.02,1641.4,318.83,0,33.0,596.0,-137.8,175.2,0
155.53,Buffy ._.,Blue,309.64,332.55,3244.29,0,33.0,668.5,658.1,145.5,1
156.47,Buffy ._.,Blue,1061.33,842.1,3025.51,0,33.0,1407.2,1251.9,952.9,1
157.6,Buffy ._.,Blue,2701.7,2803.86,2325.12,0,33.0,2152.1,1693.4,2599.8,0
158.57,wellㅞ,Orange,4143.5,2686.42,315.44,1,33.0,1362.7,-1162.9,4285.9,1
159.57,wellㅞ,Orange,2819.62,1332.94,1454.55,0,33.0,1657.4,-1393.0,3027.3,0
160.57,Buffy ._.,Blue,1286.39,1462.37,211.02,0,33.0,2268.4,-2268.0,1203.2,1
163.6,Taha (RLCS PRO BLUE TAG),Blue,-4506.28,741.1,96.18,1,33.0,975.8,-562.3,-4658.5,1
165.83,Buffy ._.,Blue,-4786.05,1964.25,131.37,0,33.0,1408.0,-78.3,-4952.5,0
165.83,ceeebzz,Orange,-4786.05,72.27,131.37,0,33.0,1463.3,57.5,-5014.4,1
171.5,wellㅞ,Orange,1689.34,1286.72,1189.4,0,33.0,1147.9,-401.4,1864.4,1
173.9,wellㅞ,Orange,422.15,407.8,693.28,0,33.0,947.1,-942.3,635.2,0
174.9,Buffy ._.,Blue,-647.18,447.31,436.13,0,33.0,2104.8,957.6,-772.5,0
174.93,wellㅞ,Orange,-604.1,1005.84,436.13,0,33.0,1101.1,-1057.5,-389.5,0
178.43,Buffy ._.,Blue,3996.69,3697.11,1673.17,0,33.0,2007.4,1980.4,3871.2,1
180.43,Taha (RLCS PRO BLUE TAG),Blue,2776.42,2191.3,613.96,0,33.0,2299.6,2296.0,2531.3,0
180.56,ceeebzz,Orange,3009.04,1951.29,211.36,0,33.0,1193.0,-1166.4,2955.7,0
182.83,Buffy ._.,Blue,3656.31,1556.24,1089.33,0,33.0,2209.8,159.3,3490.4,0
184.06,wellㅞ,Orange,5146.74,3311.2,748.26,1,33.0,1243.4,1232.1,5067.3,1
186.25,wellㅞ,Orange,5206.38,3253.88,2279.24,1,33.0,1210.2,-876.1,5193.1,1
194.2,wellㅞ,Orange,0.0,76.11,522.82,0,33.0,2268.3,-1877.6,191.5,0
194.23,Buffy ._.,Blue,-18.18,1467.07,363.27,0,33.0,2237.0,1943.0,-165.3,1
195.1,Taha (RLCS PRO BLUE TAG),Blue,-185.71,1418.73,458.77,0,33.0,2180.5,1451.5,-363.3,0
195.13,ceeebzz,Orange,-132.41,399.33,313.4,0,33.0,2296.8,-1876.3,69.8,1
196.9,ceeebzz,Orange,-1477.27,692.36,1615.71,0,33.0,1583.6,-1582.2,-1319.1,1
210.41,ceeebzz,Orange,0.0,90.48,488.14,0,33.0,2277.7,-1903.6,184.4,0
210.48,Taha (RLCS PRO BLUE TAG),Blue,-53.2,1455.75,315.54,0,33.0,852.3,-261.8,-204.0,1
212.88,Buffy ._.,Blue,174.65,310.81,119.4,0,33.0,2260.0,1970.7,117.6,1
216.18,Buffy ._.,Blue,2407.86,1861.79,329.96,0,33.0,1542.7,1214.8,2259.9,0
217.74,wellㅞ,Orange,4567.55,920.43,340.74,0,33.0,670.8,-592.5,4721.7,1
220.94,wellㅞ,Orange,231.15,1551.77,1287.86,0,33.0,2241.6,-2063.4,331.6,0
222.54,Taha (RLCS PRO BLUE TAG),Blue,-3396.09,471.37,1692.79,0,33.0,1932.8,-720.0,-3546.8,1
224.07,Buffy ._.,Blue,-2749.01,1087.59,1292.17,0,33.0,534.6,-516.0,-2580.2,1
224.64,Taha (RLCS PRO BLUE TAG),Blue,-2610.55,69.95,211.35,0,33.0,1497.3,1314.5,-2718.8,0
228.37,ceeebzz,Orange,0.4,1047.28,1175.29,0,33.0,1763.4,-1697.0,157.2,0
228.67,Taha (RLCS PRO BLUE TAG),Blue,-749.75,1628.59,489.67,0,33.0,1629.9,661.1,-792.4,0
231.31,wellㅞ,Orange,-1848.04,2436.07,1854.1,0,33.0,1191.3,-1148.3,-1705.8,1
233.17,wellㅞ,Orange,-4385.02,2778.92,451.81,0,33.0,1858.6,-1359.9,-4160.3,1
245.55,ceeebzz,Orange,0.0,135.13,421.46,0,33.0,2210.0,-2125.8,208.8,0
245.55,Taha (RLCS PRO BLUE TAG),Blue,0.0,1501.14,392.28,0,33.0,1590.0,1589.7,-210.4,1
247.18,Buffy ._.,Blue,69.1,259.83,262.96,0,33.0,1373.6,1362.4,-86.1,0
247.28,ceeebzz,Orange,244.83,478.69,158.38,0,33.0,2033.7,-2009.2,146.4,0
248.61,Buffy ._.,Blue,2484.69,1209.72,374.09,0,33.0,2043.2,2037.0,2316.4,0
249.04,wellㅞ,Orange,3654.52,472.68,572.23,0,33.0,523.6,-3.1,3806.7,1
249.18,ceeebzz,Orange,3646.78,343.9,114.15,0,33.0,1937.0,1899.1,3501.2,1
256.74,ceeebzz,Orange,3192.71,2956.8,2144.06,0,33.0,1051.9,-964.1,3382.2,1
257.58,ceeebzz,Orange,2250.26,2400.46,837.88,0,33.0,1521.0,-1520.4,2398.5,1
259.34,ceeebzz,Orange,-717.13,1540.1,1177.18,0,33.0,1824.6,-1744.5,-597.5,0
260.71,Buffy ._.,Blue,-3255.42,357.5,162.68,0,33.0,1513.5,1120.2,-3181.0,0
271.18,wellㅞ,Orange,34.8,198.86,385.81,0,33.0,2277.2,-2257.2,162.3,0
271.22,Buffy ._.,Blue,3.76,1404.87,294.64,0,33.0,788.2,123.7,-127.0,1
273.98,Taha (RLCS PRO BLUE TAG),Blue,-2936.97,1074.62,710.88,0,33.0,1937.1,-1592.5,-2978.9,0
276.31,ceeebzz,Orange,-3300.23,2198.64,1249.14,0,33.0,691.6,691.6,-3410.0,0
277.05,Taha (RLCS PRO BLUE TAG),Blue,-3297.14,1207.24,345.63,0,33.0,1356.1,718.6,-3464.9,0
279.55,wellㅞ,Orange,-2129.01,1403.1,869.87,0,33.0,2133.8,-1067.4,-1964.9,0
282.25,Buffy ._.,Blue,-4299.45,318.73,1057.87,0,33.0,1854.4,745.6,-4447.1,1
283.98,Buffy ._.,Blue,-1605.62,1186.39,1913.9,0,33.0,1607.5,1515.9,-1796.8,0
286.55,ceeebzz,Orange,3489.6,1120.5,264.81,0,33.0,803.1,797.6,3582.1,0
288.31,Buffy ._.,Blue,4709.62,3145.81,410.59,0,33.0,1037.0,-905.5,4836.4,0
289.94,ceeebzz,Orange,3688.6,662.73,1319.17,0,33.0,2269.4,-982.7,3784.3,1
292.11,ceeebzz,Orange,1185.22,1018.39,960.56,0,33.0,2299.9,2284.3,1065.1,1
293.74,ceeebzz,Orange,-78.92,629.17,185.15,0,33.0,816.4,-816.4,49.5,1
295.18,ceeebzz,Orange,-1325.76,1317.03,694.47,0,33.0,1027.4,-916.6,-1268.4,0
296.94,Taha (RLCS PRO BLUE TAG),Blue,-3031.95,1863.41,415.5,0,33.0,1798.5,1082.8,-3210.2,1
298.08,Taha (RLCS PRO BLUE TAG),Blue,-1660.21,1887.98,403.86,0,33.0,2292.1,1472.3,-1784.5,0
298.21,wellㅞ,Orange,-1475.95,1303.91,243.04,0,33.0,1738.3,-342.4,-1434.0,1
301.18,ceeebzz,Orange,2187.92,446.56,948.88,0,33.0,1447.4,1137.8,2236.8,0
302.91,Taha (RLCS PRO BLUE TAG),Blue,2303.17,1890.48,918.35,0,33.0,1105.4,278.4,2270.9,1
304.74,Taha (RLCS PRO BLUE TAG),Blue,2771.42,2367.01,234.97,0,33.0,1156.5,79.6,2703.6,1
307.01,Taha (RLCS PRO BLUE TAG),Blue,4478.02,1694.54,1005.02,0,33.0,1426.9,1179.4,4313.9,1
308.64,Taha (RLCS PRO BLUE TAG),Blue,5025.96,1875.6,437.62,0,33.0,994.2,-301.6,4979.1,0
308.71,wellㅞ,Orange,5020.33,523.27,353.82,0,33.0,298.8,116.1,4999.6,1
310.17,wellㅞ,Orange,4703.93,532.08,904.61,1,33.0,1115.3,-524.5,4860.1,0
312.07,Buffy ._.,Blue,4115.93,600.25,265.35,0,33.0,1943.3,-816.6,4036.9,1
314.57,Taha (RLCS PRO BLUE TAG),Blue,769.6,587.08,771.64,0,33.0,1843.1,-200.6,627.3,0
318.17,ceeebzz,Orange,3184.22,808.19,599.39,0,33.0,726.1,-496.8,3414.5,0
318.34,Buffy ._.,Blue,3215.47,1424.67,292.27,0,33.0,1451.9,1204.2,3051.6,0
321.1,wellㅞ,Orange,1666.1,652.28,300.3,0,33.0,2151.1,-750.9,1681.2,0
321.24,Buffy ._.,Blue,1602.01,1406.07,210.42,0,33.0,2106.4,-759.6,1467.8,0
323.27,ceeebzz,Orange,1531.75,612.25,1230.45,0,33.0,794.7,-138.3,1563.6,0
324.8,Taha (RLCS PRO BLUE TAG),Blue,841.25,680.44,574.93,0,33.0,1068.0,244.7,765.7,0
325.14,ceeebzz,Orange,854.15,556.21,176.58,0,33.0,1612.2,-813.3,941.2,1
327.04,wellㅞ,Orange,1192.47,442.83,191.83,0,33.0,1328.3,-1215.1,1316.1,1
329.17,wellㅞ,Orange,-1766.58,1861.48,1653.2,0,33.0,1574.2,-1567.2,-1657.2,1
330.57,wellㅞ,Orange,-3735.47,2732.45,541.34,0,33.0,1553.5,-1545.8,-3567.9,0
330.87,Buffy ._.,Blue,-4053.3,1022.15,336.26,0,33.0,407.6,257.5,-4192.9,1
332.4,Taha (RLCS PRO BLUE TAG),Blue,-3463.88,569.79,1931.33,0,33.0,1596.9,1007.4,-3684.9,1
333.77,Taha (RLCS PRO BLUE TAG),Blue,-1538.87,1429.72,627.02,0,33.0,2281.6,2185.0,-1683.5,0
333.83,ceeebzz,Orange,-1413.08,1855.55,257.83,0,33.0,1678.9,-1596.8,-1269.4,1
336.93,ceeebzz,Orange,-3737.48,1702.82,896.07,0,33.0,1009.2,-130.6,-3672.9,1
339.0,ceeebzz,Orange,-4710.13,2001.48,385.72,0,33.0,1105.8,-1047.0,-4510.5,0
339.13,Buffy ._.,Blue,-4752.93,698.14,293.44,0,33.0,195.6,-47.5,-4783.7,0
10.68,Talynn,Blue,19.63,1541.31,426.89,0,33.0,916.5,717.9,-147.7,0
10.72,Kripper,Orange,25.18,1290.43,327.79,0,33.0,1190.4,-56.6,179.6,0
12.08,Taha (RLCS PRO BLUE TAG),Blue,796.41,195.15,704.08,0,33.0,2067.6,2040.1,616.3,0
23.4,ren,Orange,0.0,1475.79,613.35,0,33.0,2238.6,-1923.2,224.4,0
23.43,Taha (RLCS PRO BLUE TAG),Blue,0.0,1904.49,389.27,0,33.0,2247.0,2009.5,-148.6,0
24.77,Kripper,Orange,-251.84,2096.66,727.13,0,33.0,2088.9,-221.8,-192.9,0
25.9,Talynn,Blue,-805.32,1929.73,732.1,0,33.0,2248.3,287.1,-951.1,1
27.06,Talynn,Blue,-1096.93,2050.96,152.4,0,33.0,421.2,-421.2,-1060.0,0
27.06,Kripper,Orange,-1096.93,2530.82,152.4,0,33.0,1232.7,-1168.8,-913.6,1
28.73,Kripper,Orange,-3219.34,1014.29,1070.25,0,33.0,1874.7,-1488.2,-3110.8,0
29.7,Taha (RLCS PRO BLUE TAG),Blue,-4981.15,1905.37,630.37,1,33.0,541.1,429.4,-5042.1,0
29.8,Kripper,Orange,-4799.41,2067.42,358.24,0,33.0,1690.8,-1469.3,-4637.4,0
34.2,Talynn,Blue,4579.73,3003.6,2102.27,0,33.0,2254.3,2230.8,4414.3,0
35.63,ren,Orange,4595.59,2154.57,585.49,1,33.0,1573.3,-911.8,4679.7,1
37.23,ren,Orange,2897.87,1290.25,1178.32,0,33.0,1952.8,-1539.1,3075.3,0
39.83,Taha (RLCS PRO BLUE TAG),Blue,-2798.93,1251.46,693.38,1,33.0,1268.3,307.1,-2981.7,1
42.79,Taha (RLCS PRO BLUE TAG),Blue,-1543.7,1938.67,949.51,0,33.0,1328.5,1223.9,-1692.3,1
43.86,Taha (RLCS PRO BLUE TAG),Blue,11.98,1926.83,376.71,0,33.0,1956.9,1828.8,-111.7,1
45.59,Taha (RLCS PRO BLUE TAG),Blue,2996.35,1854.93,1388.37,0,33.0,1879.4,1856.4,2930.7,0
46.39,ren,Orange,4456.69,608.12,224.89,1,33.0,2299.9,-750.1,4542.6,1
49.03,ren,Orange,2112.07,3521.77,840.39,0,33.0,1784.7,-1323.2,2187.3,1
52.33,ren,Orange,-3537.04,2291.95,740.45,0,33.0,2213.8,-1723.2,-3311.6,0
54.49,Talynn,Blue,-4522.71,340.92,1828.55,1,33.0,1779.6,-733.4,-4432.3,0
56.29,ren,Orange,-4028.23,2988.29,426.16,0,33.0,1326.5,-411.4,-3979.5,1
58.49,Kripper,Orange,-4422.78,1176.35,959.23,0,33.0,2051.6,-2030.7,-4303.2,1
60.26,ren,Orange,-3160.05,1609.14,416.81,0,33.0,1479.8,1411.6,-3132.7,1
61.29,Kripper,Orange,-2880.56,1443.4,1476.4,0,33.0,1322.4,960.6,-2885.9,0
61.89,Talynn,Blue,-3104.46,2473.85,359.32,0,33.0,1861.5,-1577.6,-2964.9,1
64.22,Talynn,Blue,-4712.4,3596.96,2290.31,1,33.0,1382.6,451.3,-4900.1,0
64.82,ren,Orange,-4254.12,5994.68,657.92,0,33.0,2133.5,-2066.8,-4108.8,0
64.99,Talynn,Blue,-4347.99,3463.9,315.7,1,33.0,1007.2,712.2,-4578.0,1
66.66,Taha (RLCS PRO BLUE TAG),Blue,-4733.55,1478.82,1144.8,1,33.0,2290.6,-2085.9,-4599.2,0
68.39,Kripper,Orange,-2820.5,2635.66,745.37,0,33.0,1524.2,-64.0,-2654.3,0
70.19,Taha (RLCS PRO BLUE TAG),Blue,-4509.52,3761.75,1623.99,1,33.0,574.1,558.6,-4624.8,1
73.39,Talynn,Blue,-4007.85,355.18,1935.63,0,33.0,961.5,-377.4,-3954.0,0
74.95,Kripper,Orange,-3769.44,5958.53,339.37,0,33.0,1137.7,-283.0,-3838.2,0
75.89,Talynn,Blue,-2776.59,4012.71,1011.42,0,33.0,1472.3,1055.6,-2862.3,1
77.02,Talynn,Blue,-1315.75,2477.65,1725.08,0,33.0,1788.0,1396.3,-1453.6,0
78.92,ren,Orange,2619.3,1664.05,364.98,0,33.0,1657.4,1539.7,2692.3,1
80.19,ren,Orange,4802.32,896.54,3021.12,1,33.0,2110.9,1535.6,4675.7,0
82.09,Taha (RLCS PRO BLUE TAG),Blue,2896.75,1353.3,1134.08,0,33.0,1243.6,572.0,2768.9,0
83.02,ren,Orange,3928.5,3863.01,643.71,0,33.0,853.8,44.2,3986.8,1
86.05,ren,Orange,3182.32,2673.5,635.62,0,33.0,1716.2,-1706.8,3366.2,0
86.15,Talynn,Blue,3056.19,2114.17,202.92,0,33.0,1737.5,1041.2,3051.7,1
88.55,Taha (RLCS PRO BLUE TAG),Blue,-2497.17,3715.55,1612.98,1,33.0,931.6,213.6,-2676.9,1
90.45,Taha (RLCS PRO BLUE TAG),Blue,-2254.66,3729.03,2441.37,0,33.0,716.6,256.1,-2342.2,1
92.28,Taha (RLCS PRO BLUE TAG),Blue,-1653.4,2129.02,2966.42,0,33.0,1135.8,929.6,-1848.3,1
95.12,Talynn,Blue,-4713.46,2569.98,1441.25,1,33.0,2102.4,-850.0,-4785.7,0
99.45,ren,Orange,-1994.25,1778.96,2784.32,0,33.0,1056.3,-988.1,-1810.3,0
101.61,Taha (RLCS PRO BLUE TAG),Blue,-2644.0,2283.61,479.43,0,33.0,1083.6,356.7,-2735.0,0
101.68,Kripper,Orange,-2596.57,1128.6,344.57,0,33.0,1854.6,-1539.8,-2418.2,1
106.08,ren,Orange,3848.39,749.68,2720.83,0,33.0,1883.0,1881.8,3774.8,0
107.75,Taha (RLCS PRO BLUE TAG),Blue,2819.92,2918.97,937.71,0,33.0,1635.0,1633.2,2694.7,0
109.18,Kripper,Orange,2496.98,2008.64,622.11,0,33.0,2282.3,-796.0,2631.1,1
110.71,Kripper,Orange,1223.55,4724.72,428.37,0,33.0,1400.6,-1366.5,1397.9,0
110.81,Talynn,Blue,1102.06,4604.56,225.8,0,33.0,708.8,489.4,1040.4,1
116.08,Taha (RLCS PRO BLUE TAG),Blue,1211.26,870.51,2494.48,0,33.0,1587.5,1280.0,1085.7,1
116.88,Taha (RLCS PRO BLUE TAG),Blue,2514.43,1645.1,1769.88,0,33.0,2239.7,2076.7,2347.6,0
117.64,Kripper,Orange,4144.64,274.77,588.13,0,33.0,1496.8,-1220.5,4310.6,1
117.81,ren,Orange,4553.28,345.18,545.55,1,33.0,1194.9,777.9,4654.1,1
120.28,ren,Orange,3483.73,3531.01,2269.82,0,33.0,2105.2,-1448.6,3603.3,1
122.71,ren,Orange,386.59,2635.86,1655.02,0,33.0,1800.7,-1231.5,577.5,1
123.78,ren,Orange,-919.39,2345.37,1502.99,0,33.0,1652.1,-1538.3,-717.4,0
124.84,Talynn,Blue,-2906.68,2109.57,343.18,0,33.0,847.2,-845.8,-2991.7,1
125.68,Taha (RLCS PRO BLUE TAG),Blue,-4690.87,1164.1,878.29,1,33.0,2060.3,1119.1,-4898.2,0
125.84,ren,Orange,-4537.08,1807.91,387.57,0,33.0,1772.8,-1470.4,-4405.1,1
128.18,Kripper,Orange,-2943.84,1051.12,1187.69,0,33.0,1472.8,-695.9,-2774.8,1
130.44,Kripper,Orange,-4650.67,2044.23,514.3,0,33.0,1910.4,-478.0,-4571.4,0
130.51,Taha (RLCS PRO BLUE TAG),Blue,-4684.79,869.5,368.45,0,33.0,516.8,412.6,-4868.4,0
131.67,ren,Orange,-2815.6,1214.03,1854.69,0,33.0,1382.0,-733.7,-2628.4,0
132.64,Talynn,Blue,-4096.74,576.94,1297.97,0,33.0,188.0,184.6,-4304.6,0
134.64,Kripper,Orange,-2910.84,1158.2,1690.95,0,33.0,1426.8,-451.0,-2729.2,0
136.04,Taha (RLCS PRO BLUE TAG),Blue,-4725.75,1089.78,1404.02,1,33.0,186.9,-104.5,-4881.6,1
137.47,Taha (RLCS PRO BLUE TAG),Blue,-4513.36,240.9,3503.35,0,33.0,1031.2,987.0,-4734.3,1
138.37,Taha (RLCS PRO BLUE TAG),Blue,-3333.24,1381.06,2464.7,0,33.0,1510.5,1430.8,-3538.0,0
140.81,Kripper,Orange,486.98,3257.77,441.2,0,33.0,2113.7,-1247.7,652.2,1
144.07,ren,Orange,4047.02,4149.88,292.1,0,33.0,1371.6,-959.3,4249.3,0
145.47,Talynn,Blue,1540.2,480.05,443.65,0,33.0,2134.5,-2128.9,1423.4,0
145.64,ren,Orange,1317.66,4419.17,172.18,0,33.0,2022.1,-2012.4,1516.9,0
149.4,Talynn,Blue,4399.86,3356.84,417.36,0,33.0,2295.2,1887.9,4346.5,0
149.47,Kripper,Orange,4362.16,664.02,193.22,1,33.0,1698.4,432.6,4580.4,1
151.67,ren,Orange,3030.73,1166.46,1645.18,0,33.0,2013.2,-1892.1,3179.2,0
153.7,Taha (RLCS PRO BLUE TAG),Blue,-2047.0,5055.21,1004.27,1,33.0,1815.1,-1035.4,-2146.5,1
155.87,Taha (RLCS PRO BLUE TAG),Blue,-4502.58,719.11,772.16,1,33.0,2268.2,119.9,-4603.3,1
157.04,Taha (RLCS PRO BLUE TAG),Blue,-2706.34,2733.85,1456.74,0,33.0,2058.3,2058.3,-2790.5,1
159.73,Taha (RLCS PRO BLUE TAG),Blue,2274.29,821.34,1428.21,0,33.0,2164.4,2097.4,2235.8,0
160.97,Kripper,Orange,4272.37,2743.54,308.3,1,33.0,694.6,-581.6,4481.8,0
162.9,Talynn,Blue,2488.06,2509.16,1184.21,0,33.0,1480.5,1034.8,2389.0,1
165.77,Taha (RLCS PRO BLUE TAG),Blue,4267.33,2617.88,827.55,0,33.0,1939.2,-239.7,4114.0,0
166.47,Kripper,Orange,4754.99,952.72,1362.28,1,33.0,560.2,-81.8,4963.1,0
167.93,Talynn,Blue,4053.55,3849.71,903.17,0,33.0,1657.8,521.5,3831.3,0
168.4,Kripper,Orange,4565.91,704.5,673.65,1,33.0,392.3,-235.6,4718.7,1
169.0,ren,Orange,5207.66,801.12,1973.78,1,33.0,1281.2,-1280.0,5143.9,0
178.6,Taha (RLCS PRO BLUE TAG),Blue,22.01,1653.41,594.93,0,33.0,2287.8,2216.0,-177.3,0
178.67,ren,Orange,106.11,879.39,450.41,0,33.0,1743.2,-1558.6,269.6,0
180.87,Talynn,Blue,-2521.7,2882.6,174.73,1,33.0,2038.2,-1847.5,-2419.0,0
182.9,ren,Orange,-3735.13,838.99,620.6,0,33.0,1347.6,79.7,-3726.3,0
183.57,Talynn,Blue,-4421.7,1341.0,166.72,1,33.0,1298.5,938.9,-4658.4,0
185.17,Kripper,Orange,-2658.85,1277.91,535.02,0,33.0,1767.0,1671.3,-2863.7,1
187.5,Kripper,Orange,-89.25,1042.77,934.38,0,33.0,1910.5,-21.9,53.6,1
188.94,Kripper,Orange,-563.4,1403.95,1561.36,0,33.0,1534.6,-1524.0,-430.7,0
190.97,Taha (RLCS PRO BLUE TAG),Blue,-3744.59,1311.18,994.69,0,33.0,1634.5,-1082.4,-3822.9,1
192.0,Taha (RLCS PRO BLUE TAG),Blue,-4724.78,1323.89,1050.29,0,33.0,1418.2,-792.9,-4836.1,0
193.43,Kripper,Orange,-4483.54,1760.17,515.1,0,33.0,1099.9,-940.3,-4338.5,0
193.53,Taha (RLCS PRO BLUE TAG),Blue,-4598.09,3369.18,414.89,1,33.0,1024.1,696.2,-4664.2,0
195.5,ren,Orange,-4291.46,901.23,932.38,0,33.0,2047.4,-1147.8,-4210.1,0
197.3,Taha (RLCS PRO BLUE TAG),Blue,-4605.08,2733.73,252.65,1,33.0,1849.6,-1218.5,-4484.0,0
197.33,Kripper,Orange,-4596.34,1511.74,177.51,0,33.0,2056.6,-1533.8,-4392.2,1
200.63,ren,Orange,-3104.59,1699.48,318.56,0,33.0,956.2,-605.4,-2973.6,0
200.67,Talynn,Blue,-3171.27,801.8,181.12,0,33.0,2172.2,334.8,-3151.8,1
204.96,Taha (RLCS PRO BLUE TAG),Blue,-615.96,2585.59,1199.13,1,33.0,2087.6,2081.8,-740.2,0
205.8,Kripper,Orange,1725.56,1442.76,1016.31,0,33.0,1452.9,673.3,1857.3,1
209.2,Kripper,Orange,4746.22,1575.71,3513.36,1,33.0,751.4,-27.8,4934.2,0
213.36,Taha (RLCS PRO BLUE TAG),Blue,-1742.68,358.77,1056.4,1,33.0,2241.2,-624.7,-1887.9,1
215.63,Taha (RLCS PRO BLUE TAG),Blue,-1199.85,3114.34,1424.99,0,33.0,1364.1,1267.6,-1324.6,1
217.3,Taha (RLCS PRO BLUE TAG),Blue,1138.55,1855.37,1576.79,0,33.0,1996.3,1541.0,1067.2,1
219.36,Taha (RLCS PRO BLUE TAG),Blue,3740.88,3189.23,770.59,0,33.0,1529.9,1363.9,3549.7,0
221.49,Kripper,Orange,4728.24,561.76,1214.16,1,33.0,407.2,-263.7,4801.8,0
223.83,Talynn,Blue,1699.22,1065.85,820.02,0,33.0,1165.4,-331.1,1551.2,1
224.93,Talynn,Blue,1426.03,1224.15,342.72,0,33.0,1440.6,181.4,1392.4,0
226.59,ren,Orange,1063.81,2297.23,292.0,0,33.0,1238.9,-1117.7,1196.8,1
227.49,ren,Orange,-299.7,2738.56,421.65,0,33.0,1771.9,-1707.6,-123.5,1
229.53,ren,Orange,-3313.94,771.29,717.63,0,33.0,2285.9,-431.7,-3251.0,1
247.09,Kripper,Orange,47.66,504.49,376.73,0,33.0,2189.0,-1897.4,207.5,0
247.09,Talynn,Blue,47.66,1848.67,376.73,0,33.0,2288.7,2175.1,-160.4,0
248.03,ren,Orange,-152.72,767.05,490.15,0,33.0,2292.6,-1938.7,-5.8,0
248.09,Taha (RLCS PRO BLUE TAG),Blue,-218.16,949.49,357.81,1,33.0,1813.3,712.5,-360.5,0
249.86,ren,Orange,556.69,2271.22,372.31,0,33.0,1318.6,736.8,572.8,1
253.29,Kripper,Orange,-734.07,1262.5,252.79,0,33.0,1959.7,-1505.4,-501.5,0
253.42,Taha (RLCS PRO BLUE TAG),Blue,-856.1,3085.92,256.43,0,33.0,2108.7,97.3,-844.1,1
256.56,Talynn,Blue,-3427.4,1256.83,662.35,0,33.0,1277.6,731.6,-3561.4,1
259.12,Talynn,Blue,-990.3,1509.69,1614.13,0,33.0,2265.2,1150.8,-1082.4,0
262.87,Kripper,Orange,4284.65,114.77,2923.75,0,33.0,831.1,777.3,4277.0,0
267.23,Taha (RLCS PRO BLUE TAG),Blue,1053.42,970.7,389.18,0,33.0,496.6,-472.3,1040.5,0
267.27,Kripper,Orange,1033.5,888.63,219.51,0,33.0,2068.5,-2060.4,1233.3,0
270.5,Talynn,Blue,-4494.0,3663.24,1023.7,1,33.0,476.5,307.1,-4546.3,0
272.63,ren,Orange,-1230.42,558.0,1811.37,0,33.0,234.3,52.5,-1067.4,1
273.93,ren,Orange,-1461.07,802.98,794.75,0,33.0,437.8,-421.2,-1222.5,0
274.06,Talynn,Blue,-1495.99,2743.21,408.47,0,33.0,1936.3,1926.5,-1701.4,0
276.7,Kripper,Orange,-1630.52,1333.05,962.21,0,33.0,2265.2,-1947.1,-1445.7,0
278.0,Taha (RLCS PRO BLUE TAG),Blue,-5017.48,4495.82,873.4,1,33.0,1740.6,-1517.8,-4927.1,0
282.19,ren,Orange,2709.77,981.84,1250.24,0,33.0,1904.0,1747.3,2614.2,0
283.13,Talynn,Blue,4196.98,2161.77,771.25,0,33.0,2011.0,1498.4,4168.7,0
284.16,ren,Orange,4820.09,1096.89,921.18,1,33.0,2276.4,-466.8,5004.5,1
286.93,ren,Orange,2170.23,3340.98,896.55,0,33.0,2252.5,-2210.6,2299.0,1
287.89,ren,Orange,560.87,3311.11,491.65,0,33.0,1222.8,-1158.9,542.8,0
290.1,Taha (RLCS PRO BLUE TAG),Blue,-3521.8,4742.14,1615.8,1,33.0,753.6,460.7,-3661.0,0
291.73,Kripper,Orange,-1601.74,1116.51,1135.33,0,33.0,1296.8,-912.3,-1496.8,0
293.3,Talynn,Blue,-3088.26,3852.77,776.47,1,33.0,84.0,-84.0,-3157.7,1
295.4,Talynn,Blue,-2929.59,1445.0,319.45,0,33.0,1402.7,859.3,-3074.2,1
297.16,Talynn,Blue,-916.14,2385.62,1000.34,0,33.0,1808.4,1334.7,-1145.4,0
298.13,ren,Orange,550.31,723.87,292.22,0,33.0,2053.3,1327.1,706.3,1
299.49,ren,Orange,2909.9,500.36,454.14,0,33.0,530.7,512.5,3102.1,0
302.16,Talynn,Blue,4718.37,2721.79,329.12,0,33.0,1136.8,-792.9,4841.3,0
303.69,ren,Orange,3791.07,816.94,951.18,0,33.0,1308.6,-1278.6,4000.6,0
306.46,Taha (RLCS PRO BLUE TAG),Blue,-1879.83,2901.69,575.65,0,33.0,1927.9,-1763.3,-1884.9,1
307.43,Talynn,Blue,-3434.87,539.99,696.64,0,33.0,1491.9,-584.8,-3505.3,1
310.83,Talynn,Blue,-2325.65,2918.89,580.29,1,33.0,2136.8,1891.6,-2490.1,1
312.49,Taha (RLCS PRO BLUE TAG),Blue,1216.41,2149.4,690.99,0,33.0,1427.7,1325.8,1146.0,1
314.32,Taha (RLCS PRO BLUE TAG),Blue,3905.69,2035.24,734.27,0,33.0,1179.6,1158.9,3720.1,1
316.56,Talynn,Blue,3011.78,2038.3,334.7,0,33.0,999.7,-467.9,3025.3,1
320.42,Talynn,Blue,-1425.83,1359.68,612.28,1,33.0,1977.6,-463.2,-1528.9,1
322.49,Talynn,Blue,-856.32,1922.01,337.23,0,33.0,1649.6,1461.3,-999.8,0
325.29,ren,Orange,3907.74,556.99,3422.94,0,33.0,2083.4,1375.3,3925.9,1
326.19,ren,Orange,4694.73,2107.98,1961.15,1,33.0,2300.0,-550.0,4884.4,1
327.39,ren,Orange,3495.71,4208.88,925.42,0,33.0,2224.7,-1325.1,3574.5,0
328.42,Taha (RLCS PRO BLUE TAG),Blue,2441.07,1380.99,1539.35,0,33.0,635.7,441.8,2275.7,1
329.52,Taha (RLCS PRO BLUE TAG),Blue,3904.22,2606.7,1044.49,0,33.0,2220.1,2167.8,3737.8,0
331.05,ren,Orange,4057.64,983.11,957.8,0,33.0,1643.7,205.2,4041.6,1
332.05,ren,Orange,3008.66,1103.86,553.46,0,33.0,2282.9,-1051.9,3220.7,0
332.12,Talynn,Blue,2937.78,1656.51,381.56,0,33.0,2190.5,1569.9,2800.7,0
334.92,ren,Orange,-1753.3,2021.96,1874.7,0,33.0,1680.9,-1680.9,-1581.1,1
336.55,ren,Orange,-4608.72,4098.09,1238.78,0,33.0,2255.3,-2169.9,-4497.5,0
336.89,Talynn,Blue,-4881.71,765.46,234.18,0,33.0,2232.8,-1185.5,-4950.4,1
338.62,Talynn,Blue,-3345.53,2416.28,1196.1,0,33.0,1948.4,1757.7,-3552.5,0
340.22,Kripper,Orange,-152.9,1553.49,590.23,0,33.0,2109.2,679.1,-37.0,0
340.32,Talynn,Blue,-83.78,2234.6,280.73,0,33.0,1774.5,1750.5,-213.6,1
343.72,Talynn,Blue,4702.6,2573.2,2467.31,0,33.0,1333.4,1220.3,4478.3,0
9.73,king,Orange,0.0,1708.97,573.45,0,33.0,2228.0,-1934.2,208.5,0
9.76,TIDE,Blue,0.0,4856.5,402.22,0,33.0,2284.9,2284.8,-193.1,1
10.76,zarion LFT for rlcs,Blue,-1680.09,4793.17,2014.27,1,33.0,2119.9,2037.6,-1901.3,0
13.5,messi,Orange,4219.95,2855.49,1193.16,1,33.0,842.5,-837.1,4411.6,1
18.76,messi,Orange,-4341.55,2658.56,992.1,0,33.0,1376.8,-968.4,-4342.4,0
20.6,zarion LFT for rlcs,Blue,-5025.79,323.75,650.82,0,33.0,2238.8,802.2,-5069.6,1
20.63,TIDE,Blue,-5020.79,323.75,495.91,1,33.0,468.9,269.9,-5093.5,0
21.0,messi,Orange,-4832.78,1027.67,660.95,0,33.0,2067.0,413.9,-4778.1,0
22.83,zarion LFT for rlcs,Blue,-4413.41,2529.95,498.32,0,33.0,2284.8,-87.3,-4285.6,1
24.36,zarion LFT for rlcs,Blue,-2070.42,2012.5,1844.06,0,33.0,2120.4,1636.1,-2168.5,0
27.33,king,Orange,4568.02,2932.35,4123.59,0,33.0,2287.9,1234.0,4569.1,1
29.07,king,Orange,3799.69,3537.37,1832.31,0,33.0,1389.3,-1347.8,4032.1,0
30.57,zarion LFT for rlcs,Blue,888.41,1322.38,835.35,0,33.0,414.4,-109.0,692.0,1
31.47,zarion LFT for rlcs,Blue,1006.62,2498.12,661.33,0,33.0,1025.0,772.8,892.7,1
33.7,TIDE,Blue,2464.64,1301.62,796.16,1,33.0,1912.9,1753.2,2331.3,0
33.97,messi,Orange,2985.77,1226.94,463.48,0,33.0,1039.7,-144.2,3068.8,1
34.67,king,Orange,4477.78,1608.46,921.94,1,33.0,2217.3,-23.5,4548.6,0
35.97,zarion LFT for rlcs,Blue,4445.85,6732.19,510.69,1,33.0,1427.8,447.9,4301.6,1
39.94,zarion LFT for rlcs,Blue,-2242.63,4481.29,208.62,0,33.0,2250.9,-2238.3,-2079.6,1
41.64,TIDE,Blue,-4795.66,1134.43,495.12,0,33.0,1048.7,-119.6,-4749.7,1
45.07,TIDE,Blue,-3434.37,384.48,2049.62,0,33.0,1001.6,1001.5,-3567.4,1
45.97,TIDE,Blue,-2463.21,942.04,1816.32,0,33.0,1629.3,1366.9,-2514.4,1
48.17,TIDE,Blue,-84.89,2341.42,1146.24,0,33.0,2261.5,1322.3,-188.4,1
52.17,TIDE,Blue,2825.49,2951.16,2026.33,0,33.0,1027.4,968.0,2690.1,1
54.87,TIDE,Blue,4729.68,2258.34,1015.79,0,33.0,1372.0,207.7,4741.9,0
56.07,messi,Orange,4926.98,440.03,919.75,0,33.0,1745.5,-589.1,5017.2,0
59.04,zarion LFT for rlcs,Blue,1202.02,6641.33,661.88,1,33.0,1627.7,448.2,1123.9,1
61.24,zarion LFT for rlcs,Blue,3180.74,5795.45,1733.35,0,33.0,2299.8,2087.9,3072.7,1
62.71,zarion LFT for rlcs,Blue,4993.69,3912.67,182.51,0,33.0,1071.9,-517.7,5062.8,1
64.74,TIDE,Blue,3467.92,827.45,1974.64,1,33.0,1446.5,1446.0,3240.3,1
65.38,TIDE,Blue,4381.19,1236.45,967.45,0,33.0,1613.4,1583.5,4216.5,0
67.88,messi,Orange,3445.02,2958.91,673.12,1,33.0,2087.8,-1888.2,3619.7,0
71.38,TIDE,Blue,-4666.4,3365.25,1859.21,1,33.0,2255.9,-2107.8,-4590.4,0
73.05,messi,Orange,-3757.0,7738.11,395.65,0,33.0,423.7,66.7,-3594.1,0
73.18,zarion LFT for rlcs,Blue,-3700.6,1214.4,204.39,0,33.0,1659.4,1631.5,-3771.6,1
74.45,TIDE,Blue,-3818.7,1457.73,635.61,1,33.0,529.8,-437.6,-3807.9,0
74.88,messi,Orange,-3896.17,3841.15,389.28,0,33.0,904.7,-727.8,-3717.6,0
75.31,zarion LFT for rlcs,Blue,-3974.5,764.53,631.12,0,33.0,964.3,-960.6,-3779.3,1
76.75,zarion LFT for rlcs,Blue,-4232.57,2648.04,145.2,1,33.0,971.2,847.4,-4255.8,1
79.21,zarion LFT for rlcs,Blue,-3840.8,2907.86,486.04,0,33.0,2127.9,-152.1,-3855.3,1
82.85,TIDE,Blue,-3552.6,3184.39,1566.61,1,33.0,1127.4,1076.8,-3725.9,0
83.75,king,Orange,-2766.97,5390.42,362.8,0,33.0,1435.2,-1358.4,-2621.8,0
85.61,TIDE,Blue,-1506.77,448.45,1347.21,1,33.0,1150.4,982.2,-1741.9,0
86.01,messi,Orange,-1327.33,4205.68,378.53,1,33.0,1436.1,-1372.9,-1155.7,0
86.05,zarion LFT for rlcs,Blue,-1373.36,214.31,467.72,1,33.0,822.7,53.6,-1593.2,0
88.45,king,Orange,-1649.87,3744.21,1718.81,1,33.0,1803.8,1118.7,-1821.2,1
91.21,king,Orange,152.81,5984.61,2779.6,1,33.0,759.2,-726.9,307.1,0
93.01,zarion LFT for rlcs,Blue,-2005.59,1745.49,1319.56,0,33.0,1801.1,201.3,-2092.7,0
98.38,messi,Orange,-2875.84,4600.03,737.42,0,33.0,1478.4,-978.7,-2662.9,0
98.55,TIDE,Blue,-3015.68,3445.22,354.99,1,33.0,1087.1,1075.8,-3146.4,0
100.52,messi,Orange,-3961.74,2025.26,1321.26,0,33.0,374.8,345.9,-3991.9,1
101.66,messi,Orange,-3907.31,627.51,803.21,1,33.0,865.8,-17.7,-3851.1,0
104.02,zarion LFT for rlcs,Blue,-4661.1,302.02,484.33,1,33.0,1618.3,1052.0,-4896.5,1
106.86,TIDE,Blue,-3949.54,2689.57,1712.52,1,33.0,1522.1,1483.4,-4114.6,1
108.92,TIDE,Blue,-152.51,4745.51,1714.99,0,33.0,1951.1,1672.2,-266.1,1
110.46,TIDE,Blue,2969.46,7890.45,774.07,0,33.0,2249.8,2216.4,2804.2,0
110.99,king,Orange,4088.44,1031.04,429.07,0,33.0,1742.7,1674.9,3953.5,1
111.93,messi,Orange,4952.51,1496.81,338.1,1,33.0,1090.5,-0.3,5103.0,0
112.19,TIDE,Blue,4795.15,4909.89,153.75,0,33.0,2290.9,-844.4,4863.1,1
114.29,zarion LFT for rlcs,Blue,3094.22,1393.04,325.04,1,33.0,1216.5,297.5,2918.6,1
116.86,TIDE,Blue,3058.05,2093.99,1629.1,0,33.0,1578.6,727.6,2837.8,0
117.79,messi,Orange,4184.48,634.21,774.89,0,33.0,360.7,5.5,4309.6,1
119.33,king,Orange,3876.5,281.54,506.97,0,33.0,968.6,-954.3,4000.7,0
119.43,zarion LFT for rlcs,Blue,3883.12,2698.67,209.21,1,33.0,1952.8,1733.7,3710.8,0
122.0,messi,Orange,2919.51,1411.25,2978.29,1,33.0,599.0,-557.4,2971.3,0
124.16,TIDE,Blue,-396.73,256.4,1594.97,1,33.0,917.3,602.2,-498.9,1
125.93,TIDE,Blue,1243.59,2008.59,1017.03,0,33.0,1253.2,1198.0,1105.1,0
127.83,king,Orange,4154.4,829.53,370.5,0,33.0,1874.8,1630.8,4125.0,0
130.26,zarion LFT for rlcs,Blue,2575.93,2883.47,2942.41,1,33.0,189.2,-88.1,2476.5,1
132.4,zarion LFT for rlcs,Blue,2592.73,3060.01,2743.88,1,33.0,545.0,528.1,2431.5,0
136.06,king,Orange,4713.93,2949.24,889.09,1,33.0,1984.3,-525.0,4718.3,0
136.99,TIDE,Blue,3897.57,2057.6,694.49,1,33.0,530.0,366.7,3720.6,1
139.19,TIDE,Blue,4902.46,5277.45,723.6,0,33.0,1719.0,-744.2,5060.5,1
141.89,zarion LFT for rlcs,Blue,1675.18,2812.33,2578.94,1,33.0,1248.8,1050.4,1510.4,0
142.96,king,Orange,2461.31,2955.93,285.63,0,33.0,1727.8,-1362.7,2569.3,0
146.7,zarion LFT for rlcs,Blue,3071.65,1574.75,1575.48,0,33.0,1137.8,632.0,2974.1,1
148.1,zarion LFT for rlcs,Blue,4491.11,3163.98,494.19,0,33.0,1639.4,1565.0,4400.3,0
148.24,messi,Orange,4648.32,2183.47,266.56,1,33.0,783.1,-739.8,4768.8,1
151.47,king,Orange,2900.71,870.67,1151.64,0,33.0,1904.6,-1686.5,3045.8,1
154.24,king,Orange,-2205.33,5288.69,540.27,0,33.0,1888.1,-1834.9,-2081.7,0
154.34,TIDE,Blue,-2320.95,1656.37,339.9,0,33.0,1235.6,159.2,-2529.7,1
156.8,zarion LFT for rlcs,Blue,-4790.88,1814.83,689.1,1,33.0,1447.2,446.9,-4931.9,0
158.14,king,Orange,-4043.34,1609.06,110.38,0,33.0,2083.6,629.6,-4214.7,0
158.14,zarion LFT for rlcs,Blue,-4043.34,3091.1,110.38,1,33.0,2288.2,1107.9,-4252.9,1
159.81,zarion LFT for rlcs,Blue,-3366.07,3105.44,1171.71,1,33.0,1.2,1.2,-3420.2,0
160.77,messi,Orange,-2891.51,1497.59,573.97,1,33.0,1497.9,-1436.8,-2721.1,0
161.97,TIDE,Blue,-4984.2,1304.7,1081.51,1,33.0,1302.8,2.2,-5103.1,0
165.48,king,Orange,-2943.43,6634.22,1500.69,0,33.0,1810.1,-903.1,-2810.2,1
166.94,king,Orange,-3718.85,5145.69,1839.99,0,33.0,746.6,-531.6,-3684.8,0
168.48,zarion LFT for rlcs,Blue,-4927.47,965.63,431.66,1,33.0,564.7,227.6,-5081.6,1
169.81,TIDE,Blue,-4800.65,1775.96,527.28,0,33.0,553.1,249.0,-4773.9,0
169.94,king,Orange,-4773.61,2763.61,360.29,0,33.0,875.7,-265.0,-4795.4,1
172.14,messi,Orange,-3907.14,1519.79,776.6,1,33.0,2054.2,-1331.3,-3710.4,0
172.34,zarion LFT for rlcs,Blue,-4058.43,579.86,335.1,0,33.0,2285.0,882.6,-4082.3,1
173.57,TIDE,Blue,-4700.78,1917.63,1672.37,1,33.0,678.0,-195.8,-4748.5,0
174.21,king,Orange,-3966.46,1492.03,708.88,0,33.0,1029.7,-989.3,-3825.1,1
176.6,messi,Orange,-4323.29,1849.16,1424.21,1,33.0,1824.1,-1299.5,-4140.4,0
177.17,zarion LFT for rlcs,Blue,-4931.76,2838.96,685.27,1,33.0,2083.7,-1970.4,-4727.1,0
190.92,messi,Orange,0.0,1370.68,674.34,0,33.0,2162.7,-1970.7,176.7,0
193.02,zarion LFT for rlcs,Blue,-5011.73,2021.96,3618.2,1,33.0,483.0,2.3,-5103.1,1
195.42,zarion LFT for rlcs,Blue,-4513.24,1907.41,2267.7,0,33.0,1771.8,1044.8,-4632.7,0
198.16,messi,Orange,755.38,1573.65,730.81,1,33.0,2297.5,-2252.8,978.5,0
198.26,zarion LFT for rlcs,Blue,643.01,2365.84,365.5,0,33.0,2295.4,2256.8,470.3,0
201.12,messi,Orange,-3905.36,3807.91,876.56,0,33.0,1675.3,-1652.9,-3757.5,0
201.36,TIDE,Blue,-4207.0,3138.07,368.75,0,33.0,1885.6,-946.5,-4238.5,0
203.16,king,Orange,-2669.99,1972.82,1469.71,0,33.0,1749.4,-1685.2,-2531.4,1
205.39,messi,Orange,-4391.61,2935.41,551.59,0,33.0,1917.0,-1916.8,-4187.2,0
205.46,zarion LFT for rlcs,Blue,-4505.09,64.3,373.8,0,33.0,2254.9,-423.2,-4668.3,1
205.49,TIDE,Blue,-4551.39,64.3,389.18,0,33.0,409.1,359.1,-4681.3,1
207.72,TIDE,Blue,-3707.94,1020.24,765.81,0,33.0,1017.0,1015.3,-3920.9,1
208.96,zarion LFT for rlcs,Blue,-2010.02,168.61,177.45,0,33.0,2299.9,2185.4,-2183.1,0
208.99,messi,Orange,-1996.66,1279.82,92.4,0,33.0,1905.6,1904.2,-2216.1,0
211.72,TIDE,Blue,2412.34,1581.97,794.07,0,33.0,2284.0,2284.0,2230.9,1
222.82,zarion LFT for rlcs,Blue,0.0,341.64,564.07,0,33.0,2295.6,1454.8,-212.7,0
222.96,messi,Orange,44.28,1229.07,311.13,0,33.0,268.9,-259.5,171.1,0
224.02,TIDE,Blue,-128.72,689.37,324.55,0,33.0,2294.0,453.2,-288.6,0
224.06,king,Orange,-129.09,1221.89,229.89,0,33.0,1917.5,-671.4,-61.4,0
226.29,TIDE,Blue,2026.28,4312.72,586.8,0,33.0,2194.9,2194.9,1891.1,1
227.82,TIDE,Blue,4390.92,5308.27,929.26,0,33.0,2274.7,1731.2,4442.8,1
229.65,zarion LFT for rlcs,Blue,4685.95,565.62,587.48,0,33.0,849.9,142.6,4626.9,1
230.53,zarion LFT for rlcs,Blue,4502.17,2251.92,1682.2,0,33.0,557.6,-490.9,4365.9,0
232.6,messi,Orange,3857.69,1000.88,454.02,0,33.0,1918.4,-63.6,3883.5,0
236.11,TIDE,Blue,2603.39,2801.25,1645.41,0,33.0,845.4,817.8,2472.5,0
237.44,king,Orange,4247.05,339.52,394.95,0,33.0,1970.4,1941.3,4142.7,1
247.74,king,Orange,0.0,1243.74,655.1,0,33.0,2273.6,-1933.1,222.2,0
247.81,TIDE,Blue,-28.18,412.26,341.99,0,33.0,2242.0,1833.8,-206.2,1
250.2,zarion LFT for rlcs,Blue,431.88,3730.09,571.72,0,33.0,676.5,491.2,343.7,0
250.34,messi,Orange,433.3,1185.54,289.86,0,33.0,2121.4,563.2,636.8,0
252.2,zarion LFT for rlcs,Blue,254.18,2064.95,872.54,0,33.0,1727.2,-316.6,171.5,1
254.2,TIDE,Blue,1121.09,1474.59,939.47,0,33.0,1346.2,1259.4,965.2,1
256.44,TIDE,Blue,4488.46,317.66,972.9,0,33.0,1508.8,1504.4,4321.2,1
258.18,zarion LFT for rlcs,Blue,2519.03,1834.69,2033.26,0,33.0,291.7,-178.1,2374.4,1
259.85,zarion LFT for rlcs,Blue,1489.23,1756.45,551.84,0,33.0,1145.5,-827.0,1560.4,1
261.99,zarion LFT for rlcs,Blue,1392.77,1591.2,676.98,0,33.0,1255.1,465.2,1311.5,0
263.16,messi,Orange,1612.0,1535.1,468.49,0,33.0,2299.8,1836.0,1427.4,1
266.98,king,Orange,4465.87,1803.06,3313.6,0,33.0,305.7,-216.0,4582.7,1
270.02,king,Orange,1720.87,2325.64,425.65,0,33.0,1591.0,-1571.4,1823.2,0
270.09,TIDE,Blue,1699.4,3984.58,165.32,0,33.0,1662.5,1544.8,1545.2,0
274.0,messi,Orange,3342.09,1217.64,2265.98,0,33.0,1872.1,-1816.2,3498.0,1
274.4,king,Orange,2482.87,563.67,897.81,0,33.0,1048.7,-981.8,2287.4,0
274.94,zarion LFT for rlcs,Blue,1381.22,1596.8,241.27,0,33.0,943.9,-189.6,1322.5,1
275.64,TIDE,Blue,-20.88,797.05,492.51,0,33.0,2105.2,-1812.4,-182.8,0
275.94,messi,Orange,-619.83,1956.94,290.09,0,33.0,2286.9,-2237.2,-460.1,1
277.48,messi,Orange,-3674.85,2744.75,656.68,0,33.0,1528.6,-1528.6,-3712.2,0
279.12,TIDE,Blue,-5012.86,1444.66,378.96,1,33.0,478.5,72.3,-4982.5,1
280.19,zarion LFT for rlcs,Blue,-4762.88,266.62,927.57,0,33.0,2180.5,-240.7,-4784.4,0
281.27,king,Orange,-3667.93,2638.34,402.65,0,33.0,376.2,-175.3,-3566.3,1
284.98,messi,Orange,756.6,1369.23,3282.02,0,33.0,2155.5,-279.8,877.1,1
287.59,messi,Orange,-800.85,245.45,525.57,0,33.0,1605.4,-1435.2,-664.1,0
287.66,zarion LFT for rlcs,Blue,-850.15,503.37,316.44,0,33.0,1756.2,1746.5,-1004.5,1
289.94,TIDE,Blue,981.66,1362.91,1651.69,0,33.0,2289.4,2287.1,840.5,0
290.67,king,Orange,3249.34,1806.36,922.95,0,33.0,1418.9,1323.4,3342.0,1
305.45,messi,Orange,17.66,1326.21,390.67,0,33.0,2282.6,-2223.4,252.3,0
305.45,zarion LFT for rlcs,Blue,17.66,471.87,390.67,0,33.0,1958.4,1954.1,-135.5,0
307.19,king,Orange,946.64,1089.55,588.98,0,33.0,1898.0,1800.5,823.8,0
309.33,TIDE,Blue,3503.63,2516.33,1082.17,0,33.0,1428.8,1397.8,3358.6,0
311.81,messi,Orange,5098.95,1019.25,557.12,1,33.0,400.2,319.9,5159.9,1
313.88,king,Orange,3285.58,587.53,752.39,0,33.0,1543.1,-971.7,3391.3,1
317.23,messi,Orange,-2078.43,560.65,244.14,0,33.0,2276.8,-2265.3,-2227.0,0
317.43,zarion LFT for rlcs,Blue,-2427.4,1643.72,387.07,0,33.0,1109.5,-169.7,-2586.2,0
317.53,king,Orange,-2453.0,522.94,479.86,0,33.0,1909.7,-1649.2,-2262.0,1
318.64,messi,Orange,-2525.63,993.77,465.38,0,33.0,2041.3,-1790.2,-2325.3,0
318.67,zarion LFT for rlcs,Blue,-2531.53,1675.6,385.86,0,33.0,566.9,222.2,-2765.1,1
321.88,TIDE,Blue,-4092.76,1217.84,747.96,0,33.0,2020.4,1028.4,-4311.5,1
323.86,zarion LFT for rlcs,Blue,-3320.99,718.37,681.59,0,33.0,1128.8,888.6,-3425.1,0
324.53,king,Orange,-2595.64,2234.12,307.92,0,33.0,1278.7,419.1,-2501.1,0
327.27,TIDE,Blue,-2685.07,1438.69,1515.24,0,33.0,922.5,906.5,-2853.0,0
328.41,king,Orange,-1555.7,1359.03,118.06,0,33.0,2075.8,-807.0,-1591.2,1
331.52,messi,Orange,135.34,659.36,572.46,0,33.0,887.2,-153.7,275.1,0
332.39,TIDE,Blue,-1232.34,1272.09,1592.31,0,33.0,517.8,-513.6,-1320.6,0
335.8,messi,Orange,-3605.55,2642.42,875.32,0,33.0,1957.7,-1549.9,-3493.0,0
336.77,zarion LFT for rlcs,Blue,-4790.79,574.53,952.71,0,33.0,1310.9,380.5,-5032.1,1
338.24,TIDE,Blue,-3975.76,236.32,2194.04,0,33.0,2140.6,1946.4,-4133.3,0
339.45,king,Orange,-1263.84,808.45,1062.25,0,33.0,400.7,-392.1,-1056.9,0
341.29,zarion LFT for rlcs,Blue,-2632.7,2790.56,377.36,0,33.0,903.8,-555.2,-2661.7,1
342.53,zarion LFT for rlcs,Blue,-3055.06,1841.01,1519.21,0,33.0,1109.4,-218.6,-3170.0,1
344.2,TIDE,Blue,-2981.84,184.01,1042.77,0,33.0,2080.9,1519.3,-3151.6,0
14.57,Sik.,Orange,0.0,1421.23,458.67,0,33.0,2215.2,-1645.7,174.9,0
14.6,new conoroler,Blue,-2.9,1865.56,313.33,0,33.0,955.5,120.5,-155.7,0
15.48,SolaryAayan,Orange,181.51,2063.27,545.05,0,33.0,2256.5,1.4,184.5,0
17.54,no friday rlcs streams :(,Blue,595.99,3177.39,1241.09,0,33.0,1085.2,1085.2,509.2,0
19.64,SolaryAayan,Orange,2298.8,3878.67,1490.35,1,33.0,1915.4,-1271.4,2527.7,0
21.43,new conoroler,Blue,-817.62,1482.28,557.8,1,33.0,1914.0,1874.1,-924.4,0
21.53,SolaryAayan,Orange,-550.53,2775.74,246.56,0,33.0,1716.3,-1592.6,-515.8,1
24.1,Sik.,Orange,2692.81,7182.77,1570.99,1,33.0,2182.7,-1075.7,2870.3,1
25.9,Sik.,Orange,657.01,3690.36,929.16,1,33.0,1436.8,-1367.8,799.1,0
27.31,no friday rlcs streams :(,Blue,-1907.22,1568.87,602.79,0,33.0,1330.2,300.5,-2112.7,0
27.44,Sik.,Orange,-1927.0,1157.59,252.71,1,33.0,1875.1,-1489.9,-1847.1,1
29.11,SolaryAayan,Orange,-2420.42,2058.6,497.73,1,33.0,1305.3,-1298.8,-2285.5,0
29.17,no friday rlcs streams :(,Blue,-2503.13,1359.49,361.82,0,33.0,1990.1,93.4,-2557.6,1
30.69,no friday rlcs streams :(,Blue,-3881.89,905.89,755.53,0,33.0,1252.7,-1252.7,-3741.8,1
31.95,new conoroler,Blue,-4247.28,904.85,822.6,0,33.0,2208.9,1539.9,-4478.3,0
32.08,Sik.,Orange,-4105.55,4159.43,349.59,0,33.0,1761.1,-1760.8,-4017.6,0
35.88,no friday rlcs streams :(,Blue,-2953.66,2602.1,620.3,0,33.0,1458.0,1128.3,-3020.0,0
35.98,SolaryAayan,Orange,-2862.36,7809.38,330.55,0,33.0,2276.5,-2242.9,-2661.9,1
39.32,Sik.,Orange,-4353.69,1611.48,339.56,1,33.0,1984.7,-1890.8,-4188.8,1
51.77,SolaryAayan,Orange,-85.31,1841.44,400.91,0,33.0,2005.9,-1874.3,101.5,0
51.77,new conoroler,Blue,-85.31,1413.49,400.91,0,33.0,2299.9,2298.9,-296.4,1
52.68,no friday rlcs streams :(,Blue,-83.91,698.33,719.78,1,33.0,2179.1,1844.7,-316.3,0
52.78,Sik.,Orange,177.16,540.26,464.86,1,33.0,2232.4,-2201.7,388.2,1
52.92,SolaryAayan,Orange,185.37,468.15,240.44,0,33.0,588.8,-53.6,217.4,1
56.2,Sik.,Orange,-2711.46,556.09,1447.63,0,33.0,2299.4,-2277.8,-2609.4,0
56.74,new conoroler,Blue,-3676.44,2282.83,330.98,1,33.0,1768.7,-1713.5,-3861.3,0
57.61,SolaryAayan,Orange,-4372.58,635.61,882.84,0,33.0,2292.6,424.2,-4486.3,1
58.09,Sik.,Orange,-4812.26,318.85,856.13,0,33.0,2225.6,13.0,-4642.3,1
76.32,SolaryAayan,Orange,-41.43,1270.57,484.21,0,33.0,2277.6,-2258.9,166.1,0
76.35,new conoroler,Blue,-63.4,1328.9,384.98,0,33.0,1248.9,223.9,-211.8,0
79.71,Sik.,Orange,180.0,3410.23,1142.29,0,33.0,385.1,-2.9,274.9,1
81.23,Sik.,Orange,-466.5,3294.36,2751.25,0,33.0,1405.7,-697.6,-258.6,0
83.67,new conoroler,Blue,-2765.82,163.16,469.27,1,33.0,1413.9,619.4,-2958.0,1
83.67,no friday rlcs streams :(,Blue,-2765.82,163.16,324.02,0,33.0,1960.2,1233.9,-2841.3,1
86.37,no friday rlcs streams :(,Blue,1852.19,857.64,638.03,0,33.0,2220.3,2212.2,1717.3,0
86.47,SolaryAayan,Orange,2086.09,951.27,263.96,1,33.0,2229.7,332.4,2113.9,0
88.91,new conoroler,Blue,4232.0,545.95,1203.82,0,33.0,1848.9,1714.6,4147.3,0
89.38,Sik.,Orange,4897.47,3468.82,870.62,1,33.0,1388.7,-295.7,5100.5,0
89.95,no friday rlcs streams :(,Blue,4233.93,1357.05,721.49,0,33.0,1989.8,-357.5,4023.1,0
92.62,Sik.,Orange,2531.89,2146.41,343.91,0,33.0,1649.5,-1276.3,2602.1,1
94.28,Sik.,Orange,-198.8,1259.31,1022.45,0,33.0,2088.8,-1919.7,-30.9,0
96.38,no friday rlcs streams :(,Blue,-3892.49,877.01,1030.18,1,33.0,1673.5,558.0,-4075.6,1
99.09,new conoroler,Blue,-1146.86,1694.33,1249.77,0,33.0,1674.3,1649.2,-1262.3,0
101.42,SolaryAayan,Orange,4577.79,1453.71,1243.36,1,33.0,1656.1,786.8,4687.9,0
104.4,no friday rlcs streams :(,Blue,4473.7,4460.45,1539.66,0,33.0,1483.8,1126.1,4387.6,0
105.45,SolaryAayan,Orange,4725.39,637.09,1691.92,0,33.0,1455.4,555.2,4738.6,0
108.43,new conoroler,Blue,1930.8,752.14,2328.94,0,33.0,456.7,-434.4,1812.1,1
110.73,new conoroler,Blue,3076.69,1765.09,863.53,0,33.0,1355.5,1288.8,2881.6,0
111.23,Sik.,Orange,3903.16,2169.78,509.85,1,33.0,1589.4,797.1,3945.7,0
113.54,no friday rlcs streams :(,Blue,2980.32,823.66,1692.78,0,33.0,1922.2,1376.4,2823.8,1
115.47,no friday rlcs streams :(,Blue,4236.29,4249.63,1339.42,0,33.0,1557.8,51.0,4176.9,1
116.79,no friday rlcs streams :(,Blue,4535.85,3126.18,369.57,0,33.0,1986.8,247.1,4353.4,0
116.89,Sik.,Orange,4622.26,1870.08,242.74,0,33.0,1722.5,-755.9,4614.8,0
117.64,no friday rlcs streams :(,Blue,4752.4,1935.77,649.83,0,33.0,2062.0,304.1,4593.6,1
119.33,new conoroler,Blue,3792.76,1280.79,603.24,0,33.0,1488.3,473.2,3666.9,0
120.66,Sik.,Orange,4666.14,1090.97,451.04,0,33.0,1778.1,104.7,4786.2,0
125.35,no friday rlcs streams :(,Blue,-2121.5,564.68,984.38,0,33.0,1137.8,118.3,-2309.1,0
126.95,Sik.,Orange,-2106.45,1389.77,325.28,0,33.0,2291.4,-2290.3,-1950.7,0
129.21,new conoroler,Blue,-4985.87,1693.27,1741.78,1,33.0,1090.5,-821.3,-4930.1,1
130.84,new conoroler,Blue,-4525.22,954.36,1290.78,1,33.0,711.4,545.8,-4649.2,1
132.2,new conoroler,Blue,-3441.86,2984.77,1221.89,0,33.0,861.4,859.4,-3522.1,0
135.25,SolaryAayan,Orange,1061.05,1863.25,565.45,0,33.0,1466.6,-749.7,1222.3,0
135.36,new conoroler,Blue,993.06,656.19,244.22,0,33.0,1513.9,1498.1,921.8,0
137.93,SolaryAayan,Orange,-97.88,472.62,2838.7,0,33.0,1266.1,-1259.7,1.3,0
139.69,no friday rlcs streams :(,Blue,-4942.78,4437.37,2017.6,1,33.0,2158.7,-19.7,-5112.4,0
141.67,Sik.,Orange,-3991.68,1163.33,1884.48,0,33.0,1604.5,-1530.1,-3944.8,0
143.16,no friday rlcs streams :(,Blue,-4043.06,1360.3,784.03,1,33.0,1619.8,1073.8,-4193.5,1
144.54,new conoroler,Blue,-1430.57,977.12,1788.62,0,33.0,1716.5,1052.1,-1357.2,1
146.84,new conoroler,Blue,2054.05,1485.94,2418.96,0,33.0,2293.5,1869.8,1904.0,0
147.79,SolaryAayan,Orange,3759.93,832.65,457.19,0,33.0,1389.2,623.9,3852.1,1
150.58,Sik.,Orange,4141.52,3112.51,15.35,0,33.0,906.1,-716.2,4161.3,0
150.75,new conoroler,Blue,4049.98,2591.84,21.48,0,33.0,1136.5,-1011.3,4004.0,0
152.28,Sik.,Orange,3324.28,2360.95,879.12,0,33.0,833.7,-433.8,3451.2,1
154.13,Sik.,Orange,910.09,1419.87,1340.19,0,33.0,2278.0,-1773.1,1030.7,1
155.12,SolaryAayan,Orange,-385.67,177.27,1321.26,0,33.0,1980.8,-1966.7,-204.8,1
157.61,SolaryAayan,Orange,-4768.37,3861.65,1259.75,0,33.0,2300.0,-1615.5,-4820.9,1
159.76,Sik.,Orange,-2883.64,1470.4,1390.34,0,33.0,1267.6,-1242.1,-2714.3,0
161.01,new conoroler,Blue,-4888.17,2524.93,993.76,1,33.0,1603.2,1034.8,-4877.7,1
163.31,new conoroler,Blue,-2635.32,119.23,1143.91,0,33.0,1253.5,1190.8,-2728.3,1
164.91,new conoroler,Blue,-128.81,1699.57,619.29,0,33.0,2020.8,1745.9,-234.0,0
167.34,SolaryAayan,Orange,3559.48,610.54,412.2,0,33.0,2300.0,-937.5,3748.1,0
168.26,no friday rlcs streams :(,Blue,1966.54,2353.59,1141.54,0,33.0,881.1,450.3,1780.7,1
169.95,no friday rlcs streams :(,Blue,3440.46,3023.73,1086.56,0,33.0,1895.6,1613.7,3429.5,0
171.15,Sik.,Orange,4699.56,827.28,983.76,1,33.0,1975.8,-489.4,4850.1,1
172.4,Sik.,Orange,3274.1,800.38,682.85,0,33.0,2293.7,-1161.9,3499.1,0
172.5,new conoroler,Blue,3166.43,2021.45,377.96,0,33.0,1193.5,1121.0,3027.1,1
177.58,no friday rlcs streams :(,Blue,-1148.07,3173.11,364.44,0,33.0,2036.2,1717.9,-1221.5,0
177.61,SolaryAayan,Orange,-1176.19,1996.88,161.81,0,33.0,1824.5,-1804.1,-1039.7,0
179.85,new conoroler,Blue,-4462.96,4637.75,292.63,1,33.0,1929.3,-118.1,-4545.8,0
182.51,Sik.,Orange,-2893.05,668.83,940.81,0,33.0,1887.0,-1807.5,-2683.5,0
183.76,no friday rlcs streams :(,Blue,-4560.75,4046.66,633.41,1,33.0,812.5,-155.9,-4484.6,0
185.45,Sik.,Orange,-3337.47,44.74,1659.32,0,33.0,499.5,-499.5,-3176.3,0
186.32,no friday rlcs streams :(,Blue,-3585.33,4170.08,455.45,1,33.0,1808.3,1746.4,-3773.3,1
189.76,no friday rlcs streams :(,Blue,3465.3,4123.52,2270.1,0,33.0,2066.3,1021.7,3428.2,0
190.33,SolaryAayan,Orange,4254.83,5098.01,946.47,1,33.0,1492.2,1384.8,4242.9,0
192.7,new conoroler,Blue,4288.82,3494.6,1501.04,0,33.0,1418.6,1316.0,4074.9,0
193.41,Sik.,Orange,4860.47,1941.91,1551.77,0,33.0,1904.8,-484.3,4983.6,1
196.11,SolaryAayan,Orange,920.19,952.79,808.67,0,33.0,1809.4,-1604.4,1050.0,1
199.05,SolaryAayan,Orange,-3158.29,1530.5,1184.02,0,33.0,2002.6,-1608.7,-3025.0,0
199.42,no friday rlcs streams :(,Blue,-3919.62,1127.44,447.35,0,33.0,607.3,552.3,-3954.5,1
199.87,new conoroler,Blue,-4910.59,1583.28,465.5,1,33.0,1281.3,3.2,-5103.2,1
200.98,new conoroler,Blue,-4393.56,2616.13,674.46,1,33.0,1726.4,758.0,-4482.6,0
204.77,Sik.,Orange,2788.37,1459.17,580.48,1,33.0,999.6,612.0,2873.4,0
204.83,new conoroler,Blue,2833.6,2078.8,450.04,0,33.0,2287.6,2173.8,2689.3,0
206.94,SolaryAayan,Orange,5000.33,1350.25,253.07,1,33.0,1967.6,-252.1,5076.0,1
209.94,Sik.,Orange,2179.02,59.32,286.28,1,33.0,2265.4,-2221.3,2345.9,1
213.73,Sik.,Orange,-3819.74,1040.75,675.14,0,33.0,2286.9,24.0,-3705.2,0
216.2,no friday rlcs streams :(,Blue,-3536.06,2230.62,1112.79,1,33.0,1288.8,856.8,-3633.6,0
219.55,SolaryAayan,Orange,3452.4,3749.28,2179.96,1,33.0,1822.4,-1256.3,3619.1,1
221.31,Sik.,Orange,-671.29,2360.94,2011.88,0,33.0,1387.5,39.0,-719.8,0
222.93,new conoroler,Blue,-4030.66,1000.31,1283.09,1,33.0,2042.1,-504.4,-4096.1,1
224.72,new conoroler,Blue,-2354.79,2315.35,559.42,0,33.0,2299.9,1837.8,-2539.1,0
224.79,SolaryAayan,Orange,-2227.54,1190.21,416.35,0,33.0,676.2,-280.1,-2016.1,1
227.53,Sik.,Orange,-1206.14,1818.56,1771.07,0,33.0,704.8,449.4,-1170.1,1
229.35,SolaryAayan,Orange,-1748.88,2500.95,1368.52,0,33.0,1299.1,611.8,-1722.4,0
231.59,no friday rlcs streams :(,Blue,-4360.57,2059.14,2252.69,1,33.0,733.9,583.5,-4530.3,1
233.48,no friday rlcs streams :(,Blue,-2576.49,1493.69,666.9,0,33.0,1829.6,1450.7,-2794.8,1
234.66,no friday rlcs streams :(,Blue,-727.36,2392.79,2514.85,0,33.0,2058.4,2033.6,-815.9,1
237.73,no friday rlcs streams :(,Blue,4331.86,3945.26,750.82,0,33.0,2186.7,1646.8,4240.4,1
239.3,new conoroler,Blue,3073.29,1619.97,1686.54,0,33.0,1753.7,1588.1,2908.7,0
240.49,SolaryAayan,Orange,4777.61,1979.68,1535.39,1,33.0,425.4,-421.4,4928.7,0
242.08,new conoroler,Blue,1755.53,1632.46,306.83,0,33.0,1787.6,-1411.4,1722.6,0
245.99,Sik.,Orange,-3397.3,879.91,459.46,0,33.0,2269.3,-376.6,-3354.1,0
246.26,no friday rlcs streams :(,Blue,-3696.84,974.48,166.05,0,33.0,2104.3,199.5,-3622.1,1
248.09,new conoroler,Blue,-4777.53,2148.62,422.29,1,33.0,2131.0,407.1,-4966.5,1
250.55,new conoroler,Blue,-3467.27,910.65,2656.23,0,33.0,2041.9,675.7,-3677.8,1
252.42,new conoroler,Blue,-1351.94,1354.83,452.77,0,33.0,1455.3,1407.7,-1472.8,0
253.94,SolaryAayan,Orange,1368.2,444.86,441.17,0,33.0,1344.5,936.3,1540.7,0
254.11,new conoroler,Blue,1549.69,1870.23,324.51,0,33.0,2171.6,1714.2,1374.3,0
255.77,Sik.,Orange,3038.8,836.48,1553.23,0,33.0,950.5,-948.8,3277.3,1
258.34,Sik.,Orange,-182.64,1866.42,1007.5,0,33.0,1696.0,-1634.5,-31.1,1
259.74,Sik.,Orange,-1927.31,1000.66,472.6,0,33.0,1545.5,-1429.2,-1805.7,0
259.98,no friday rlcs streams :(,Blue,-2203.6,2119.93,256.91,0,33.0,640.0,-345.9,-2372.6,0
260.52,SolaryAayan,Orange,-2439.21,151.8,302.29,0,33.0,1439.8,-1256.6,-2440.7,1
260.69,Sik.,Orange,-2457.06,98.48,181.77,0,33.0,943.7,-679.8,-2534.0,0
263.31,no friday rlcs streams :(,Blue,-2722.14,1739.18,1645.21,0,33.0,1787.9,1773.6,-2889.2,1
264.22,no friday rlcs streams :(,Blue,-1248.55,2612.51,1676.7,0,33.0,1625.0,1603.6,-1325.6,0
266.33,SolaryAayan,Orange,3781.33,2300.39,1269.66,0,33.0,2210.9,2210.9,3689.5,1
266.94,Sik.,Orange,5016.04,131.4,2489.97,1,33.0,2026.2,-2012.8,5187.9,0
285.07,no friday rlcs streams :(,Blue,0.0,1325.87,597.23,0,33.0,2273.1,1957.3,-205.6,0
285.14,Sik.,Orange,13.73,1444.91,408.14,0,33.0,520.5,-489.4,181.9,1
287.45,SolaryAayan,Orange,456.97,3734.83,401.61,0,33.0,2297.1,-470.3,595.5,0
287.48,new conoroler,Blue,456.44,1944.87,343.58,0,33.0,1585.7,1567.0,343.4,1
288.4,no friday rlcs streams :(,Blue,404.15,2158.54,2087.36,0,33.0,2277.9,-1968.0,198.3,0
290.43,Sik.,Orange,366.69,1186.76,1895.17,0,33.0,1932.4,-1455.0,531.2,1
293.76,Sik.,Orange,-3154.05,2348.63,2112.41,0,33.0,1667.9,-1663.3,-2969.8,0
294.47,no friday rlcs streams :(,Blue,-4798.12,2485.08,801.08,1,33.0,708.7,342.5,-5007.9,1
296.02,no friday rlcs streams :(,Blue,-3800.56,2036.41,520.39,0,33.0,2297.7,1320.3,-4029.3,0
296.09,SolaryAayan,Orange,-3761.6,2043.03,445.99,0,33.0,2289.1,-1249.9,-3586.6,0
299.89,no friday rlcs streams :(,Blue,-1039.43,2086.66,870.89,0,33.0,756.4,745.0,-1226.6,0
302.03,Sik.,Orange,1430.56,246.56,402.41,0,33.0,1835.0,-1777.1,1643.1,0
302.07,new conoroler,Blue,1386.28,480.23,402.41,0,33.0,1566.8,674.0,1487.8,0
305.98,Sik.,Orange,-4521.97,2870.02,1874.21,0,33.0,1817.2,-1624.4,-4421.1,0
307.47,no friday rlcs streams :(,Blue,-3305.74,808.42,944.95,0,33.0,1509.4,-989.5,-3232.7,0
310.05,SolaryAayan,Orange,-356.57,3082.3,1094.5,0,33.0,1515.3,277.7,-200.1,1
311.13,SolaryAayan,Orange,251.49,3543.87,1983.63,0,33.0,129.4,-129.3,412.4,1
312.52,SolaryAayan,Orange,-125.2,3233.76,1198.7,0,33.0,1632.0,-1120.5,4.5,0
313.81,new conoroler,Blue,-1816.36,2235.33,423.43,0,33.0,1502.5,375.1,-1957.6,0
313.92,SolaryAayan,Orange,-1910.71,2718.89,251.21,0,33.0,2198.3,-1573.9,-1692.7,0
316.06,no friday rlcs streams :(,Blue,-2944.83,3452.73,1588.7,1,33.0,938.8,932.9,-3118.8,0
317.18,Sik.,Orange,-1897.42,1955.04,226.34,0,33.0,1527.1,-1010.6,-1773.4,1
319.42,Sik.,Orange,-4708.35,1777.83,551.58,0,33.0,2129.4,-1595.0,-4705.9,1
336.02,SolaryAayan,Orange,0.0,1559.16,388.56,0,33.0,2263.9,-1893.5,164.2,0
336.02,new conoroler,Blue,0.0,1332.84,388.56,0,33.0,2294.7,2147.4,-214.7,0
336.93,Sik.,Orange,-40.63,414.25,489.95,0,33.0,2286.8,-2162.2,169.9,0
336.97,no friday rlcs streams :(,Blue,-18.89,478.65,340.3,0,33.0,2029.2,1651.1,-170.0,0
340.15,SolaryAayan,Orange,-1508.58,1658.63,2449.68,0,33.0,1033.6,-1033.6,-1379.2,1
342.35,SolaryAayan,Orange,-2365.48,1456.84,1866.75,0,33.0,1182.4,-564.0,-2270.8,0
342.96,no friday rlcs streams :(,Blue,-2717.17,2433.45,188.98,0,33.0,2148.4,2072.2,-2764.1,0
346.03,Sik.,Orange,878.26,288.51,1457.74,0,33.0,413.6,-274.2,1048.0,0
346.67,no friday rlcs streams :(,Blue,385.6,655.62,285.77,0,33.0,1873.7,-219.0,285.3,1
348.57,new conoroler,Blue,-4.45,236.61,766.31,0,33.0,1698.7,-1196.5,41.2,0
349.35,Sik.,Orange,-49.88,1573.04,227.44,0,33.0,1823.3,50.0,-3.9,0
350.71,no friday rlcs streams :(,Blue,607.87,629.86,2123.55,0,33.0,1874.0,1872.2,460.2,0
352.58,SolaryAayan,Orange,5037.92,3061.91,1361.36,1,33.0,2300.0,1580.4,5098.1,1
354.61,Sik.,Orange,4698.46,2739.38,1605.01,0,33.0,448.8,-298.8,4801.8,1
356.44,Sik.,Orange,3477.2,2482.71,1312.6,0,33.0,867.3,-866.9,3635.5,0
357.36,no friday rlcs streams :(,Blue,2666.82,1772.06,425.82,0,33.0,2199.4,1545.3,2439.6,0
360.68,SolaryAayan,Orange,2148.46,2443.27,712.51,0,33.0,1264.1,-1263.9,2344.1,0
361.06,no friday rlcs streams :(,Blue,1675.31,1516.65,463.23,0,33.0,699.4,-530.5,1536.2,1
364.21,new conoroler,Blue,-3185.6,1537.43,179.74,0,33.0,1875.3,-1482.3,-3108.4,1
365.23,new conoroler,Blue,-4545.7,382.16,335.06,0,33.0,1743.5,-1179.8,-4406.8,1
366.35,no friday rlcs streams :(,Blue,-2833.57,2234.72,659.0,0,33.0,2147.1,1932.7,-2904.6,0
369.8,Sik.,Orange,4958.51,2811.81,617.45,1,33.0,2215.2,-332.3,5073.8,0
370.59,new conoroler,Blue,4087.29,2173.51,917.67,0,33.0,0.2,-0.0,3889.8,0
372.85,Sik.,Orange,2182.76,1677.58,2499.98,0,33.0,1974.6,-1811.6,2337.6,0
375.02,new conoroler,Blue,-1374.43,1610.72,648.85,0,33.0,1879.7,-1410.3,-1329.1,0
377.8,SolaryAayan,Orange,-4652.12,575.85,485.1,0,33.0,2300.0,288.1,-4706.1,0
10.62,Porklet,Blue,-37.05,1838.63,449.74,0,33.0,2280.6,2188.3,-191.2,0
10.66,Proto,Orange,-16.7,1584.31,319.77,0,33.0,774.5,-152.4,121.1,0
12.79,Taha (RLCS PRO BLUE TAG),Blue,1277.13,3883.61,492.51,0,33.0,2219.5,1565.3,1063.0,0
12.89,rl is turning to shit,Orange,1314.43,1522.79,538.02,1,33.0,1332.1,796.4,1325.0,0
15.42,Taha (RLCS PRO BLUE TAG),Blue,662.82,7257.49,123.53,0,33.0,1840.1,-1827.9,772.6,0
17.42,Proto,Orange,54.98,695.47,3129.3,0,33.0,1472.2,-973.0,202.0,0
18.39,Porklet,Blue,-1102.52,3499.03,407.99,0,33.0,2293.6,1744.4,-1289.7,1
20.36,Taha (RLCS PRO BLUE TAG),Blue,-1429.59,2993.17,1449.32,1,33.0,2083.8,2081.7,-1591.1,0
23.92,rl is turning to shit,Orange,4878.11,4883.02,1861.0,1,33.0,1283.2,1017.0,4951.1,1
27.89,rl is turning to shit,Orange,688.23,2298.11,272.77,1,33.0,2112.9,-2086.9,811.7,0
29.89,Porklet,Blue,-3347.14,1075.44,653.44,1,33.0,856.0,-337.2,-3512.8,0
30.06,rl is turning to shit,Orange,-3424.11,1785.79,300.58,0,33.0,1810.3,-1772.7,-3285.8,1
33.89,Proto,Orange,-1998.89,1801.32,289.99,0,33.0,1933.6,-1312.1,-2101.6,1
48.12,rl is turning to shit,Orange,-41.32,1440.35,468.58,0,33.0,2277.9,-1826.2,142.8,0
48.18,Taha (RLCS PRO BLUE TAG),Blue,-20.65,1147.04,299.4,0,33.0,436.2,46.6,-179.6,0
52.32,rl is turning to shit,Orange,2758.99,1752.72,321.5,0,33.0,1455.6,1077.5,2903.0,0
52.35,Porklet,Blue,2802.8,6280.18,207.22,0,33.0,1891.1,1249.3,2700.1,0
53.32,Proto,Orange,4185.89,981.06,648.51,0,33.0,1106.4,144.5,4406.1,0
55.15,Taha (RLCS PRO BLUE TAG),Blue,2471.38,2091.69,2027.08,0,33.0,2212.4,2211.4,2262.5,1
57.58,Taha (RLCS PRO BLUE TAG),Blue,3904.17,2507.63,675.86,0,33.0,694.4,688.5,3814.9,0
57.78,Proto,Orange,4138.62,630.49,424.7,0,33.0,930.8,-918.6,4261.6,0
59.35,Taha (RLCS PRO BLUE TAG),Blue,4442.22,1913.53,810.71,0,33.0,527.0,521.8,4288.3,1
60.45,Taha (RLCS PRO BLUE TAG),Blue,4823.26,1808.83,564.74,0,33.0,427.8,388.8,4710.2,0
61.58,Proto,Orange,4240.38,1075.12,766.26,0,33.0,487.0,-319.0,4209.2,0
63.78,Taha (RLCS PRO BLUE TAG),Blue,4189.77,550.96,292.48,0,33.0,1808.1,-241.1,4254.9,0
63.88,Proto,Orange,4188.09,976.19,191.01,0,33.0,1273.7,389.7,4214.9,0
64.15,Porklet,Blue,4108.03,437.87,379.53,0,33.0,993.6,303.5,3891.7,1
65.75,Porklet,Blue,4213.04,1427.85,78.92,0,33.0,1132.8,1037.2,4005.4,0
65.81,Proto,Orange,4211.24,1156.7,38.01,0,33.0,808.4,553.2,4039.2,0
70.45,Taha (RLCS PRO BLUE TAG),Blue,4610.41,1077.45,427.96,0,33.0,1623.0,1610.3,4449.3,0
71.08,Proto,Orange,5022.57,850.43,527.76,1,33.0,1714.6,-686.8,5060.3,0
73.05,Porklet,Blue,2425.04,958.17,884.31,0,33.0,1966.9,1084.8,2252.4,0
75.61,rl is turning to shit,Orange,5006.37,569.21,464.52,1,33.0,1088.0,-0.2,5103.0,0
76.44,Porklet,Blue,4867.62,3376.09,338.72,0,33.0,448.3,87.2,4830.1,0
77.94,rl is turning to shit,Orange,4905.52,2288.61,1036.54,1,33.0,1656.8,344.3,4874.1,1
82.48,rl is turning to shit,Orange,2142.99,499.84,1171.5,0,33.0,1021.5,-929.4,2254.0,1
83.54,rl is turning to shit,Orange,927.48,958.41,2325.61,0,33.0,1319.0,-1195.0,1058.4,1
86.78,rl is turning to shit,Orange,-3007.66,1751.92,1610.02,0,33.0,1647.5,-1527.6,-2938.8,0
87.91,Taha (RLCS PRO BLUE TAG),Blue,-5004.29,2098.21,315.26,1,33.0,966.5,0.3,-5103.0,1
90.64,Taha (RLCS PRO BLUE TAG),Blue,-3800.92,3788.9,698.89,0,33.0,2144.7,1890.7,-3984.0,0
90.81,Proto,Orange,-3422.87,1051.71,107.41,0,33.0,1231.9,-1033.8,-3566.0,1
94.14,rl is turning to shit,Orange,2342.18,2716.85,966.96,0,33.0,2134.6,1013.7,2428.6,1
97.01,rl is turning to shit,Orange,3470.04,6136.15,256.51,0,33.0,2260.7,-1848.2,3543.6,1
99.77,rl is turning to shit,Orange,989.18,3127.42,110.33,0,33.0,372.8,84.8,956.1,0
99.87,Taha (RLCS PRO BLUE TAG),Blue,899.04,2273.32,119.19,0,33.0,678.1,-241.6,849.6,0
102.27,Proto,Orange,-716.97,1263.97,337.35,0,33.0,2114.0,-1737.2,-635.8,0
102.31,Taha (RLCS PRO BLUE TAG),Blue,-774.47,2972.11,281.0,0,33.0,2060.2,-1022.3,-883.2,1
104.9,Porklet,Blue,-4951.03,1355.63,813.55,1,33.0,1162.5,501.5,-4995.4,0
108.17,rl is turning to shit,Orange,171.23,4938.5,2020.55,0,33.0,1570.0,-1475.5,312.2,1
111.5,Proto,Orange,-4251.52,1229.64,415.15,0,33.0,1943.0,-1939.4,-4032.4,0
111.64,Taha (RLCS PRO BLUE TAG),Blue,-4440.53,550.09,408.26,0,33.0,1973.9,-1650.8,-4545.3,1
111.8,Porklet,Blue,-4664.07,40.79,294.2,1,33.0,858.8,497.5,-4821.4,0
114.64,rl is turning to shit,Orange,-3765.54,1791.73,668.27,0,33.0,1192.4,170.8,-3618.3,0
117.3,Porklet,Blue,-3032.92,2546.35,664.47,0,33.0,1335.1,1140.8,-3144.1,1
119.47,Porklet,Blue,224.64,1920.65,1234.78,0,33.0,1780.5,1756.4,112.9,0
120.77,Proto,Orange,2425.13,2475.71,410.06,0,33.0,1577.0,789.1,2557.7,1
123.17,rl is turning to shit,Orange,2708.74,2162.26,1449.94,0,33.0,1944.8,-1922.0,2810.7,0
125.77,Taha (RLCS PRO BLUE TAG),Blue,552.84,1134.11,572.34,0,33.0,266.9,161.7,338.6,0
125.93,Proto,Orange,631.87,986.81,431.45,0,33.0,799.8,-663.5,802.6,0
130.2,Porklet,Blue,-4551.24,3672.64,1507.88,1,33.0,737.9,508.4,-4778.0,1
131.07,Porklet,Blue,-3881.4,3582.77,1172.36,0,33.0,1043.3,1043.3,-4051.8,1
133.0,Porklet,Blue,-1093.81,7124.46,245.63,0,33.0,1383.1,1383.1,-1133.5,1
134.23,Porklet,Blue,830.0,7037.8,1504.39,0,33.0,1734.3,1579.0,651.8,0
135.86,rl is turning to shit,Orange,3772.41,934.1,436.22,0,33.0,639.9,-238.7,3938.3,1
137.9,rl is turning to shit,Orange,2456.27,1174.43,535.14,0,33.0,1826.1,-1438.6,2594.1,1
141.86,rl is turning to shit,Orange,-4997.19,5719.49,1965.53,0,33.0,2007.8,-1919.7,-4779.3,0
160.11,Porklet,Blue,-16.1,1494.37,484.66,0,33.0,2201.7,1762.4,-185.7,0
160.14,Proto,Orange,15.99,1080.38,284.1,0,33.0,678.1,-611.6,108.5,0
163.84,Taha (RLCS PRO BLUE TAG),Blue,4614.93,7359.52,798.81,0,33.0,237.6,228.9,4641.9,1
165.64,Taha (RLCS PRO BLUE TAG),Blue,4572.64,7334.77,278.6,0,33.0,613.9,-25.3,4607.3,1
167.84,Taha (RLCS PRO BLUE TAG),Blue,3693.44,5379.66,820.02,0,33.0,1483.0,-647.1,3779.8,1
170.41,Porklet,Blue,219.95,1181.7,441.82,0,33.0,1739.9,1724.8,29.2,0
173.67,Proto,Orange,4127.99,4488.49,1052.43,0,33.0,1049.0,814.3,4190.5,0
174.87,Porklet,Blue,4625.45,4630.1,758.71,0,33.0,815.9,232.7,4575.7,0
177.74,Proto,Orange,4235.4,545.13,280.01,0,33.0,2178.7,-337.4,4283.4,1
177.87,rl is turning to shit,Orange,4165.03,289.44,408.15,0,33.0,838.3,-475.4,4331.8,0
177.87,Porklet,Blue,4165.03,1615.57,146.63,0,33.0,2137.5,-51.0,4127.1,1
181.04,Taha (RLCS PRO BLUE TAG),Blue,-1024.19,3251.33,621.88,0,33.0,2279.0,1824.2,-1211.0,0
181.11,rl is turning to shit,Orange,-890.34,782.01,430.46,0,33.0,1993.3,-1959.5,-811.2,0
182.31,Porklet,Blue,-875.39,4403.97,518.66,0,33.0,1349.9,-1307.4,-865.3,0
182.67,rl is turning to shit,Orange,-873.69,5090.01,253.4,0,33.0,1398.2,-1096.1,-954.9,0
183.24,Porklet,Blue,-878.73,6562.62,198.98,0,33.0,755.1,755.1,-1060.6,1
186.44,Porklet,Blue,273.7,5137.48,1482.3,0,33.0,1600.8,557.2,298.8,0
187.37,Proto,Orange,171.28,2749.71,262.48,0,33.0,2108.3,-1715.3,323.3,0
187.4,Porklet,Blue,104.65,3128.07,241.28,0,33.0,2184.2,-236.1,84.6,0
191.07,rl is turning to shit,Orange,-3811.76,770.45,362.36,0,33.0,2069.0,-1983.1,-3608.2,1
194.14,Proto,Orange,-4611.67,153.28,753.33,0,33.0,2234.1,-1704.6,-4484.8,1
212.25,rl is turning to shit,Orange,0.0,1476.38,427.77,0,33.0,2277.8,-1763.9,181.7,0
212.25,Taha (RLCS PRO BLUE TAG),Blue,0.0,1356.17,427.77,0,33.0,2262.4,1749.2,-198.5,1
213.32,Porklet,Blue,-25.96,210.73,355.24,0,33.0,2092.7,1215.7,-154.1,0
213.35,Proto,Orange,24.08,1332.16,283.07,0,33.0,2300.0,-404.4,125.3,1
216.55,Proto,Orange,-243.05,2277.53,256.75,0,33.0,1300.6,-761.1,-135.0,1
218.25,Proto,Orange,-2090.68,917.28,1614.73,0,33.0,1971.9,-1635.2,-1979.0,0
219.45,Taha (RLCS PRO BLUE TAG),Blue,-4289.29,690.83,453.73,0,33.0,1180.9,-534.2,-4427.2,0
219.61,Proto,Orange,-4349.64,1317.24,305.65,0,33.0,2294.8,-1542.7,-4235.4,1
220.78,rl is turning to shit,Orange,-4385.86,1375.76,930.95,0,33.0,2270.3,-1076.3,-4227.1,0
222.48,Porklet,Blue,-4890.34,1462.56,670.54,1,33.0,155.1,155.1,-4905.7,1
223.61,Taha (RLCS PRO BLUE TAG),Blue,-4584.63,1032.93,431.44,1,33.0,903.3,896.2,-4767.5,1
225.85,Taha (RLCS PRO BLUE TAG),Blue,-2550.47,2293.23,922.7,0,33.0,1039.6,952.3,-2701.0,1
227.08,Taha (RLCS PRO BLUE TAG),Blue,-1175.92,1757.0,633.29,0,33.0,1760.4,1740.2,-1351.7,0
229.01,Proto,Orange,2396.36,1748.8,707.54,0,33.0,1108.0,-612.6,2541.9,0
229.15,Taha (RLCS PRO BLUE TAG),Blue,2323.57,2545.01,285.41,0,33.0,1844.4,1678.9,2308.0,0
232.38,rl is turning to shit,Orange,210.99,1033.69,2355.01,0,33.0,1050.8,-900.8,364.4,1
234.68,rl is turning to shit,Orange,-1719.76,700.59,1202.99,0,33.0,1216.0,-1052.9,-1527.3,0
235.11,Porklet,Blue,-2183.95,459.14,307.69,0,33.0,2271.4,1677.4,-2335.7,0
236.48,rl is turning to shit,Orange,-1088.87,1135.17,972.57,0,33.0,1330.4,1317.6,-1187.4,1
237.51,Proto,Orange,-336.32,1426.78,741.02,0,33.0,1236.4,-318.6,-251.8,1
240.38,Proto,Orange,-242.61,2521.37,498.75,0,33.0,1120.4,-790.2,-106.4,0
241.88,Taha (RLCS PRO BLUE TAG),Blue,-1997.24,2028.69,472.52,0,33.0,1590.0,900.6,-2196.3,0
245.28,rl is turning to shit,Orange,1030.45,1674.74,2294.06,0,33.0,2146.3,1658.5,820.8,1
247.67,rl is turning to shit,Orange,4571.59,621.95,2812.13,0,33.0,387.7,-297.9,4749.4,1
250.61,Proto,Orange,2543.24,396.57,3369.55,0,33.0,1438.8,-1438.7,2705.4,1
252.34,Proto,Orange,140.43,614.24,2316.15,0,33.0,1372.0,-1325.8,158.8,0
254.01,Taha (RLCS PRO BLUE TAG),Blue,-2092.54,2379.96,434.06,0,33.0,192.7,139.4,-2322.2,1
255.51,Porklet,Blue,-3882.31,889.75,652.15,0,33.0,2289.9,-228.2,-3999.2,1
258.84,Porklet,Blue,-3225.67,1181.84,1780.7,0,33.0,969.5,658.1,-3368.0,1
261.84,Porklet,Blue,-357.87,1070.28,1091.2,0,33.0,1665.5,1640.8,-440.7,0
263.37,Proto,Orange,2413.48,1074.95,494.72,0,33.0,2006.6,301.6,2516.7,0
263.67,Porklet,Blue,2594.04,4266.93,147.97,0,33.0,2270.8,1517.2,2561.4,1
265.37,Porklet,Blue,3357.32,5304.51,519.95,0,33.0,2279.8,646.9,3292.1,0
265.57,Proto,Orange,3476.2,1936.22,230.72,0,33.0,1216.2,-1180.1,3587.4,1
268.14,rl is turning to shit,Orange,3621.18,2270.5,3143.01,0,33.0,2135.8,-2006.7,3787.1,0
270.8,Taha (RLCS PRO BLUE TAG),Blue,-1877.54,1679.87,599.74,0,33.0,442.1,51.5,-1988.1,1
273.54,Porklet,Blue,-364.45,287.7,723.56,0,33.0,2092.0,1934.2,-467.5,0
274.97,Proto,Orange,3433.69,2982.37,2416.31,0,33.0,2115.8,1717.5,3475.4,0
277.43,Taha (RLCS PRO BLUE TAG),Blue,3104.87,5796.36,1265.06,0,33.0,1105.8,650.1,2973.9,0
279.93,rl is turning to shit,Orange,3420.72,667.35,1334.24,0,33.0,1592.5,-1586.6,3561.9,0
281.2,Porklet,Blue,1087.28,1129.27,390.33,0,33.0,1925.2,6.9,923.8,0
283.57,Proto,Orange,3335.37,1400.84,371.28,0,33.0,1509.2,-1073.4,3524.9,0
283.57,Porklet,Blue,3335.37,6228.67,371.28,0,33.0,2298.0,1419.0,3177.8,1
285.87,Taha (RLCS PRO BLUE TAG),Blue,834.19,1190.05,225.93,0,33.0,2224.8,1794.8,598.9,0
286.37,rl is turning to shit,Orange,546.99,3334.2,186.31,0,33.0,66.5,-66.4,449.2,0
286.5,Taha (RLCS PRO BLUE TAG),Blue,473.12,371.96,202.45,0,33.0,1643.1,1643.1,243.9,0
288.96,Proto,Orange,4979.94,3443.14,1901.57,1,33.0,2026.0,-778.8,5016.9,0
291.93,Porklet,Blue,1478.67,5095.79,1229.35,0,33.0,1603.5,1386.0,1349.1,1
293.46,Taha (RLCS PRO BLUE TAG),Blue,1234.79,3057.76,2554.3,0,33.0,1283.7,-294.2,1147.1,1
295.73,Porklet,Blue,4922.6,3233.62,630.01,0,33.0,1491.7,1294.3,4860.2,0
314.07,rl is turning to shit,Orange,-22.87,1037.45,443.45,0,33.0,2293.0,-2170.7,153.7,0
314.11,Taha (RLCS PRO BLUE TAG),Blue,-66.38,1109.81,385.61,0,33.0,152.2,-82.4,-218.8,1
314.84,Porklet,Blue,-378.49,546.01,456.07,0,33.0,2282.4,1408.8,-506.0,1
317.17,Porklet,Blue,3716.64,3295.99,653.83,0,33.0,2099.4,2099.2,3759.2,0
317.31,Proto,Orange,3892.5,3594.56,393.54,0,33.0,2220.8,1813.5,3930.6,0
321.01,Porklet,Blue,2867.81,2123.42,456.73,0,33.0,1786.1,455.2,2698.4,0
322.37,rl is turning to shit,Orange,4154.18,1678.42,1094.65,0,33.0,2283.6,-386.9,4186.7,1
324.57,rl is turning to shit,Orange,765.89,331.0,390.66,0,33.0,1998.7,-1856.5,819.1,1
326.27,rl is turning to shit,Orange,-2541.73,2016.22,788.27,0,33.0,2128.1,-2053.8,-2525.6,0
327.01,Taha (RLCS PRO BLUE TAG),Blue,-3779.2,275.42,267.01,0,33.0,1269.4,-1252.4,-3990.8,1
328.8,Porklet,Blue,-4217.56,810.22,860.29,0,33.0,1281.0,1035.0,-4321.8,1
331.37,Porklet,Blue,-718.21,1498.45,648.28,0,33.0,1827.5,1728.7,-823.3,0
331.87,Proto,Orange,26.71,919.61,87.13,0,33.0,2299.9,-841.5,-54.0,0
333.04,Porklet,Blue,1812.84,880.78,2218.78,0,33.0,2139.9,2122.2,1655.4,0
334.9,rl is turning to shit,Orange,4785.23,1802.58,494.44,1,33.0,507.6,-499.4,4966.7,0
353.28,Porklet,Blue,0.0,1176.9,369.39,0,33.0,2181.2,1880.1,-211.1,0
353.28,Proto,Orange,0.0,856.51,369.39,0,33.0,2270.6,-2004.6,152.5,1
354.75,rl is turning to shit,Orange,430.06,907.02,311.47,0,33.0,2241.7,1241.0,224.8,1
357.65,rl is turning to shit,Orange,4121.96,1277.67,3255.9,0,33.0,664.1,-631.0,4271.2,1
359.15,rl is turning to shit,Orange,2443.85,2302.55,2333.96,0,33.0,1635.7,-1634.2,2657.2,1
360.45,rl is turning to shit,Orange,976.82,906.43,1550.12,0,33.0,1692.4,-1641.6,1057.5,1
361.88,rl is turning to shit,Orange,-1082.0,849.39,750.25,0,33.0,1604.2,-1573.7,-975.7,0
362.35,Taha (RLCS PRO BLUE TAG),Blue,-2112.44,2321.81,507.73,0,33.0,1106.9,-918.7,-2112.1,1
363.05,Porklet,Blue,-3737.21,1486.16,1134.97,0,33.0,1972.8,1747.8,-3886.2,1
365.68,Taha (RLCS PRO BLUE TAG),Blue,1358.73,584.34,1263.84,0,33.0,1611.6,1595.7,1350.7,0
368.21,Proto,Orange,4768.28,1047.73,522.85,1,33.0,1740.5,-835.2,4910.7,0
368.41,Porklet,Blue,4588.98,1574.06,326.88,0,33.0,1628.2,281.9,4437.0,0
370.31,rl is turning to shit,Orange,4885.46,1119.09,2157.71,1,33.0,1427.1,-578.0,5006.5,1
372.71,rl is turning to shit,Orange,447.79,371.83,312.47,0,33.0,946.3,-713.4,489.4,1
374.51,rl is turning to shit,Orange,-2519.12,2337.02,1654.27,0,33.0,2286.2,-1717.2,-2535.8,0
375.65,Taha (RLCS PRO BLUE TAG),Blue,-4167.47,841.43,554.69,1,33.0,74.3,5.4,-4381.3,0
377.25,Proto,Orange,-3480.34,2212.31,1613.53,0,33.0,1861.1,-1011.3,-3322.6,0
378.08,Porklet,Blue,-4908.24,1268.87,712.62,1,33.0,976.9,383.9,-5037.6,1
379.98,Taha (RLCS PRO BLUE TAG),Blue,-3863.45,969.01,1995.68,0,33.0,745.3,178.0,-3913.5,0
382.51,Proto,Orange,-1171.05,789.2,1447.39,0,33.0,1125.8,-273.9,-1064.5,1
385.21,rl is turning to shit,Orange,-2544.95,323.01,2206.47,0,33.0,909.5,-878.0,-2438.2,0
386.51,Porklet,Blue,-4308.3,265.59,429.72,1,33.0,1956.7,1537.0,-4504.3,0
386.58,rl is turning to shit,Orange,-4273.17,1447.21,371.3,0,33.0,1766.3,-1762.8,-4086.7,1
389.11,Proto,Orange,-3828.41,2064.83,386.34,0,33.0,1492.3,-10.1,-3870.2,1
393.18,Proto,Orange,-114.45,1367.85,1570.13,0,33.0,1367.2,-943.6,53.8,0
395.78,Porklet,Blue,-3983.78,2624.37,1386.41,1,33.0,1586.4,817.9,-4193.4,0
13.7,ILikeFreestyling,Blue,-4957.09,6139.44,2813.61,1,33.0,1632.5,-754.4,-5016.1,0
18.36,SLK,Orange,3213.61,7660.83,1039.55,1,33.0,1897.6,342.8,3342.9,1
19.76,SLK,Orange,3153.25,5191.67,872.95,0,33.0,2090.5,-925.6,3257.9,0
21.5,ILikeFreestyling,Blue,279.8,554.23,1065.37,1,33.0,2299.9,-693.9,271.7,0
24.06,Velocity,Orange,-1483.26,1212.93,2089.83,0,33.0,865.9,-478.0,-1374.0,1
26.86,Velocity,Orange,-3531.95,260.58,585.91,0,33.0,1260.0,-1259.9,-3315.9,0
26.96,Taha (RLCS PRO BLUE TAG),Blue,-3637.42,888.4,395.69,0,33.0,1286.1,-50.8,-3771.8,0
27.1,SLK,Orange,-3818.63,174.97,201.73,0,33.0,1557.4,-1257.8,-3715.4,1
31.39,SLK,Orange,827.45,3398.6,1282.42,1,33.0,2261.2,1946.0,626.3,1
33.76,SLK,Orange,4793.32,3991.38,1859.87,1,33.0,627.0,394.4,4846.8,1
35.96,SLK,Orange,4405.68,5425.09,3986.23,1,33.0,579.6,-223.3,4653.0,1
37.86,SLK,Orange,3903.81,3076.64,461.22,0,33.0,454.6,-402.7,3974.3,0
37.89,ILikeFreestyling,Blue,3898.23,3527.5,335.41,0,33.0,1872.2,1711.6,3677.2,0
39.53,Velocity,Orange,5197.75,1552.13,2654.24,1,33.0,1730.4,-94.1,5258.5,1
41.36,SLK,Orange,3932.24,1303.12,1940.2,0,33.0,1039.3,399.0,3935.2,0
43.46,Taha (RLCS PRO BLUE TAG),Blue,1525.41,3858.68,3613.1,1,33.0,758.9,491.7,1357.8,0
47.06,Velocity,Orange,4906.31,428.11,188.86,1,33.0,251.3,-54.6,4894.4,0
48.23,Taha (RLCS PRO BLUE TAG),Blue,4527.09,5587.02,191.44,0,33.0,2196.7,-409.2,4436.8,0
48.29,SLK,Orange,4491.47,1413.27,164.32,0,33.0,2128.5,-458.1,4524.7,1
49.96,SLK,Orange,3827.54,2131.08,821.81,0,33.0,1379.9,-1114.5,3876.3,1
51.99,SLK,Orange,1551.98,1765.79,2213.84,0,33.0,1085.4,-976.6,1627.3,1
52.86,SLK,Orange,525.62,1700.94,1526.68,0,33.0,1710.1,-1373.6,630.8,0
55.43,ILikeFreestyling,Blue,-2869.94,1840.59,641.04,0,33.0,2300.0,-1544.5,-2750.4,1
56.43,ILikeFreestyling,Blue,-3937.62,1612.25,624.81,0,33.0,2269.4,-262.9,-4112.5,0
56.56,Velocity,Orange,-3939.32,3335.34,434.52,0,33.0,1785.2,-1772.7,-3760.1,1
59.33,SLK,Orange,-923.38,3398.83,668.11,1,33.0,2291.4,-537.9,-759.5,0
59.43,Taha (RLCS PRO BLUE TAG),Blue,-1045.3,3172.27,453.39,0,33.0,2299.9,1966.4,-1245.7,0
63.59,Velocity,Orange,762.57,3510.06,2776.43,0,33.0,2252.2,-872.8,911.8,0
65.56,Taha (RLCS PRO BLUE TAG),Blue,-3951.19,914.0,3655.89,0,33.0,1298.9,1192.0,-4117.6,1
66.56,Taha (RLCS PRO BLUE TAG),Blue,-2275.82,3283.15,857.25,0,33.0,2287.0,2228.7,-2383.5,0
68.36,SLK,Orange,1665.87,1000.76,717.3,1,33.0,1215.3,-884.5,1850.8,0
70.92,ILikeFreestyling,Blue,-433.99,3305.68,1367.54,1,33.0,897.6,-487.4,-401.5,0
72.99,SLK,Orange,-2550.75,3180.04,896.29,0,33.0,2140.6,-2054.2,-2406.4,1
76.02,Velocity,Orange,-1321.95,3011.17,1594.86,1,33.0,1366.1,-927.0,-1148.2,1
80.79,SLK,Orange,-4150.22,2141.48,436.17,0,33.0,2300.0,-2021.6,-3940.0,0
80.82,Taha (RLCS PRO BLUE TAG),Blue,-4208.95,1923.35,436.17,1,33.0,347.7,338.1,-4362.7,0
83.25,SLK,Orange,-3737.31,3397.04,1293.72,0,33.0,1092.3,536.8,-3713.3,1
86.09,Velocity,Orange,-3262.73,1088.76,1257.04,0,33.0,2299.9,-2282.6,-3023.0,0
86.29,ILikeFreestyling,Blue,-3699.11,1328.92,460.67,0,33.0,1666.6,1602.4,-3792.1,1
89.39,Taha (RLCS PRO BLUE TAG),Blue,-1819.44,4057.07,2165.81,1,33.0,1560.4,1555.8,-1976.3,0
91.65,SLK,Orange,101.79,2485.75,285.02,1,33.0,2285.7,-2234.4,347.4,1
105.43,Velocity,Orange,0.0,1178.49,508.38,0,33.0,2283.5,-2242.1,233.1,0
105.46,ILikeFreestyling,Blue,-21.29,1536.29,457.42,0,33.0,2279.7,2124.4,-214.0,0
106.26,SLK,Orange,-72.77,412.59,579.92,0,33.0,2184.1,-2076.9,133.1,0
108.89,Taha (RLCS PRO BLUE TAG),Blue,-4177.95,1005.9,399.44,1,33.0,2069.1,-857.6,-4114.5,0
109.99,SLK,Orange,-2924.76,5654.25,455.17,0,33.0,1358.2,-262.1,-2900.9,0
113.29,Taha (RLCS PRO BLUE TAG),Blue,-5197.02,4836.03,358.14,1,33.0,1933.4,-576.2,-5238.8,1
122.77,Taha (RLCS PRO BLUE TAG),Blue,0.0,2125.41,624.2,0,33.0,2266.2,1896.4,-208.0,0
122.81,SLK,Orange,0.0,1249.65,346.64,0,33.0,2259.5,-1982.4,163.4,1
123.57,Velocity,Orange,-139.39,730.14,709.7,0,33.0,2276.3,-2152.0,77.2,0
123.77,ILikeFreestyling,Blue,-435.45,367.47,309.13,0,33.0,1183.7,1056.7,-513.5,1
123.81,Taha (RLCS PRO BLUE TAG),Blue,-477.48,367.47,397.14,0,33.0,1004.6,-533.6,-646.7,1
126.34,Taha (RLCS PRO BLUE TAG),Blue,377.65,3308.16,389.06,0,33.0,573.9,571.1,325.9,1
127.77,Taha (RLCS PRO BLUE TAG),Blue,1268.89,4342.26,1755.75,0,33.0,979.4,621.7,1150.8,1
129.31,Taha (RLCS PRO BLUE TAG),Blue,2403.44,3857.11,1191.52,0,33.0,1347.5,855.7,2267.1,0
131.07,SLK,Orange,4684.75,164.1,431.35,0,33.0,2049.5,-743.6,4757.5,1
131.07,Velocity,Orange,4684.75,164.1,506.29,1,33.0,1511.3,-1021.1,4856.1,0
133.74,ILikeFreestyling,Blue,3609.89,3834.68,1497.81,0,33.0,2190.1,229.0,3489.2,0
134.77,Velocity,Orange,4342.38,2439.21,768.1,1,33.0,871.7,-783.0,4505.2,0
135.14,ILikeFreestyling,Blue,4042.08,4054.36,252.02,0,33.0,1509.3,269.8,4025.2,0
136.3,SLK,Orange,3195.1,1850.55,804.48,0,33.0,1659.8,-299.6,3213.9,1
137.34,SLK,Orange,2114.26,1277.98,2173.35,0,33.0,2289.9,2286.0,2075.3,0
139.64,ILikeFreestyling,Blue,697.76,8270.42,1827.0,0,33.0,1752.5,1524.3,480.6,1
142.0,ILikeFreestyling,Blue,4555.51,7069.79,309.02,0,33.0,1597.6,1452.2,4575.6,0
143.34,Velocity,Orange,4907.6,2861.45,553.43,1,33.0,853.9,843.8,4787.4,1
144.67,Velocity,Orange,4627.38,2224.03,763.97,1,33.0,655.7,-220.7,4814.2,0
144.97,ILikeFreestyling,Blue,4467.57,2165.08,275.11,0,33.0,1786.6,1092.0,4451.9,1
147.87,Taha (RLCS PRO BLUE TAG),Blue,2656.49,388.31,427.36,0,33.0,579.6,572.0,2502.6,1
148.77,Taha (RLCS PRO BLUE TAG),Blue,3057.17,886.69,1131.58,0,33.0,1487.4,626.9,2958.8,0
150.13,SLK,Orange,4813.36,440.07,394.47,1,33.0,1003.5,-958.6,4892.0,0
152.37,ILikeFreestyling,Blue,2715.08,540.05,938.36,0,33.0,2209.0,774.4,2657.6,1
155.2,Taha (RLCS PRO BLUE TAG),Blue,316.9,3221.65,1848.68,0,33.0,1110.6,613.8,210.6,1
156.93,Taha (RLCS PRO BLUE TAG),Blue,1950.86,1429.49,1569.85,0,33.0,1751.5,1280.7,1797.3,1
158.7,Taha (RLCS PRO BLUE TAG),Blue,4852.51,4672.32,619.98,0,33.0,2230.7,1556.3,4615.3,0
160.13,Velocity,Orange,4978.59,734.36,1437.44,0,33.0,1413.5,-1098.2,5127.1,1
162.33,Velocity,Orange,2324.91,1629.52,1825.27,0,33.0,2004.6,-1453.7,2484.4,0
163.53,ILikeFreestyling,Blue,381.23,3639.63,862.63,0,33.0,593.9,157.9,232.8,1
166.0,ILikeFreestyling,Blue,1609.6,1913.37,1354.75,0,33.0,1876.0,1631.2,1439.1,0
167.56,Velocity,Orange,4415.82,1708.79,343.0,1,33.0,992.5,919.4,4491.5,1
170.2,Velocity,Orange,3902.46,1169.81,873.81,1,33.0,1401.9,-859.8,4038.7,0
171.93,Taha (RLCS PRO BLUE TAG),Blue,2566.31,526.93,278.21,0,33.0,840.2,-275.6,2411.1,0
172.1,Velocity,Orange,2466.97,702.5,282.09,0,33.0,1075.6,-263.3,2632.4,1
174.93,Velocity,Orange,409.62,2491.51,931.9,0,33.0,1298.2,-1254.1,598.9,0
175.2,Taha (RLCS PRO BLUE TAG),Blue,101.52,3990.38,362.52,0,33.0,2300.0,-576.0,144.1,1
177.03,ILikeFreestyling,Blue,-2664.61,1357.73,606.76,0,33.0,755.6,723.3,-2760.5,0
179.03,Velocity,Orange,-4350.78,2419.7,956.67,0,33.0,2144.1,-1946.8,-4164.6,1
191.11,Velocity,Orange,0.0,1197.51,394.6,0,33.0,2277.6,-2274.8,162.4,0
191.11,ILikeFreestyling,Blue,0.0,1603.62,394.6,0,33.0,2264.1,2259.8,-232.2,0
196.04,Velocity,Orange,4967.46,305.64,1250.45,1,33.0,2146.4,-881.0,5060.8,1
199.17,Velocity,Orange,442.82,1498.42,854.35,0,33.0,2299.1,-2179.5,577.3,0
201.17,Taha (RLCS PRO BLUE TAG),Blue,-4239.63,3098.48,722.09,1,33.0,2287.4,93.6,-4363.3,1
203.5,ILikeFreestyling,Blue,-3235.42,819.25,997.97,0,33.0,1620.5,411.0,-3340.8,1
206.07,Taha (RLCS PRO BLUE TAG),Blue,1618.66,1915.74,1209.33,0,33.0,2268.1,2121.5,1498.7,1
207.5,Taha (RLCS PRO BLUE TAG),Blue,4476.68,2145.83,558.14,0,33.0,2167.7,1921.7,4342.9,0
207.83,SLK,Orange,4787.07,913.23,171.44,1,33.0,1548.5,-752.1,4882.4,1
209.23,Velocity,Orange,3783.55,642.3,1035.34,0,33.0,1682.7,-905.0,3897.7,0
211.93,ILikeFreestyling,Blue,-1521.61,2254.49,303.19,0,33.0,1937.4,-1400.5,-1558.0,0
211.97,Velocity,Orange,-1627.27,480.32,200.6,0,33.0,2240.1,-2154.7,-1515.2,0
214.77,Taha (RLCS PRO BLUE TAG),Blue,-3724.38,1805.68,176.34,0,33.0,2266.2,-96.3,-3777.7,0
215.87,SLK,Orange,-2748.17,1337.05,341.89,0,33.0,677.0,455.2,-2587.7,0
216.87,ILikeFreestyling,Blue,-2788.32,1133.08,705.42,0,33.0,1244.0,253.0,-2949.3,0
217.63,SLK,Orange,-2249.53,2950.8,68.27,0,33.0,764.6,-672.0,-2024.4,0
217.73,Taha (RLCS PRO BLUE TAG),Blue,-2252.29,345.64,54.06,0,33.0,1589.6,-443.4,-2038.3,0
219.7,Velocity,Orange,-3363.1,428.09,1049.4,0,33.0,2252.8,-2241.0,-3177.5,1
220.96,Velocity,Orange,-4195.43,313.34,1430.87,0,33.0,805.5,-503.9,-3982.1,1
221.33,SLK,Orange,-4068.42,324.1,1159.34,0,33.0,1645.4,-619.9,-3981.3,1
223.26,SLK,Orange,-4698.54,2388.15,1147.5,0,33.0,1965.8,-1659.5,-4613.8,0
224.66,ILikeFreestyling,Blue,-4243.89,1675.19,815.91,1,33.0,1486.0,1463.6,-4456.3,1
225.8,ILikeFreestyling,Blue,-2564.87,1521.35,712.23,0,33.0,1885.4,1780.6,-2641.4,0
226.23,Velocity,Orange,-1827.52,709.19,74.03,0,33.0,1677.8,280.1,-1822.0,0
228.33,ILikeFreestyling,Blue,1780.97,2982.65,707.71,0,33.0,2283.0,2279.9,1584.7,0
229.06,SLK,Orange,3624.9,944.26,606.78,1,33.0,2291.5,2212.1,3666.1,1
233.36,SLK,Orange,3739.1,2121.16,2410.39,1,33.0,883.5,-386.2,3830.8,0
234.83,ILikeFreestyling,Blue,2679.27,3625.03,319.55,0,33.0,2299.9,-383.8,2520.7,1
237.59,ILikeFreestyling,Blue,1141.46,1220.27,2198.04,0,33.0,358.5,-202.4,1035.2,0
240.39,Velocity,Orange,1610.9,1193.17,1534.91,0,33.0,1988.4,-1931.8,1839.6,0
242.19,Taha (RLCS PRO BLUE TAG),Blue,-2803.68,2925.66,1312.98,0,33.0,1937.2,-396.6,-2960.8,1
245.17,Taha (RLCS PRO BLUE TAG),Blue,-1885.1,388.67,1864.99,0,33.0,2284.3,2251.9,-1982.1,1
245.27,ILikeFreestyling,Blue,-1876.25,233.93,1618.47,0,33.0,2062.6,-2062.6,-1750.7,0
10.03,Taha (RLCS PRO BLUE TAG),Blue,0.0,1745.54,469.31,0,33.0,2264.2,1922.0,-178.3,0
10.06,surreal,Orange,5.27,2148.13,359.08,0,33.0,620.1,85.8,163.9,1
10.89,eiyvull.,Orange,198.71,1201.17,657.43,1,33.0,2279.5,-1801.2,388.3,0
11.03,Tool,Blue,16.29,338.6,251.47,0,33.0,2175.6,1505.9,-11.9,0
13.83,eiyvull.,Orange,-4439.75,5671.75,932.11,0,33.0,2022.4,-1857.9,-4272.9,1
15.46,surreal,Orange,-3387.71,2328.5,1364.91,1,33.0,2287.6,60.5,-3282.7,0
18.46,Tool,Blue,-4774.98,2310.45,1037.71,0,33.0,531.9,-400.8,-4689.0,1
19.79,Taha (RLCS PRO BLUE TAG),Blue,-4804.86,813.81,313.75,0,33.0,1599.3,801.3,-4894.6,0
19.79,surreal,Orange,-4804.86,5086.2,313.75,0,33.0,1389.3,-566.4,-4641.1,1
20.99,eiyvull.,Orange,-2730.61,4175.24,1794.48,1,33.0,2287.2,-2217.6,-2520.4,0
36.0,Tool,Blue,0.0,1679.75,696.66,0,33.0,2285.0,2268.5,-151.3,0
36.07,eiyvull.,Orange,187.11,1495.99,538.06,0,33.0,2135.1,-2112.1,386.8,1
38.2,surreal,Orange,53.12,2636.88,306.93,0,33.0,2300.0,41.2,86.2,1
38.97,surreal,Orange,-35.04,2368.42,1287.7,0,33.0,742.4,-742.4,154.3,1
40.13,surreal,Orange,-1018.31,3396.71,2742.54,0,33.0,1296.7,-989.8,-894.6,1
42.03,surreal,Orange,-2710.42,4750.53,1894.51,0,33.0,1179.7,-1094.3,-2587.7,0
42.63,Tool,Blue,-3381.6,1735.42,342.47,0,33.0,2238.2,-579.5,-3340.3,1
44.0,Taha (RLCS PRO BLUE TAG),Blue,-4818.33,570.39,2953.81,0,33.0,856.7,415.3,-4970.0,1
45.4,Taha (RLCS PRO BLUE TAG),Blue,-3887.52,1986.13,1050.98,0,33.0,1657.8,1353.0,-4067.7,0
45.6,eiyvull.,Orange,-3626.79,3206.18,429.15,0,33.0,2296.1,-2262.8,-3415.4,0
48.93,Tool,Blue,-3928.19,2163.47,1471.71,0,33.0,2256.9,1504.2,-3966.8,1
50.2,Taha (RLCS PRO BLUE TAG),Blue,-2525.87,1264.37,1418.21,0,33.0,938.3,-521.2,-2492.2,0
52.63,eiyvull.,Orange,1178.3,945.67,1086.4,0,33.0,1027.8,836.8,1201.8,0
54.83,Tool,Blue,3634.2,3774.62,1237.3,0,33.0,437.5,-436.6,3636.0,0
56.5,surreal,Orange,5023.57,976.62,3069.21,1,33.0,212.8,-82.5,5086.3,1
57.43,surreal,Orange,4437.19,1933.75,582.22,0,33.0,373.0,-340.2,4606.7,0
57.53,Taha (RLCS PRO BLUE TAG),Blue,4396.77,4394.79,236.92,0,33.0,2101.2,1774.3,4348.0,0
59.43,surreal,Orange,2356.7,1358.9,332.08,1,33.0,2299.9,-2214.4,2536.4,0
59.46,Taha (RLCS PRO BLUE TAG),Blue,2327.17,6461.09,198.51,0,33.0,2116.2,-1228.0,2420.4,0
60.66,eiyvull.,Orange,-632.28,1296.96,1691.62,0,33.0,1772.7,-1723.1,-550.6,0
61.96,Tool,Blue,-5000.97,1715.19,1820.4,1,33.0,1920.0,-701.9,-5113.4,0
65.4,surreal,Orange,-1145.97,850.19,63.46,0,33.0,1291.2,306.7,-1042.3,1
69.43,eiyvull.,Orange,80.73,970.28,2528.23,0,33.0,1048.6,-1044.6,163.3,1
70.73,eiyvull.,Orange,-1145.6,1004.68,556.01,0,33.0,974.3,-907.5,-1074.9,0
70.9,Tool,Blue,-1277.64,2544.45,210.28,0,33.0,1341.6,998.4,-1403.5,1
72.96,Taha (RLCS PRO BLUE TAG),Blue,-1540.96,1702.97,1332.81,0,33.0,2196.9,1577.4,-1643.8,1
76.23,Taha (RLCS PRO BLUE TAG),Blue,2686.03,2435.44,202.78,0,33.0,1970.8,1428.0,2617.5,0
76.26,eiyvull.,Orange,2761.47,2443.11,157.16,0,33.0,2227.7,2158.5,2674.0,1
79.53,surreal,Orange,803.12,2196.5,2516.25,0,33.0,2300.0,-2292.9,1046.4,1
91.28,surreal,Orange,0.0,1466.97,397.63,0,33.0,2275.4,-2265.7,212.5,0
91.28,Taha (RLCS PRO BLUE TAG),Blue,0.0,1190.05,397.63,0,33.0,2274.4,2260.2,-185.1,1
92.02,Tool,Blue,-366.04,835.17,479.16,0,33.0,2120.4,381.7,-415.0,0
94.45,eiyvull.,Orange,-6.47,2026.87,795.39,0,33.0,358.1,42.3,156.5,1
96.55,eiyvull.,Orange,204.09,2168.1,745.13,0,33.0,725.0,-363.2,357.1,1
98.21,eiyvull.,Orange,-715.44,1075.88,523.9,0,33.0,1537.7,-724.5,-679.3,0
99.85,Tool,Blue,-2145.3,1424.11,996.67,0,33.0,2137.3,841.1,-2305.3,1
102.25,Tool,Blue,958.01,1159.08,1381.79,0,33.0,2136.2,1881.9,787.2,0
102.58,surreal,Orange,1518.83,518.62,225.82,0,33.0,1831.4,-1054.8,1636.0,0
104.88,Tool,Blue,-1300.49,2769.37,432.77,0,33.0,2295.0,-2098.8,-1234.7,0
105.01,eiyvull.,Orange,-1480.35,3460.79,305.0,0,33.0,2149.8,-2122.0,-1312.9,1
106.51,eiyvull.,Orange,-4663.51,608.0,227.99,0,33.0,2248.6,-2219.7,-4466.9,0
106.51,Tool,Blue,-4663.51,440.92,227.99,0,33.0,2267.9,-2229.1,-4624.2,1
108.74,Taha (RLCS PRO BLUE TAG),Blue,-4111.1,1401.35,1322.96,0,33.0,1527.6,1158.5,-4298.2,1
111.91,Tool,Blue,207.46,402.67,2382.7,0,33.0,2287.5,1719.1,27.2,0
113.41,surreal,Orange,5199.25,2613.72,3103.18,1,33.0,2234.1,1854.7,4984.2,0
131.12,Tool,Blue,0.0,1437.2,515.25,0,33.0,2267.8,1731.2,-227.2,0
131.19,eiyvull.,Orange,21.07,1380.19,348.66,0,33.0,826.9,-324.2,160.8,0
133.49,Taha (RLCS PRO BLUE TAG),Blue,-979.04,1268.96,858.15,0,33.0,2272.1,561.0,-1095.4,0
137.26,eiyvull.,Orange,4288.99,988.1,709.44,0,33.0,948.7,-947.8,4436.8,1
139.39,eiyvull.,Orange,577.73,1936.41,481.61,0,33.0,2156.6,-2120.5,659.7,0
142.16,Tool,Blue,-4849.65,608.25,57.12,0,33.0,497.9,482.1,-5057.3,0
145.55,surreal,Orange,-3836.8,1495.98,654.65,0,33.0,128.4,-127.9,-3623.3,0
146.02,Taha (RLCS PRO BLUE TAG),Blue,-3973.97,454.74,382.83,0,33.0,442.6,415.6,-4108.6,1
146.32,Tool,Blue,-4078.39,304.28,334.2,0,33.0,444.9,23.7,-4245.7,1
147.15,Taha (RLCS PRO BLUE TAG),Blue,-4131.15,626.03,432.98,0,33.0,1051.5,-524.4,-3994.9,1
151.22,Taha (RLCS PRO BLUE TAG),Blue,-292.97,465.97,723.28,0,33.0,2096.3,1886.5,-381.1,0
152.59,surreal,Orange,3336.98,1835.47,1683.6,0,33.0,2149.5,1987.8,3310.4,0
155.85,Tool,Blue,3970.3,380.44,579.23,0,33.0,1911.9,1452.6,3827.7,1
157.42,Tool,Blue,4675.5,611.75,441.42,0,33.0,1475.5,126.8,4583.8,1
159.15,Tool,Blue,4581.86,2008.12,621.07,0,33.0,1723.8,-140.2,4365.9,0
159.55,eiyvull.,Orange,4559.45,1318.17,440.98,0,33.0,1508.9,-1043.7,4683.6,1
161.28,eiyvull.,Orange,2144.22,1788.79,1668.67,0,33.0,2296.0,-1772.8,2362.4,0
163.62,Taha (RLCS PRO BLUE TAG),Blue,-1831.02,1067.8,426.42,0,33.0,202.5,177.8,-1949.8,0
164.75,surreal,Orange,-3954.6,557.68,1229.84,0,33.0,2265.4,166.5,-4176.5,1
164.98,eiyvull.,Orange,-4366.11,207.09,1386.68,0,33.0,2111.6,-960.2,-4329.2,1
165.55,eiyvull.,Orange,-4778.28,1128.88,484.18,0,33.0,2184.4,-351.9,-4682.8,0
165.62,Taha (RLCS PRO BLUE TAG),Blue,-4844.09,1126.1,470.64,1,33.0,547.6,380.1,-5070.2,1
168.88,Tool,Blue,-2150.82,2557.06,426.26,0,33.0,1958.2,1508.9,-2240.6,0
173.01,surreal,Orange,4376.02,533.52,634.68,0,33.0,1737.8,-330.8,4261.9,1
177.18,eiyvull.,Orange,1509.18,2428.72,1267.31,0,33.0,1299.6,-632.9,1679.9,0
179.25,Taha (RLCS PRO BLUE TAG),Blue,-1867.07,866.27,320.45,0,33.0,1987.7,-1359.8,-1843.8,1
182.18,Tool,Blue,-4048.94,1750.45,804.49,0,33.0,1603.4,1525.5,-4176.5,1
184.21,Tool,Blue,-378.66,106.17,1407.12,0,33.0,1967.5,1955.0,-443.0,1
184.45,Taha (RLCS PRO BLUE TAG),Blue,-26.35,84.76,1394.15,0,33.0,1365.4,1359.5,-33.4,0
186.21,surreal,Orange,3376.95,1377.35,992.36,0,33.0,57.2,-56.9,3591.1,0
188.61,Taha (RLCS PRO BLUE TAG),Blue,223.77,1119.49,468.56,0,33.0,2087.4,-1538.0,222.9,1
190.18,Tool,Blue,-713.82,1362.33,1359.9,0,33.0,1743.1,896.9,-907.0,0
191.81,surreal,Orange,1106.6,2343.2,339.67,0,33.0,2075.0,1152.6,1149.2,0
192.11,Tool,Blue,1227.06,3090.07,180.16,0,33.0,1024.4,1024.3,1149.4,1
194.84,Tool,Blue,1596.44,212.36,879.01,0,33.0,800.0,-131.9,1559.6,1
196.88,Tool,Blue,2822.99,1555.95,777.09,0,33.0,1563.2,1381.7,2613.0,0
197.08,eiyvull.,Orange,3034.4,1648.17,399.6,0,33.0,951.5,-950.9,3241.1,1
201.11,surreal,Orange,880.98,2711.77,1073.63,0,33.0,1276.2,-1022.5,972.4,1
203.07,surreal,Orange,-1985.81,1329.66,958.52,0,33.0,1838.4,-1704.0,-1855.2,0
204.71,Taha (RLCS PRO BLUE TAG),Blue,-4871.8,1147.07,186.63,0,33.0,2300.0,753.5,-5025.1,0
208.47,surreal,Orange,-2262.89,3000.82,2044.41,0,33.0,1020.2,-675.2,-2105.9,0
210.67,Tool,Blue,-3143.9,1469.19,922.2,0,33.0,1416.3,1397.9,-3287.1,1
212.21,Tool,Blue,-512.93,2213.58,1207.79,0,33.0,1876.1,1863.8,-663.9,1
213.31,Tool,Blue,1727.94,979.95,1035.51,0,33.0,2281.3,2236.8,1554.1,0
214.54,eiyvull.,Orange,4655.26,1022.83,897.37,0,33.0,1712.0,1056.1,4759.1,1
217.06,eiyvull.,Orange,5199.04,1562.61,1092.24,1,33.0,1088.3,-1082.1,5285.9,1
225.83,surreal,Orange,-26.34,1506.88,330.9,0,33.0,2008.1,-1552.3,115.5,0
225.83,Taha (RLCS PRO BLUE TAG),Blue,-26.34,1102.23,330.9,0,33.0,2248.3,1757.7,-205.0,1
228.6,Tool,Blue,852.13,1446.26,1645.54,0,33.0,1056.5,1035.5,687.8,0
229.93,eiyvull.,Orange,2644.14,2316.47,497.01,0,33.0,527.1,-439.9,2827.9,0
231.47,Taha (RLCS PRO BLUE TAG),Blue,1780.82,1972.72,949.53,0,33.0,1901.0,1642.8,1640.7,1
234.8,Tool,Blue,2122.96,1042.64,798.29,0,33.0,906.8,55.5,2040.6,1
236.6,Taha (RLCS PRO BLUE TAG),Blue,2034.4,713.59,1922.69,0,33.0,1615.6,1047.7,1865.5,0
237.73,eiyvull.,Orange,4018.65,988.61,1697.31,0,33.0,625.8,393.8,4194.4,1
238.87,surreal,Orange,3429.9,1404.32,736.06,0,33.0,2150.7,-1307.6,3501.5,1
240.53,surreal,Orange,1125.72,4661.17,748.85,0,33.0,2298.5,-1482.3,1219.8,1
244.76,surreal,Orange,4544.99,583.64,1883.52,0,33.0,2275.4,1976.4,4384.7,0
248.06,Taha (RLCS PRO BLUE TAG),Blue,3171.75,2337.61,987.09,0,33.0,1137.0,1117.4,3004.6,0
249.2,eiyvull.,Orange,4143.43,505.62,315.48,0,33.0,483.5,-121.6,4369.5,0
250.16,Taha (RLCS PRO BLUE TAG),Blue,3740.91,1582.8,181.13,0,33.0,920.9,-874.6,3948.8,0
252.43,eiyvull.,Orange,3593.78,1327.3,973.28,0,33.0,496.3,-77.0,3664.1,1
254.36,eiyvull.,Orange,1914.48,1994.21,1220.7,0,33.0,1785.0,-1630.2,2128.4,1
256.79,eiyvull.,Orange,-2648.76,1865.92,1422.07,0,33.0,1602.7,-1453.6,-2664.3,0
258.39,Taha (RLCS PRO BLUE TAG),Blue,-4658.19,442.11,643.42,0,33.0,2300.0,613.4,-4843.4,1
261.79,Taha (RLCS PRO BLUE TAG),Blue,-1686.0,2099.25,1079.21,0,33.0,1081.3,1076.5,-1860.3,0
263.19,surreal,Orange,658.06,1031.96,650.3,0,33.0,1083.8,-872.6,799.3,0
263.36,Taha (RLCS PRO BLUE TAG),Blue,479.26,2179.88,214.91,0,33.0,1784.3,1733.8,443.7,0
264.53,surreal,Orange,-783.81,3090.11,1327.6,0,33.0,2211.9,-971.8,-717.3,1
265.96,surreal,Orange,-2231.8,2162.05,2019.31,0,33.0,1273.2,-988.1,-2159.0,1
267.96,surreal,Orange,-4375.29,1268.74,943.61,0,33.0,1848.1,-1600.4,-4318.2,0
270.99,Tool,Blue,-4485.6,1330.23,453.37,0,33.0,1609.2,1258.0,-4616.4,0
271.06,surreal,Orange,-4396.75,1661.71,382.8,0,33.0,2265.4,166.5,-4176.5,1
273.49,eiyvull.,Orange,-1095.23,1125.46,132.97,0,33.0,2230.7,100.8,-1032.1,0
276.32,Tool,Blue,-1480.14,2924.2,591.68,0,33.0,1592.4,-1198.0,-1461.3,0
277.99,surreal,Orange,-604.5,649.61,1330.4,0,33.0,1623.6,1165.2,-722.8,1
280.69,surreal,Orange,4099.88,1075.52,1894.7,0,33.0,2025.9,1840.7,4071.7,1
281.69,surreal,Orange,4802.67,1040.34,1331.55,0,33.0,1637.8,349.4,4697.3,0
283.42,Taha (RLCS PRO BLUE TAG),Blue,3157.33,1013.88,679.47,0,33.0,1349.1,-276.4,3138.8,1
286.92,Tool,Blue,1306.79,1806.88,552.54,0,33.0,1922.7,1474.3,1110.3,1
288.72,Tool,Blue,4115.97,2433.2,218.03,0,33.0,2251.4,1226.9,4088.3,0
288.75,eiyvull.,Orange,4180.93,796.16,299.83,0,33.0,2049.8,471.9,4332.7,1
290.65,eiyvull.,Orange,3669.57,429.83,238.02,0,33.0,2177.5,-1520.2,3888.8,0
292.72,Tool,Blue,989.05,312.29,479.3,0,33.0,1646.2,-116.5,837.1,0
292.82,eiyvull.,Orange,969.91,2371.33,348.37,0,33.0,1178.0,-877.0,1044.7,1
293.95,surreal,Orange,1601.01,1165.86,1043.07,0,33.0,1719.5,-634.5,1697.5,1
296.02,surreal,Orange,412.34,2348.81,695.86,0,33.0,688.1,-688.1,556.7,1
298.68,surreal,Orange,-2556.44,988.51,600.67,0,33.0,1414.1,-1386.5,-2478.1,0
301.82,Tool,Blue,-3301.6,1168.85,1061.64,0,33.0,1788.4,1076.9,-3403.8,0
303.35,eiyvull.,Orange,-1006.28,940.29,748.67,0,33.0,701.4,23.4,-816.0,1
305.02,surreal,Orange,-1622.74,1215.15,312.44,0,33.0,1334.0,-1054.6,-1572.3,0
308.05,Taha (RLCS PRO BLUE TAG),Blue,-4559.56,395.74,554.03,0,33.0,1210.7,1209.6,-4614.1,1
309.78,Taha (RLCS PRO BLUE TAG),Blue,-2096.36,739.9,1033.27,0,33.0,1568.5,1529.5,-2229.9,1
311.98,Tool,Blue,1184.64,923.43,483.79,0,33.0,2088.3,2087.3,1214.5,1
314.55,Taha (RLCS PRO BLUE TAG),Blue,4163.65,1785.51,1160.34,0,33.0,1500.9,1488.2,4008.2,1
318.13,Taha (RLCS PRO BLUE TAG),Blue,5207.34,1113.12,630.24,0,33.0,1810.4,-889.1,5144.6,0
324.94,surreal,Orange,-9.56,2130.0,320.56,0,33.0,816.5,-370.3,153.3,0
324.94,Taha (RLCS PRO BLUE TAG),Blue,-9.56,1350.84,320.56,0,33.0,2284.2,1604.4,-133.0,1
327.24,Tool,Blue,-1147.9,1111.74,698.78,0,33.0,2283.0,-790.4,-1220.7,0
330.17,eiyvull.,Orange,-1849.14,378.7,426.35,0,33.0,2274.3,-2268.9,-1628.9,0
330.21,Taha (RLCS PRO BLUE TAG),Blue,-1915.73,681.4,107.19,0,33.0,1417.6,1093.7,-1899.3,1
333.27,Tool,Blue,-4236.0,201.23,597.68,0,33.0,1904.0,1543.7,-4408.9,0
334.87,surreal,Orange,-1795.28,1886.4,385.85,0,33.0,933.7,317.5,-1619.2,0
335.04,Tool,Blue,-1760.58,2685.08,199.62,0,33.0,2134.4,1100.0,-1733.3,1
336.57,Tool,Blue,-2435.46,1697.7,270.29,0,33.0,1346.4,-1137.3,-2219.8,1
338.64,Tool,Blue,-4687.82,1293.16,381.35,0,33.0,1402.7,-1253.3,-4552.3,0
339.71,surreal,Orange,-4474.6,1675.31,786.89,0,33.0,1302.6,181.0,-4397.8,0
340.81,Taha (RLCS PRO BLUE TAG),Blue,-4672.28,247.65,235.8,0,33.0,639.5,587.6,-4814.5,1
343.47,Tool,Blue,-2252.1,166.56,1132.51,0,33.0,1715.6,1512.7,-2356.3,0
346.17,eiyvull.,Orange,3791.1,1425.24,1483.7,0,33.0,2180.7,2008.5,3732.5,1
348.57,eiyvull.,Orange,2924.54,1414.32,993.47,0,33.0,2069.3,-1983.5,3110.4,0
351.27,Taha (RLCS PRO BLUE TAG),Blue,-3902.48,784.48,1167.5,0,33.0,2299.9,-1494.2,-3865.6,1
363.52,Tool,Blue,0.0,1424.04,576.99,0,33.0,2277.4,2270.4,-209.4,0
364.48,surreal,Orange,2417.54,1941.98,771.62,0,33.0,1445.2,-376.8,2615.4,0
368.15,Taha (RLCS PRO BLUE TAG),Blue,-1843.06,1014.29,581.97,0,33.0,202.5,177.8,-1949.8,0
368.72,eiyvull.,Orange,-2223.05,1395.5,421.25,0,33.0,685.2,-38.5,-2354.1,0
373.35,Tool,Blue,-3141.18,1373.06,684.01,0,33.0,1668.0,-533.9,-3084.1,1
376.25,Tool,Blue,694.48,3615.99,298.01,0,33.0,2107.8,2106.0,492.8,1
377.25,Taha (RLCS PRO BLUE TAG),Blue,3901.84,1601.54,463.22,0,33.0,1167.2,-572.1,4099.8,0
377.72,surreal,Orange,4978.85,1950.52,1124.47,0,33.0,415.8,-13.7,5100.5,1
379.32,surreal,Orange,4285.96,1679.01,985.84,0,33.0,655.0,-618.1,4458.4,1
384.56,surreal,Orange,-1621.81,773.07,438.05,0,33.0,1310.0,-1268.0,-1481.3,0
384.66,Taha (RLCS PRO BLUE TAG),Blue,-1779.46,690.82,397.91,0,33.0,353.3,220.2,-1974.0,1
393.52,Taha (RLCS PRO BLUE TAG),Blue,2.87,929.13,305.2,0,33.0,2282.8,2029.8,-148.1,0
393.52,surreal,Orange,2.87,1067.35,305.2,0,33.0,2272.1,-2268.8,153.3,0
394.56,Tool,Blue,39.7,460.95,940.3,0,33.0,2009.6,1427.3,-173.1,0
394.89,eiyvull.,Orange,778.23,517.01,716.2,0,33.0,1406.0,627.2,870.5,0
398.22,Tool,Blue,4519.09,572.08,417.78,0,33.0,265.3,-245.3,4604.6,0
400.62,surreal,Orange,3766.0,579.7,817.6,0,33.0,1497.9,-948.7,3869.7,1
402.29,surreal,Orange,807.69,948.18,818.81,0,33.0,2095.3,-2052.1,919.6,0
403.59,Taha (RLCS PRO BLUE TAG),Blue,-1398.24,1652.28,440.97,0,33.0,1091.2,-675.4,-1430.2,1
405.45,Tool,Blue,-3438.41,636.06,467.26,0,33.0,2076.7,-1.8,-3555.2,0
407.02,eiyvull.,Orange,-2288.42,1240.04,487.03,0,33.0,1264.3,-1085.1,-2121.3,0
407.12,Tool,Blue,-2457.9,2371.13,275.47,0,33.0,2275.5,1228.5,-2465.0,1
409.39,Taha (RLCS PRO BLUE TAG),Blue,-4883.37,1777.71,1140.91,0,33.0,2179.5,708.8,-4946.0,0
409.95,surreal,Orange,-4194.01,158.26,598.53,0,33.0,2265.4,166.5,-4176.5,1
410.22,eiyvull.,Orange,-3886.34,519.3,708.02,0,33.0,1369.1,-1122.5,-3782.4,1
411.49,surreal,Orange,-2825.26,992.75,602.12,0,33.0,1053.6,975.2,-2815.1,0
413.15,Taha (RLCS PRO BLUE TAG),Blue,-2802.35,1170.34,458.87,0,33.0,797.5,-98.9,-2977.6,0
413.35,surreal,Orange,-2803.43,1487.45,408.37,0,33.0,641.9,-230.5,-2584.4,0
414.05,Taha (RLCS PRO BLUE TAG),Blue,-2843.76,1385.58,297.04,0,33.0,200.2,-46.4,-3025.7,1
415.35,Tool,Blue,-3445.28,185.31,480.21,0,33.0,1067.5,1038.2,-3587.5,0
416.88,eiyvull.,Orange,-836.35,593.59,794.75,0,33.0,2279.3,-2241.1,-679.0,0
417.08,Tool,Blue,-1337.24,776.39,474.48,0,33.0,1499.5,1499.3,-1436.7,0
419.82,surreal,Orange,-339.63,3207.91,49.36,0,33.0,2222.4,-2217.6,-147.6,0
422.48,Taha (RLCS PRO BLUE TAG),Blue,-4067.53,1281.74,819.73,0,33.0,1814.2,193.8,-4079.3,1
424.98,Tool,Blue,-348.85,2582.37,1239.38,0,33.0,1170.1,1170.1,-393.4,1
426.91,Tool,Blue,2206.73,2006.36,934.81,0,33.0,1812.6,1279.2,2144.7,0
428.85,eiyvull.,Orange,5072.72,754.21,630.54,1,33.0,1406.0,775.9,5182.9,1
430.38,surreal,Orange,4884.14,484.89,209.81,0,33.0,792.1,-63.3,4945.6,0
432.25,Taha (RLCS PRO BLUE TAG),Blue,2892.18,1824.29,1092.77,0,33.0,912.7,-442.4,2761.8,1
433.48,Tool,Blue,2923.22,828.5,613.02,0,33.0,1126.0,-253.6,2846.2,0
433.61,surreal,Orange,3022.56,1162.42,254.52,0,33.0,1326.2,-871.1,2969.8,1
435.11,eiyvull.,Orange,4226.31,506.95,286.24,0,33.0,1253.1,422.3,4108.6,1
436.68,eiyvull.,Orange,4850.02,1208.43,325.21,1,33.0,360.3,-5.6,4899.5,1
437.51,eiyvull.,Orange,4882.48,859.96,718.74,1,33.0,1052.6,-38.0,4921.5,0
439.75,Tool,Blue,3144.7,2460.96,109.24,0,33.0,523.2,130.5,3109.1,1
441.14,Taha (RLCS PRO BLUE TAG),Blue,2274.3,1112.78,935.4,0,33.0,1973.0,1939.4,2080.4,0
444.78,surreal,Orange,4166.84,957.46,99.68,0,33.0,656.4,-638.6,4288.9,0
444.84,Taha (RLCS PRO BLUE TAG),Blue,4140.64,889.46,89.57,0,33.0,1244.2,-1085.2,4286.0,0
446.18,eiyvull.,Orange,2986.24,670.92,1111.71,0,33.0,2103.0,-1646.8,3057.3,0
448.14,Tool,Blue,818.3,824.1,299.02,0,33.0,1485.4,-58.5,657.7,0
448.58,eiyvull.,Orange,786.0,1588.77,491.53,0,33.0,2091.0,-475.1,957.6,1
451.98,eiyvull.,Orange,-3182.78,913.58,1362.21,0,33.0,1253.5,-1246.3,-3039.0,0
452.61,Taha (RLCS PRO BLUE TAG),Blue,-4952.61,720.93,526.45,1,33.0,1044.8,-64.3,-5106.2,1
455.04,Taha (RLCS PRO BLUE TAG),Blue,-4595.12,667.92,444.37,0,33.0,773.5,575.4,-4718.3,0
456.04,eiyvull.,Orange,-3752.29,649.33,401.07,0,33.0,1745.3,1446.1,-3844.3,1
456.27,surreal,Orange,-3619.84,311.57,295.7,0,33.0,1182.7,-847.0,-3436.0,1
458.77,surreal,Orange,-4738.66,688.59,324.89,0,33.0,725.4,599.6,-4840.8,0
461.11,Tool,Blue,-4978.97,825.61,897.78,0,33.0,872.4,-321.9,-5027.0,0
463.24,eiyvull.,Orange,-4513.55,654.19,731.41,0,33.0,1443.6,-1385.0,-4400.9,0
463.77,Taha (RLCS PRO BLUE TAG),Blue,-4968.96,282.07,227.4,0,33.0,458.6,299.6,-5098.0,0
467.01,surreal,Orange,-4082.1,270.71,1606.06,0,33.0,361.2,236.6,-3855.0,1
469.14,surreal,Orange,-4048.4,934.69,961.25,0,33.0,680.4,-595.7,-4034.0,1
470.8,eiyvull.,Orange,-3569.43,250.22,255.63,0,33.0,1369.1,-1122.5,-3782.4,0
470.84,Taha (RLCS PRO BLUE TAG),Blue,-3579.46,1632.32,148.49,0,33.0,1654.8,1246.2,-3751.6,1
473.97,Taha (RLCS PRO BLUE TAG),Blue,1004.11,674.31,1094.99,0,33.0,2194.9,1459.6,842.3,0
475.37,eiyvull.,Orange,4477.45,634.59,862.85,0,33.0,1941.9,1191.9,4446.7,0
477.17,Tool,Blue,2825.06,1999.48,665.92,0,33.0,1378.6,884.4,2703.5,1
479.74,Taha (RLCS PRO BLUE TAG),Blue,3667.27,627.84,612.4,0,33.0,816.9,816.9,3547.0,1
481.97,Taha (RLCS PRO BLUE TAG),Blue,3569.46,1289.23,1242.36,0,33.0,1035.6,-153.6,3539.1,1
483.87,Taha (RLCS PRO BLUE TAG),Blue,2856.75,1379.82,1416.05,0,33.0,636.0,-466.6,2824.5,0
485.37,eiyvull.,Orange,2625.67,1278.86,558.55,0,33.0,1327.0,-1162.0,2797.5,0
486.03,Tool,Blue,1416.85,730.55,615.04,0,33.0,2088.3,2087.3,1214.5,0
487.1,eiyvull.,Orange,-213.29,897.72,603.02,0,33.0,1551.2,-1521.3,-3.9,1
487.47,surreal,Orange,-696.07,399.28,225.77,0,33.0,1732.3,1721.8,-896.7,0
487.9,Tool,Blue,-1411.39,575.57,471.32,0,33.0,393.1,-318.2,-1598.9,0
490.6,surreal,Orange,-4779.41,672.07,194.36,0,33.0,2289.3,-2258.7,-4766.6,0
490.87,Tool,Blue,-4971.68,1587.6,197.36,0,33.0,1414.8,-1406.3,-4930.1,0
491.83,surreal,Orange,-4689.79,594.41,257.27,0,33.0,756.1,519.5,-4862.9,1
495.07,eiyvull.,Orange,-4682.47,1170.26,853.61,0,33.0,811.2,-771.9,-4858.2,0
496.36,Taha (RLCS PRO BLUE TAG),Blue,-4768.35,219.97,149.96,0,33.0,1998.8,1349.0,-4923.3,1
501.0,Taha (RLCS PRO BLUE TAG),Blue,3882.67,2123.69,461.04,0,33.0,2125.5,2105.2,3698.3,1
502.43,Taha (RLCS PRO BLUE TAG),Blue,5021.61,242.18,755.5,0,33.0,2224.7,-422.0,5027.9,1
505.46,Tool,Blue,3431.44,227.35,1451.03,0,33.0,1056.1,57.8,3289.5,1
505.5,Taha (RLCS PRO BLUE TAG),Blue,3389.44,227.35,1380.53,0,33.0,955.1,-696.8,3164.9,1
506.66,Tool,Blue,2656.19,515.95,1097.64,0,33.0,1002.7,-1001.3,2800.3,0
507.43,surreal,Orange,2446.37,862.87,634.97,0,33.0,2036.9,-1967.8,2629.7,0
507.7,Tool,Blue,1943.1,1268.96,434.23,0,33.0,1534.7,-1450.8,1822.3,0
508.63,surreal,Orange,241.24,1603.06,576.11,0,33.0,1747.5,-1738.4,266.3,0
511.63,Taha (RLCS PRO BLUE TAG),Blue,-4935.97,54.28,533.59,1,33.0,523.0,0.3,-5103.0,0
512.7,eiyvull.,Orange,-4318.54,288.65,537.04,0,33.0,2186.5,-2023.6,-4091.6,0
512.74,Taha (RLCS PRO BLUE TAG),Blue,-4406.84,76.35,398.4,0,33.0,2299.9,618.8,-4606.9,1
513.58,Taha (RLCS PRO BLUE TAG),Blue,-4799.78,585.31,277.95,0,33.0,2299.9,618.8,-4606.9,0
515.06,surreal,Orange,-3837.38,1200.57,203.36,0,33.0,2300.0,-699.9,-3876.0,0
515.16,Tool,Blue,-3768.44,731.35,106.33,0,33.0,1213.8,1209.0,-3956.7,0
517.39,eiyvull.,Orange,-28.64,1255.8,124.19,0,33.0,2178.8,1945.1,-50.7,1
519.2,surreal,Orange,3944.6,920.33,559.04,0,33.0,569.0,-236.2,4175.6,0
521.23,Taha (RLCS PRO BLUE TAG),Blue,3403.61,1206.56,365.96,0,33.0,1976.3,1706.8,3238.1,0
521.29,surreal,Orange,3589.29,1606.26,330.81,0,33.0,534.0,-433.4,3568.2,1
521.87,eiyvull.,Orange,4953.51,1214.7,843.69,1,33.0,1243.6,125.8,5142.6,0
523.55,Tool,Blue,3973.89,285.73,716.08,0,33.0,2275.1,435.9,3840.2,0
523.79,eiyvull.,Orange,4469.71,334.59,470.75,0,33.0,1014.2,-979.2,4468.9,0
526.48,Tool,Blue,4708.9,1600.52,359.57,0,33.0,1854.8,-756.2,4690.6,0
526.65,surreal,Orange,4680.01,1951.75,185.14,1,33.0,812.3,-23.0,4722.6,0
529.25,Taha (RLCS PRO BLUE TAG),Blue,3527.91,991.01,905.54,0,33.0,1714.8,1442.1,3451.9,1
533.29,Taha (RLCS PRO BLUE TAG),Blue,4416.21,1070.63,898.9,0,33.0,1313.6,-37.1,4374.5,0
533.56,surreal,Orange,4622.42,668.21,482.13,0,33.0,533.3,334.3,4507.6,0
536.86,Tool,Blue,4963.74,744.92,569.2,0,33.0,1300.9,1232.5,4865.3,1
538.04,Tool,Blue,4960.84,388.92,155.86,0,33.0,759.8,-0.2,5103.0,0
540.94,surreal,Orange,2175.15,2267.71,1241.76,0,33.0,1729.4,-1708.8,2290.9,1
542.65,surreal,Orange,-1470.59,478.14,439.77,0,33.0,2281.0,-2253.2,-1312.5,0
542.79,Taha (RLCS PRO BLUE TAG),Blue,-1747.47,922.98,471.29,0,33.0,1103.3,-1000.1,-1952.8,1
545.42,Tool,Blue,-4947.83,185.78,235.93,0,33.0,1506.8,1138.5,-5038.6,0
550.57,eiyvull.,Orange,4030.17,324.74,286.24,0,33.0,1253.1,422.3,4108.6,1
551.48,eiyvull.,Orange,3535.07,528.9,684.41,0,33.0,1039.6,-996.6,3579.8,1
552.63,eiyvull.,Orange,2459.19,1658.26,1070.78,0,33.0,1030.2,-960.8,2513.9,1
553.64,eiyvull.,Orange,1237.49,1737.63,921.45,0,33.0,1645.6,-1447.7,1360.3,0
554.68,Tool,Blue,-342.28,1004.11,189.04,0,33.0,1640.8,-1135.3,-494.4,1
555.63,Taha (RLCS PRO BLUE TAG),Blue,-1775.99,358.22,307.16,0,33.0,2246.9,-1721.9,-1712.1,0
555.86,surreal,Orange,-2106.21,371.42,265.59,0,33.0,2300.0,-2265.4,-1888.1,1
557.38,surreal,Orange,-3612.48,977.14,1038.68,0,33.0,1166.1,-1030.9,-3531.9,1
558.52,surreal,Orange,-4786.49,1601.95,876.51,0,33.0,1004.7,-899.2,-4584.6,1
559.77,surreal,Orange,-4864.87,1779.93,386.77,0,33.0,723.1,498.7,-4968.1,0
559.94,Taha (RLCS PRO BLUE TAG),Blue,-4752.2,490.67,355.47,0,33.0,881.7,259.4,-4825.6,1
560.04,Tool,Blue,-4601.11,459.64,374.52,0,33.0,601.7,496.7,-4450.4,1
561.42,Tool,Blue,-3752.77,1020.56,222.22,0,33.0,1397.3,442.4,-3786.9,0
563.54,eiyvull.,Orange,-1350.52,1209.94,807.85,0,33.0,1948.8,20.0,-1155.3,0
566.07,Taha (RLCS PRO BLUE TAG),Blue,-1884.54,1468.29,438.76,0,33.0,202.5,177.8,-1949.8,0
566.17,eiyvull.,Orange,-1894.14,1532.46,353.16,0,33.0,1174.5,-750.1,-1677.7,0
568.06,Taha (RLCS PRO BLUE TAG),Blue,-4966.8,1485.44,301.3,1,33.0,395.0,-82.0,-5095.6,1
569.68,Tool,Blue,-4963.88,1265.84,576.42,0,33.0,1771.7,-873.5,-4923.1,0
573.35,surreal,Orange,-2298.35,2010.59,1119.39,0,33.0,1106.8,268.6,-2172.3,1
575.0,surreal,Orange,-2547.71,737.86,712.15,0,33.0,940.8,-538.7,-2480.4,1
576.48,surreal,Orange,-3711.14,402.33,423.26,0,33.0,1256.3,-1253.7,-3499.1,0
577.69,Taha (RLCS PRO BLUE TAG),Blue,-4585.67,188.03,353.66,0,33.0,429.0,-119.5,-4692.1,1
578.98,Taha (RLCS PRO BLUE TAG),Blue,-4402.6,833.42,266.47,0,33.0,776.4,288.6,-4475.5,0
580.26,eiyvull.,Orange,-3926.78,658.06,375.31,0,33.0,1129.1,-969.0,-3742.2,0
582.45,Tool,Blue,-4961.24,963.8,443.38,1,33.0,1015.2,-123.5,-5066.5,0
583.32,eiyvull.,Orange,-4235.3,557.04,256.1,0,33.0,982.3,750.1,-4338.8,1
584.4,surreal,Orange,-3102.45,1230.02,106.78,0,33.0,794.2,-403.2,-3058.7,0
587.67,Taha (RLCS PRO BLUE TAG),Blue,-279.95,898.56,654.72,0,33.0,1520.1,1513.4,-360.2,0
590.23,surreal,Orange,4225.62,364.76,353.29,0,33.0,900.5,-880.2,4300.5,0
590.4,Taha (RLCS PRO BLUE TAG),Blue,3886.72,179.13,331.57,0,33.0,1641.3,1619.7,3810.5,1
593.47,Tool,Blue,2607.07,1709.18,1684.71,0,33.0,2279.4,1774.2,2423.8,0
596.23,eiyvull.,Orange,4332.41,957.07,694.44,0,33.0,1472.9,-1439.7,4451.7,1
598.49,eiyvull.,Orange,373.37,1547.53,361.77,0,33.0,1912.3,-1893.3,459.5,0
601.05,Taha (RLCS PRO BLUE TAG),Blue,-3715.45,955.64,813.52,0,33.0,1001.8,584.7,-3867.4,1
603.1,Tool,Blue,-2887.64,1152.56,1445.24,0,33.0,969.8,969.4,-3009.7,1
604.52,Tool,Blue,-1052.2,698.0,636.96,0,33.0,1529.7,1503.9,-1222.9,1
605.9,Tool,Blue,1338.41,789.99,2039.52,0,33.0,2097.9,2093.2,1188.5,0
607.89,eiyvull.,Orange,4173.57,343.93,695.56,0,33.0,2280.4,-1916.2,4327.8,0
611.79,Taha (RLCS PRO BLUE TAG),Blue,-4948.09,1626.35,2023.93,0,33.0,1439.2,567.3,-4968.4,0
614.73,surreal,Orange,-3822.71,499.81,640.78,0,33.0,2136.8,-1591.6,-3608.4,0
614.83,Tool,Blue,-3926.9,2048.56,213.68,0,33.0,836.9,833.2,-3996.1,1
616.65,Taha (RLCS PRO BLUE TAG),Blue,-2775.15,1345.95,1584.16,0,33.0,1879.9,614.6,-2936.0,0
617.79,eiyvull.,Orange,287.13,1574.2,293.54,0,33.0,475.9,134.9,450.9,0
617.89,Tool,Blue,290.07,365.26,241.74,0,33.0,2272.7,1737.9,253.6,0
620.15,eiyvull.,Orange,-702.22,1059.43,681.65,0,33.0,2064.6,-2064.4,-503.9,0
620.39,Tool,Blue,-1247.59,513.39,293.67,0,33.0,948.3,-392.6,-1275.1,1
621.87,Taha (RLCS PRO BLUE TAG),Blue,-4912.19,1006.63,984.1,0,33.0,1923.8,-1657.5,-4854.1,0
624.09,surreal,Orange,-2031.09,421.9,968.7,0,33.0,1933.1,-1877.0,-1966.3,0
627.33,Tool,Blue,1032.05,1825.68,346.22,0,33.0,2217.3,1819.4,902.6,1
629.42,Tool,Blue,4413.18,871.67,592.06,0,33.0,2043.1,1097.3,4337.1,0
10.32,guh,Orange,0.0,1926.93,806.85,1,33.0,2264.4,1894.7,-188.4,0
10.42,ren,Blue,211.71,1282.75,585.61,1,33.0,1875.0,-1490.8,416.1,0
11.32,AlphaKep,Orange,-57.35,1485.43,517.71,0,33.0,2287.9,2181.9,-223.8,0
11.35,Taha (RLCS PRO BLUE TAG),Blue,46.35,189.82,414.58,1,33.0,2286.7,-1489.2,217.5,0
14.59,AlphaKep,Orange,4418.13,2968.01,1324.19,1,33.0,1264.9,1041.4,4221.5,0
24.94,Taha (RLCS PRO BLUE TAG),Blue,-40.86,1529.23,585.24,0,33.0,2260.4,-1593.2,166.9,0
24.97,guh,Orange,-130.29,207.33,497.8,0,33.0,1203.1,905.0,-281.7,0
28.3,ren,Blue,-1484.54,997.34,921.89,0,33.0,1039.7,-1039.7,-1371.8,1
30.2,ren,Blue,-3069.23,2023.06,713.19,0,33.0,1503.0,-1059.4,-2973.3,0
32.3,guh,Orange,-5210.44,1412.25,520.15,0,33.0,2081.0,-656.1,-5411.6,1
42.64,AlphaKep,Orange,89.82,1571.05,360.1,0,33.0,1169.1,192.2,-68.2,0
42.64,ren,Blue,89.82,1404.38,360.1,0,33.0,1969.9,-1486.2,276.4,0
43.41,guh,Orange,141.18,1084.46,621.9,0,33.0,2014.4,1893.6,-20.0,0
43.44,Taha (RLCS PRO BLUE TAG),Blue,266.35,229.11,498.51,0,33.0,1484.1,-1459.6,473.6,0
46.58,guh,Orange,4837.93,3330.71,894.37,1,33.0,2277.8,1626.6,4676.0,0
50.37,ren,Blue,1956.35,2572.87,1948.14,0,33.0,1529.3,-1493.3,2106.2,1
52.51,ren,Blue,-449.07,900.39,1171.22,0,33.0,1170.0,-754.2,-503.5,1
53.81,ren,Blue,-1873.41,2422.01,1420.99,0,33.0,1444.3,-989.7,-1689.4,0
55.17,AlphaKep,Orange,-4455.85,1093.43,654.1,0,33.0,1642.7,-306.4,-4626.3,1
59.67,AlphaKep,Orange,-2127.46,2398.26,1058.61,0,33.0,1218.0,1155.0,-2226.9,0
62.17,ren,Blue,1031.18,1092.79,661.28,0,33.0,1361.4,121.3,1187.9,1
64.34,ren,Blue,1171.36,1869.35,556.08,0,33.0,2264.1,20.2,1259.8,0
64.5,guh,Orange,1176.11,1404.79,350.56,0,33.0,1839.3,1074.1,984.5,0
65.9,Taha (RLCS PRO BLUE TAG),Blue,2042.14,1351.81,864.76,0,33.0,1791.3,-813.2,2169.0,1
68.67,Taha (RLCS PRO BLUE TAG),Blue,-1641.53,1139.18,1223.11,1,33.0,2210.0,-1737.3,-1550.9,0
69.8,AlphaKep,Orange,-3883.26,1323.83,1012.57,0,33.0,2044.5,-997.8,-4070.1,1
70.94,guh,Orange,-4625.71,218.0,1020.02,0,33.0,327.4,-310.9,-4820.8,1
71.34,AlphaKep,Orange,-4841.81,771.37,1190.49,0,33.0,2291.0,219.6,-5053.5,1
72.7,AlphaKep,Orange,-3602.07,1934.96,1400.16,0,33.0,1546.0,952.3,-3662.8,1
73.77,AlphaKep,Orange,-2416.53,3017.46,1186.21,0,33.0,1056.1,917.9,-2532.1,1
74.9,AlphaKep,Orange,-1026.96,2720.05,769.13,0,33.0,1935.6,1611.5,-1120.1,0
77.23,ren,Blue,2578.35,3725.74,686.49,0,33.0,1809.3,869.2,2646.9,1
78.8,ren,Blue,3455.66,1409.64,3202.86,0,33.0,1685.7,130.7,3681.4,1
82.03,ren,Blue,-70.42,735.8,968.91,0,33.0,1989.5,-1811.1,11.4,0
83.3,guh,Orange,-2194.05,1965.14,211.71,0,33.0,1473.9,-639.1,-2111.2,1
86.77,AlphaKep,Orange,-4373.22,1238.53,859.57,0,33.0,1214.8,1188.5,-4539.9,0
88.8,Taha (RLCS PRO BLUE TAG),Blue,96.91,1160.49,1343.06,0,33.0,805.9,766.5,165.3,1
90.1,Taha (RLCS PRO BLUE TAG),Blue,2224.69,2822.75,1049.82,0,33.0,1939.0,1912.7,2051.1,1
91.56,Taha (RLCS PRO BLUE TAG),Blue,5014.91,5111.2,4187.71,0,33.0,1426.9,1180.0,5002.3,0
97.13,guh,Orange,-1218.48,2625.0,448.39,0,33.0,817.6,214.3,-1396.7,0
99.6,ren,Blue,-3367.6,911.11,1517.23,1,33.0,2136.6,-2132.1,-3205.2,0
100.63,AlphaKep,Orange,-4918.17,2192.12,812.17,0,33.0,650.8,293.8,-5048.1,0
101.86,ren,Blue,-4466.77,2882.52,597.87,1,33.0,314.1,137.3,-4391.9,0
103.3,AlphaKep,Orange,-4120.61,1090.17,471.66,0,33.0,759.0,531.0,-4298.1,1
104.53,guh,Orange,-3235.43,846.69,282.19,0,33.0,2274.8,1725.3,-3331.6,0
107.97,Taha (RLCS PRO BLUE TAG),Blue,4341.08,3864.23,963.79,0,33.0,1640.2,1186.8,4477.0,1
110.93,Taha (RLCS PRO BLUE TAG),Blue,4051.55,948.51,978.4,0,33.0,1045.3,-915.0,4270.5,0
111.13,AlphaKep,Orange,3924.89,2297.69,296.8,1,33.0,1007.7,1003.1,3812.7,0
115.3,ren,Blue,3403.55,3004.68,1439.61,0,33.0,1220.5,-1087.4,3531.9,1
116.7,ren,Blue,1659.2,979.2,1721.8,0,33.0,1810.3,-1604.0,1758.3,0
118.33,guh,Orange,-1035.31,2900.39,197.47,0,33.0,1246.3,-862.0,-1077.8,1
121.1,AlphaKep,Orange,-4574.78,1589.74,690.42,0,33.0,1817.8,1202.1,-4617.5,0
122.0,Taha (RLCS PRO BLUE TAG),Blue,-3291.92,1620.31,415.34,0,33.0,1870.5,-1868.7,-3093.5,0
122.03,AlphaKep,Orange,-3318.69,1685.02,216.3,0,33.0,1608.0,1476.2,-3419.5,0
124.93,Taha (RLCS PRO BLUE TAG),Blue,-2831.42,3160.71,446.75,1,33.0,2176.5,2161.3,-2870.7,0
126.56,AlphaKep,Orange,-605.29,1415.03,271.96,0,33.0,1868.1,-1832.0,-454.9,1
128.16,guh,Orange,756.83,1308.92,1183.03,0,33.0,1614.9,1464.8,669.5,0
129.09,Taha (RLCS PRO BLUE TAG),Blue,2125.05,2111.42,171.62,0,33.0,1942.5,1260.4,2052.1,1
131.99,ren,Blue,4662.15,1206.83,661.31,0,33.0,379.1,-290.6,4714.4,0
133.96,guh,Orange,3478.75,2226.38,882.91,1,33.0,853.4,-365.3,3306.4,0
134.63,ren,Blue,3391.91,1842.36,352.84,0,33.0,2095.0,-1457.6,3592.3,1
137.16,ren,Blue,-250.29,1438.58,245.2,0,33.0,2104.6,-1674.3,-208.7,0
139.79,guh,Orange,-4917.28,4345.18,1514.49,0,33.0,189.6,-138.1,-5100.0,1
142.52,guh,Orange,-2500.12,1497.74,1086.8,0,33.0,1724.9,1723.0,-2614.0,1
143.59,guh,Orange,-459.87,1541.39,870.4,0,33.0,2129.9,2114.1,-604.0,0
144.39,Taha (RLCS PRO BLUE TAG),Blue,1113.96,2787.86,244.83,0,33.0,1737.1,868.5,1331.7,1
145.89,ren,Blue,3660.32,2259.68,489.27,0,33.0,1888.5,326.4,3747.4,0
147.56,AlphaKep,Orange,3078.99,2177.23,1506.88,0,33.0,428.9,428.8,2908.1,1
149.46,AlphaKep,Orange,4599.08,4624.92,450.92,1,33.0,1459.2,1053.3,4554.3,0
149.86,ren,Blue,4944.3,2123.38,125.46,0,33.0,1097.4,-4.2,5103.2,1
150.63,Taha (RLCS PRO BLUE TAG),Blue,4683.21,371.36,784.51,0,33.0,1099.5,111.4,4695.8,0
152.26,guh,Orange,3544.38,3276.69,1655.95,0,33.0,1903.2,1884.1,3376.1,0
152.76,Taha (RLCS PRO BLUE TAG),Blue,5036.66,1598.42,719.66,0,33.0,1781.4,1017.5,4993.4,0
170.97,AlphaKep,Orange,0.0,1790.83,527.44,0,33.0,2287.2,2143.2,-174.3,0
171.0,ren,Blue,8.64,1729.34,329.18,0,33.0,871.4,-537.2,154.3,1
173.04,ren,Blue,736.75,1253.05,921.92,0,33.0,1086.4,188.4,777.4,0
176.34,guh,Orange,-2405.92,2138.67,532.03,0,33.0,1906.2,1818.0,-2637.2,0
176.37,ren,Blue,-2444.44,1842.27,359.11,1,33.0,1609.2,-1456.8,-2285.8,0
181.73,AlphaKep,Orange,-4378.11,2828.56,333.15,0,33.0,1283.5,1278.5,-4572.9,0
181.83,Taha (RLCS PRO BLUE TAG),Blue,-4281.51,3050.84,230.21,1,33.0,611.6,110.9,-4349.8,0
187.0,AlphaKep,Orange,1401.83,1058.63,980.84,0,33.0,1685.7,1141.0,1421.8,0
188.07,ren,Blue,2001.6,1845.75,527.37,0,33.0,1536.9,-1523.7,2169.5,0
191.17,guh,Orange,-4224.17,1552.45,750.53,0,33.0,2189.0,-2188.4,-4085.9,0
191.7,ren,Blue,-4529.51,5205.75,584.03,1,33.0,1952.0,-1939.2,-4506.6,1
194.2,Taha (RLCS PRO BLUE TAG),Blue,-16.94,3708.53,1352.82,0,33.0,1556.4,-1532.9,130.2,1
196.93,ren,Blue,-2689.41,1388.47,1888.88,1,33.0,104.3,-104.3,-2734.4,1
198.1,ren,Blue,-2996.35,1651.44,1700.78,1,33.0,535.7,-319.0,-2976.8,0
200.56,AlphaKep,Orange,-4212.12,798.4,295.0,0,33.0,1610.5,1195.3,-4325.5,0
202.66,Taha (RLCS PRO BLUE TAG),Blue,-3377.37,3454.96,1174.5,0,33.0,1490.2,-1458.0,-3179.5,0
203.5,guh,Orange,-4800.43,2021.72,1126.23,0,33.0,984.6,688.2,-5006.3,0
206.8,ren,Blue,-3246.25,2711.52,2272.64,0,33.0,279.2,-279.2,-3131.0,0
208.5,guh,Orange,-3739.28,2803.6,549.45,0,33.0,771.3,582.4,-3779.2,0
210.9,Taha (RLCS PRO BLUE TAG),Blue,-3112.12,2182.87,424.08,0,33.0,2132.3,-2131.9,-2940.8,0
213.43,AlphaKep,Orange,-3411.89,2584.17,1462.97,0,33.0,1535.9,1357.5,-3608.9,0
216.03,ren,Blue,1173.53,3281.27,555.86,0,33.0,786.7,782.6,1398.8,1
217.66,Taha (RLCS PRO BLUE TAG),Blue,4372.07,819.09,879.59,0,33.0,1956.5,1185.3,4517.8,1
218.83,Taha (RLCS PRO BLUE TAG),Blue,4154.39,1268.81,1588.69,0,33.0,1083.6,-797.6,4233.9,1
220.1,Taha (RLCS PRO BLUE TAG),Blue,3000.89,1969.26,1258.02,0,33.0,1177.0,-1162.1,3120.5,1
221.9,Taha (RLCS PRO BLUE TAG),Blue,685.68,2767.5,1107.01,0,33.0,1482.5,-1476.1,923.3,0
222.23,guh,Orange,205.98,2561.12,494.55,0,33.0,1607.1,972.2,9.7,0
223.36,ren,Blue,-128.5,467.39,409.37,0,33.0,2090.3,-1606.7,34.0,0
227.56,AlphaKep,Orange,-911.94,645.45,402.66,0,33.0,2163.6,2133.3,-1044.0,0
227.86,Taha (RLCS PRO BLUE TAG),Blue,-307.12,461.76,330.19,0,33.0,2080.9,-1765.3,-120.6,0
228.0,guh,Orange,-10.45,483.55,330.19,0,33.0,1133.1,-1124.1,209.3,0
230.39,Taha (RLCS PRO BLUE TAG),Blue,4375.29,3253.56,386.84,0,33.0,1281.9,-739.5,4484.0,1
233.16,ren,Blue,2420.11,1676.95,741.71,0,33.0,1720.2,-1161.0,2466.1,1
233.73,ren,Blue,1568.36,699.58,486.75,0,33.0,1874.9,-1429.7,1724.9,1
235.33,Taha (RLCS PRO BLUE TAG),Blue,-368.71,2411.45,2180.8,0,33.0,1862.9,-1729.3,-242.2,1
237.46,Taha (RLCS PRO BLUE TAG),Blue,-4053.7,1940.83,770.36,1,33.0,1409.6,-1408.0,-3903.9,0
238.06,AlphaKep,Orange,-4886.4,391.19,680.63,0,33.0,2019.2,1150.0,-4954.1,0
240.73,ren,Blue,-905.16,580.07,373.6,0,33.0,1908.4,136.9,-756.6,0
242.69,guh,Orange,-2619.27,2051.77,925.73,0,33.0,1118.0,480.6,-2751.9,0
244.26,Taha (RLCS PRO BLUE TAG),Blue,-1102.47,716.71,453.74,0,33.0,2186.8,-432.9,-949.5,0
247.19,AlphaKep,Orange,-4419.41,3201.92,2367.46,0,33.0,639.6,15.3,-4498.7,1
247.92,AlphaKep,Orange,-3956.27,3566.68,2105.48,0,33.0,1439.4,866.2,-4112.7,1
249.76,AlphaKep,Orange,-2377.59,2123.37,2129.69,0,33.0,1080.7,887.8,-2571.6,0
252.36,ren,Blue,1954.02,2038.77,896.63,0,33.0,1730.8,1725.0,1840.8,1
253.82,ren,Blue,4670.79,2351.26,2845.03,0,33.0,2037.1,2035.3,4560.7,1
256.45,ren,Blue,3651.1,1579.48,1426.64,0,33.0,1366.0,-1331.2,3830.4,0
257.25,guh,Orange,2133.82,1954.6,342.49,0,33.0,519.7,-519.7,2163.8,1
258.29,AlphaKep,Orange,-319.7,667.89,271.96,0,33.0,1868.1,-1832.0,-454.9,0
258.29,ren,Blue,-319.7,461.76,271.96,0,33.0,1237.6,-1224.4,-444.4,1
260.25,Taha (RLCS PRO BLUE TAG),Blue,410.95,1920.25,707.18,0,33.0,1453.9,-1257.6,489.5,1
262.05,Taha (RLCS PRO BLUE TAG),Blue,-1730.47,2672.58,502.5,0,33.0,1679.8,-1117.3,-1671.2,1
264.95,Taha (RLCS PRO BLUE TAG),Blue,-4862.03,2305.7,214.92,1,33.0,743.8,24.8,-5102.8,0
264.99,guh,Orange,-4893.53,2069.2,158.44,0,33.0,1407.5,556.8,-4993.5,0
266.65,ren,Blue,-2153.04,737.19,374.19,0,33.0,191.4,-32.5,-2042.7,0
268.72,AlphaKep,Orange,-2330.4,647.36,1444.81,0,33.0,1051.2,1035.8,-2465.2,0
273.45,Taha (RLCS PRO BLUE TAG),Blue,4924.39,1613.16,4977.69,0,33.0,700.0,-0.5,5103.0,1
274.35,Taha (RLCS PRO BLUE TAG),Blue,4585.39,649.09,3962.68,0,33.0,875.4,-755.7,4764.0,1
276.82,Taha (RLCS PRO BLUE TAG),Blue,1206.18,2098.46,1579.9,0,33.0,2071.1,-2071.0,1307.1,1
280.08,Taha (RLCS PRO BLUE TAG),Blue,-688.85,821.95,299.94,0,33.0,2136.8,-1238.9,-551.1,0
280.08,guh,Orange,-688.85,1842.6,299.94,0,33.0,1158.0,609.3,-848.9,0
284.08,ren,Blue,4131.87,3341.76,1886.62,0,33.0,1342.6,-1090.2,4282.0,0
286.15,AlphaKep,Orange,311.54,2075.09,506.91,0,33.0,45.5,35.2,143.2,0
286.22,ren,Blue,260.94,743.89,328.64,0,33.0,2174.2,-2047.8,345.1,1
288.01,Taha (RLCS PRO BLUE TAG),Blue,528.82,807.42,1035.67,0,33.0,2118.3,-1725.3,674.7,1
290.35,Taha (RLCS PRO BLUE TAG),Blue,-2410.97,1014.66,858.12,1,33.0,1554.0,-1093.5,-2250.9,0
290.48,guh,Orange,-2621.38,1331.07,458.72,0,33.0,1970.8,1636.9,-2792.5,1
292.55,AlphaKep,Orange,-4207.94,2691.11,1047.68,0,33.0,1182.0,1181.8,-4441.4,0
294.31,ren,Blue,102.73,2832.03,1430.27,0,33.0,1239.5,1233.1,192.1,1
296.21,Taha (RLCS PRO BLUE TAG),Blue,2648.8,1851.5,619.78,0,33.0,1050.4,406.4,2728.0,1
300.08,ren,Blue,1574.48,213.96,1095.8,0,33.0,2290.5,-2015.7,1794.5,1
318.04,Taha (RLCS PRO BLUE TAG),Blue,0.0,914.54,237.38,0,33.0,870.3,-867.8,186.2,1
319.61,Taha (RLCS PRO BLUE TAG),Blue,-669.98,1136.64,1567.85,0,33.0,1109.0,-1107.3,-465.0,1
323.41,Taha (RLCS PRO BLUE TAG),Blue,-4964.49,3541.57,498.83,1,33.0,1073.0,-609.3,-4965.2,1
324.41,Taha (RLCS PRO BLUE TAG),Blue,-4989.52,2048.12,257.23,1,33.0,2291.0,404.5,-4846.7,0
324.48,guh,Orange,-4991.12,1559.28,319.12,0,33.0,2229.8,0.3,-5103.0,1
326.41,AlphaKep,Orange,-4098.74,1344.32,690.09,0,33.0,1247.4,1006.1,-4025.1,0
326.94,Taha (RLCS PRO BLUE TAG),Blue,-3379.67,763.47,77.28,1,33.0,1603.1,1459.9,-3393.1,0
328.04,guh,Orange,-2051.0,1361.7,780.66,0,33.0,2300.0,2235.6,-2246.2,0
328.27,Taha (RLCS PRO BLUE TAG),Blue,-1500.63,175.36,622.88,1,33.0,2137.5,-2049.2,-1346.0,1
329.27,ren,Blue,1039.52,252.48,870.54,0,33.0,1799.8,-1799.8,1050.8,1
331.24,ren,Blue,4587.61,927.54,2405.05,0,33.0,408.4,407.9,4706.7,1
332.94,ren,Blue,3903.39,2722.96,1589.77,0,33.0,915.5,-590.0,4049.6,1
335.31,ren,Blue,874.53,809.67,1324.84,0,33.0,1976.1,-1734.2,1036.8,1
335.64,Taha (RLCS PRO BLUE TAG),Blue,396.18,176.77,1150.1,0,33.0,2051.4,-1734.8,463.9,0
340.6,AlphaKep,Orange,1034.77,1796.93,579.89,0,33.0,1443.2,1431.3,850.4,0
340.67,ren,Blue,1092.7,1529.56,354.32,0,33.0,2089.5,12.0,1246.9,0
342.47,guh,Orange,-709.63,1890.29,1505.29,0,33.0,2281.6,2274.8,-920.6,0
344.87,Taha (RLCS PRO BLUE TAG),Blue,4326.55,654.76,910.33,0,33.0,235.8,-165.7,4261.6,1
347.97,ren,Blue,-427.67,546.58,886.04,0,33.0,2261.1,-2248.3,-284.0,0
362.83,guh,Orange,-2.8,1888.8,435.63,0,33.0,2291.9,2026.5,-250.2,0
362.83,Taha (RLCS PRO BLUE TAG),Blue,-2.8,907.22,435.63,0,33.0,2258.9,-1987.3,184.0,1
366.6,ren,Blue,4262.26,3852.14,1459.49,0,33.0,1770.9,1621.3,4080.2,0
369.1,AlphaKep,Orange,2837.86,2595.46,1316.18,1,33.0,848.7,389.5,2697.4,1
370.07,AlphaKep,Orange,2788.8,2532.3,487.48,1,33.0,218.0,217.9,2741.5,0
370.27,ren,Blue,2836.43,2638.33,157.05,0,33.0,1689.0,-1687.7,2894.9,1
373.17,Taha (RLCS PRO BLUE TAG),Blue,3611.72,3760.73,490.66,0,33.0,1454.4,-1454.4,3830.4,0
373.24,AlphaKep,Orange,3556.57,2350.81,324.47,1,33.0,1862.4,987.8,3404.5,1
375.41,guh,Orange,3447.29,1554.9,1264.78,0,33.0,2278.2,1982.5,3252.1,1
388.61,guh,Orange,0.0,1701.19,495.73,0,33.0,2287.5,1505.0,-192.3,0
388.68,Taha (RLCS PRO BLUE TAG),Blue,-8.35,837.45,316.95,0,33.0,654.7,-157.1,142.3,0
389.41,AlphaKep,Orange,-459.31,543.17,755.28,0,33.0,946.3,628.6,-655.0,1
390.64,AlphaKep,Orange,824.56,1449.15,500.35,0,33.0,1495.6,1442.9,673.2,0
391.41,ren,Blue,2008.58,567.89,306.88,0,33.0,2289.5,-1661.2,2193.7,1
391.44,Taha (RLCS PRO BLUE TAG),Blue,2012.31,436.56,136.24,0,33.0,1858.4,1835.4,1769.1,0
397.55,AlphaKep,Orange,18.82,1356.6,423.76,0,33.0,2277.1,1901.9,-160.3,0
397.55,ren,Blue,18.82,797.0,423.76,0,33.0,2063.8,-1805.6,224.9,0
400.45,AlphaKep,Orange,-1016.75,1994.1,667.77,0,33.0,1158.1,-639.2,-1056.2,0
400.58,ren,Blue,-1093.46,1436.65,280.19,0,33.0,1388.5,-581.0,-934.5,1
406.45,ren,Blue,-4357.94,3684.66,480.51,1,33.0,1460.2,-333.1,-4280.8,0
408.05,AlphaKep,Orange,-3981.5,1261.77,891.76,0,33.0,947.8,53.3,-4127.1,0
411.98,ren,Blue,2425.9,1033.93,798.11,0,33.0,2286.2,-1187.8,2629.8,0
415.08,guh,Orange,-5011.35,3397.38,1090.33,0,33.0,1329.8,40.2,-5104.8,0
417.25,ren,Blue,-3445.77,877.9,904.4,1,33.0,384.4,60.2,-3396.2,1
420.05,Taha (RLCS PRO BLUE TAG),Blue,-2771.6,309.81,669.42,1,33.0,1300.4,-1010.6,-2572.4,0
421.35,guh,Orange,-4516.01,762.55,784.29,0,33.0,1431.7,711.8,-4722.1,0
421.78,Taha (RLCS PRO BLUE TAG),Blue,-4293.24,2072.7,61.03,1,33.0,1785.7,-886.3,-4298.3,0
422.15,guh,Orange,-4067.42,1458.86,476.55,0,33.0,1815.5,-208.7,-4054.3,0
423.25,Taha (RLCS PRO BLUE TAG),Blue,-3566.59,1718.52,255.81,1,33.0,1494.2,1313.3,-3750.3,0
424.58,guh,Orange,-2403.88,1182.36,781.8,0,33.0,1423.4,1164.8,-2506.4,1
426.48,guh,Orange,60.7,182.08,1299.99,0,33.0,1834.1,1388.3,-114.2,0
428.68,Taha (RLCS PRO BLUE TAG),Blue,4431.37,1386.28,617.7,0,33.0,2110.0,70.2,4496.3,0
431.51,AlphaKep,Orange,577.37,739.64,892.48,0,33.0,454.5,371.7,448.7,1
432.91,AlphaKep,Orange,1412.01,1209.23,1232.31,0,33.0,2288.0,1738.3,1291.7,0
433.31,ren,Blue,2284.51,2211.75,516.28,0,33.0,2282.5,-1915.7,2432.4,1
434.48,Taha (RLCS PRO BLUE TAG),Blue,4866.59,2947.69,1180.28,0,33.0,2282.4,-59.0,4913.8,0
437.34,guh,Orange,3006.88,2674.14,632.31,0,33.0,1916.5,1390.9,2852.6,0
438.74,ren,Blue,4132.43,2134.06,1171.32,0,33.0,1953.9,1538.7,4077.1,1
441.64,Taha (RLCS PRO BLUE TAG),Blue,2095.91,1993.1,1397.72,0,33.0,1380.9,917.0,2072.6,0
445.08,AlphaKep,Orange,-1616.3,1603.02,860.74,0,33.0,1306.2,1105.3,-1673.2,0
447.31,Taha (RLCS PRO BLUE TAG),Blue,1755.31,918.52,1878.45,0,33.0,1203.2,-1134.3,1911.8,0
448.14,guh,Orange,396.93,667.89,330.19,0,33.0,1133.1,-1124.1,209.3,0
448.71,Taha (RLCS PRO BLUE TAG),Blue,-123.79,579.1,284.52,0,33.0,1118.9,-899.3,56.3,0
454.51,AlphaKep,Orange,-4910.24,1057.29,1248.62,0,33.0,168.6,22.4,-4958.4,1
455.84,AlphaKep,Orange,-4589.59,1309.48,818.65,0,33.0,743.5,312.1,-4677.4,0
457.57,Taha (RLCS PRO BLUE TAG),Blue,-2891.39,889.04,1011.25,0,33.0,1647.6,-1609.2,-2729.3,0
459.17,guh,Orange,-4419.92,1550.68,395.51,0,33.0,1649.1,1345.5,-4591.2,0
459.21,Taha (RLCS PRO BLUE TAG),Blue,-4397.21,2343.92,395.51,1,33.0,1427.4,-1377.8,-4222.6,1
461.3,ren,Blue,-1599.3,340.35,1208.78,0,33.0,1632.0,-1070.8,-1387.8,1
463.8,ren,Blue,-4384.7,2264.11,1444.68,1,33.0,2124.6,-1514.1,-4356.4,1
466.27,ren,Blue,-4154.45,1623.74,222.89,1,33.0,624.9,604.1,-4172.1,0
466.3,guh,Orange,-4070.06,384.49,95.9,0,33.0,1680.8,1665.0,-4256.6,0
468.77,Taha (RLCS PRO BLUE TAG),Blue,1916.89,1059.23,1117.56,0,33.0,1986.2,1720.7,1944.2,1
472.57,Taha (RLCS PRO BLUE TAG),Blue,4188.8,2584.41,1395.5,0,33.0,721.5,-497.3,4375.7,0
475.3,AlphaKep,Orange,2563.79,249.33,407.49,0,33.0,2003.5,1409.1,2356.2,0
475.37,Taha (RLCS PRO BLUE TAG),Blue,2580.81,673.28,293.58,0,33.0,1789.0,-970.9,2648.3,1
479.0,ren,Blue,3604.7,772.92,750.18,0,33.0,1674.0,-1494.1,3766.2,1
480.3,ren,Blue,1233.2,956.75,930.92,0,33.0,2177.0,-1921.0,1456.0,0
480.57,guh,Orange,753.75,1047.21,383.73,0,33.0,1254.5,805.3,569.8,0
482.17,Taha (RLCS PRO BLUE TAG),Blue,1092.23,1057.65,1580.85,0,33.0,789.6,-788.2,1263.1,1
482.94,Taha (RLCS PRO BLUE TAG),Blue,346.21,1381.38,827.72,0,33.0,1328.5,-1327.8,442.6,0
485.13,AlphaKep,Orange,-3026.38,512.33,1130.83,0,33.0,1032.4,-604.2,-3154.2,1
485.87,AlphaKep,Orange,-2886.38,1715.32,1286.62,0,33.0,824.6,697.1,-3086.3,1
488.3,AlphaKep,Orange,-528.11,329.02,129.16,0,33.0,1323.1,1152.4,-568.1,0
491.43,ren,Blue,3204.53,1569.8,420.76,0,33.0,1813.8,-1033.7,3400.1,1
495.13,ren,Blue,3237.14,1348.05,276.48,0,33.0,1065.0,-1065.0,3401.8,1
496.13,ren,Blue,2066.43,248.35,1111.42,0,33.0,1580.2,-1489.8,2182.4,1
497.87,ren,Blue,-775.86,892.27,711.68,0,33.0,2098.8,-1464.9,-872.1,0
498.46,guh,Orange,-1715.85,2037.05,215.13,0,33.0,2246.0,-213.7,-1850.3,0
500.13,Taha (RLCS PRO BLUE TAG),Blue,-597.06,617.45,886.11,0,33.0,2296.3,926.7,-535.9,1
500.3,ren,Blue,-505.66,253.52,271.96,0,33.0,1237.6,-1224.4,-444.4,0
500.4,AlphaKep,Orange,-493.62,667.89,271.96,0,33.0,1868.1,-1832.0,-454.9,1
503.96,AlphaKep,Orange,-1558.19,1609.09,1137.77,0,33.0,1183.7,1182.5,-1769.3,1
505.8,AlphaKep,Orange,937.55,996.6,1081.15,0,33.0,1547.2,1545.1,778.9,0
507.0,Taha (RLCS PRO BLUE TAG),Blue,2564.8,2028.92,380.94,0,33.0,314.1,258.2,2699.6,0
508.63,guh,Orange,1940.39,2000.16,765.93,0,33.0,1302.1,771.1,1804.6,1
509.46,guh,Orange,2356.12,2098.24,585.4,0,33.0,1097.3,572.9,2307.2,1
511.5,guh,Orange,3240.74,3022.1,1695.4,0,33.0,523.0,499.1,3206.2,0
512.43,ren,Blue,3712.46,2094.18,428.84,0,33.0,1700.1,-1699.9,3873.0,1
514.08,ren,Blue,1161.91,1740.07,1500.05,0,33.0,1827.4,-1794.5,1263.1,1
515.3,ren,Blue,-1145.11,1073.61,859.09,0,33.0,2181.7,-2065.4,-1012.1,0
516.95,AlphaKep,Orange,-4890.69,2739.43,629.28,0,33.0,2126.1,-1730.2,-4823.7,0
518.4,Taha (RLCS PRO BLUE TAG),Blue,-2410.6,1102.91,1879.69,0,33.0,1524.7,-1219.8,-2260.5,0
521.02,AlphaKep,Orange,-3127.66,3003.16,461.93,0,33.0,1019.2,348.6,-3230.3,0
522.81,Taha (RLCS PRO BLUE TAG),Blue,-1831.37,2402.09,557.04,0,33.0,2297.4,809.2,-1786.4,0
523.99,guh,Orange,-1531.42,1746.29,513.73,0,33.0,2123.5,1321.3,-1629.7,0
525.47,Taha (RLCS PRO BLUE TAG),Blue,538.14,690.65,383.26,0,33.0,1063.4,908.9,664.6,0
525.64,guh,Orange,754.18,1391.9,224.27,0,33.0,2195.7,1787.4,584.4,0
528.23,ren,Blue,3928.55,945.47,679.84,0,33.0,1700.3,547.9,4060.7,0
528.67,guh,Orange,4138.09,2990.0,388.88,1,33.0,2252.2,1755.3,3997.1,0
530.49,Taha (RLCS PRO BLUE TAG),Blue,4008.63,560.21,766.09,0,33.0,877.2,-755.2,4192.5,0
531.74,AlphaKep,Orange,3171.35,2861.03,459.32,0,33.0,213.5,-199.7,3060.4,1
533.32,AlphaKep,Orange,2314.49,2187.54,578.19,0,33.0,1013.6,84.7,2180.8,0
533.86,Taha (RLCS PRO BLUE TAG),Blue,2532.09,1438.65,252.1,0,33.0,1926.4,135.9,2527.0,1
537.17,Taha (RLCS PRO BLUE TAG),Blue,3445.85,1412.43,257.64,0,33.0,2183.6,-2075.7,3464.8,0
537.2,AlphaKep,Orange,3446.43,549.93,257.64,0,33.0,535.0,31.0,3293.1,0
538.72,ren,Blue,3465.83,2129.64,1077.62,0,33.0,2094.2,-1046.8,3534.6,0
542.56,AlphaKep,Orange,-2597.15,2904.61,409.76,0,33.0,1028.3,959.5,-2681.7,0
544.78,Taha (RLCS PRO BLUE TAG),Blue,-7.86,1247.85,394.05,0,33.0,1869.3,-1852.9,218.6,0
546.03,guh,Orange,-3660.82,1671.84,224.51,0,33.0,2112.5,-1458.6,-3663.2,1
549.7,AlphaKep,Orange,-388.69,1489.68,1405.59,0,33.0,2285.8,358.4,-387.2,0
551.82,ren,Blue,993.67,1228.83,901.81,0,33.0,2173.8,-151.2,1104.2,1
553.71,Taha (RLCS PRO BLUE TAG),Blue,-617.13,1333.0,355.77,0,33.0,1831.5,-1511.8,-484.4,0
556.44,AlphaKep,Orange,-4076.36,629.54,472.71,0,33.0,1444.2,722.1,-4099.5,1
559.17,AlphaKep,Orange,-2839.48,1707.66,594.84,0,33.0,1958.2,115.6,-2896.5,1
560.99,guh,Orange,-230.98,787.96,1457.44,0,33.0,2246.7,2223.6,-335.6,0
562.8,ren,Blue,5004.57,3449.79,2044.63,0,33.0,406.1,-0.2,5103.0,1
566.92,ren,Blue,3773.22,2021.93,2782.15,0,33.0,1709.0,-1708.9,3919.4,0
568.03,AlphaKep,Orange,1402.64,1243.89,557.31,0,33.0,1187.9,610.0,1222.6,1
570.12,guh,Orange,-1726.52,1523.24,1151.48,0,33.0,1137.4,-1025.8,-1725.4,0
572.44,ren,Blue,-3879.37,1598.77,516.81,1,33.0,859.0,706.6,-4034.5,0
573.69,AlphaKep,Orange,-3885.3,1885.8,532.92,0,33.0,2092.1,1947.2,-4057.0,0
576.08,Taha (RLCS PRO BLUE TAG),Blue,2009.67,867.23,1097.53,0,33.0,1781.2,1115.6,2103.9,1
578.24,Taha (RLCS PRO BLUE TAG),Blue,4116.22,2288.12,1023.3,0,33.0,1961.1,-171.3,4287.9,1
580.19,Taha (RLCS PRO BLUE TAG),Blue,3915.16,2060.35,491.8,0,33.0,502.0,-482.0,4106.6,0
580.22,AlphaKep,Orange,3956.44,532.37,307.66,1,33.0,1892.5,1847.7,3805.8,1
582.01,guh,Orange,3203.81,938.36,342.91,0,33.0,1130.0,1035.6,3052.1,0
582.01,ren,Blue,3203.81,1369.15,342.91,0,33.0,1877.8,-1860.4,3394.7,0
584.13,guh,Orange,3620.68,1487.68,1289.49,1,33.0,909.0,908.3,3503.4,0
584.6,Taha (RLCS PRO BLUE TAG),Blue,4549.57,2659.42,791.27,0,33.0,1567.4,-151.9,4639.9,1
587.48,ren,Blue,5209.29,3065.98,1204.75,0,33.0,1738.6,1737.7,5035.2,0
10.61,taroco,Orange,7.25,1259.95,368.52,0,33.0,2282.7,-2187.9,189.2,0
10.61,Ulttor,Blue,7.25,1697.14,368.52,0,33.0,2284.2,2182.5,-179.2,0
11.58,mergedemu,Orange,156.73,977.53,299.48,1,33.0,1561.5,483.8,102.4,0
11.78,Taha (RLCS PRO BLUE TAG),Blue,298.75,293.39,58.51,0,33.0,2291.0,1939.3,174.1,0
15.18,mergedemu,Orange,2383.62,6524.18,553.82,0,33.0,2191.2,2014.7,2223.1,1
16.91,taroco,Orange,4219.73,937.63,611.42,0,33.0,2292.1,-653.9,4298.6,0
16.94,Ulttor,Blue,4220.15,2315.95,421.18,0,33.0,2299.3,1818.9,4146.3,0
17.38,mergedemu,Orange,4803.57,1054.46,380.07,1,33.0,1167.5,-358.0,4941.0,1
19.08,mergedemu,Orange,4488.62,3208.71,264.36,1,33.0,690.6,-515.3,4635.0,1
20.48,mergedemu,Orange,3398.41,2060.85,524.17,0,33.0,1110.6,-1054.3,3592.0,0
21.11,Taha (RLCS PRO BLUE TAG),Blue,2668.49,1254.74,327.82,1,33.0,616.7,523.5,2493.7,1
23.31,Taha (RLCS PRO BLUE TAG),Blue,3668.57,4142.03,644.53,0,33.0,1728.4,1207.9,3574.6,1
24.38,Taha (RLCS PRO BLUE TAG),Blue,4389.14,2604.75,394.53,0,33.0,1566.3,450.2,4458.6,0
25.21,taroco,Orange,3651.55,968.51,305.99,0,33.0,936.2,-924.0,3748.3,0
25.21,Ulttor,Blue,3651.55,1025.76,305.99,1,33.0,1992.4,1046.3,3508.3,1
28.41,Ulttor,Blue,1474.77,3142.23,2424.13,0,33.0,1610.6,-1375.6,1521.4,0
30.61,mergedemu,Orange,1404.35,2556.66,2452.74,0,33.0,789.2,-663.8,1522.3,1
32.14,mergedemu,Orange,-516.54,3828.7,927.37,0,33.0,1852.2,-1721.9,-331.4,0
32.51,Taha (RLCS PRO BLUE TAG),Blue,-988.2,3738.54,351.01,0,33.0,2259.0,-807.1,-1125.8,0
34.94,taroco,Orange,-756.64,4210.7,2813.68,1,33.0,1985.8,-1980.0,-612.5,0
37.11,Ulttor,Blue,-3601.73,1650.89,250.85,0,33.0,1019.9,838.6,-3653.1,1
40.01,Ulttor,Blue,-2868.92,2342.53,2451.22,0,33.0,707.5,281.2,-2862.6,0
43.87,taroco,Orange,4210.79,2331.58,700.24,1,33.0,1783.8,582.4,4271.1,0
44.01,Ulttor,Blue,4275.14,3358.4,295.55,0,33.0,2055.7,2008.5,4174.4,1
45.94,Taha (RLCS PRO BLUE TAG),Blue,3254.9,4610.84,435.67,1,33.0,2234.9,1891.7,3067.1,1
47.71,Taha (RLCS PRO BLUE TAG),Blue,1686.93,3230.4,2001.53,1,33.0,1259.3,-327.3,1539.6,0
48.44,mergedemu,Orange,1820.73,2641.15,351.66,0,33.0,2098.3,-1552.5,1933.8,1
50.81,taroco,Orange,1639.3,1147.29,1777.56,1,33.0,1253.5,-1248.1,1800.7,0
52.67,Taha (RLCS PRO BLUE TAG),Blue,-1400.96,4025.82,565.42,0,33.0,1443.7,-1225.7,-1539.2,0
52.84,taroco,Orange,-1526.13,2637.1,435.16,0,33.0,1709.6,-1686.0,-1359.0,0
54.77,Ulttor,Blue,-4085.89,727.8,154.04,0,33.0,2288.4,865.4,-4197.5,0
56.24,mergedemu,Orange,-1771.28,806.64,856.74,1,33.0,1289.7,1026.6,-1640.9,0
57.47,Ulttor,Blue,-1391.87,2498.05,933.85,0,33.0,1484.9,1481.7,-1539.6,0
58.27,mergedemu,Orange,395.7,718.52,872.02,0,33.0,2159.4,854.6,503.0,1
60.0,mergedemu,Orange,2004.98,3628.25,1671.35,0,33.0,2129.8,43.9,2125.6,1
61.74,mergedemu,Orange,1576.43,3233.06,1700.33,0,33.0,1331.9,-1330.1,1730.0,0
63.14,Taha (RLCS PRO BLUE TAG),Blue,-1013.68,908.35,349.11,0,33.0,1795.4,1407.7,-1152.3,0
65.3,taroco,Orange,571.55,5216.56,1053.95,1,33.0,990.5,-983.0,759.1,0
65.5,Ulttor,Blue,289.52,2889.29,485.07,0,33.0,2225.4,2223.9,102.1,0
67.97,taroco,Orange,-3637.97,3389.88,1107.82,0,33.0,2265.9,-2265.2,-3501.4,0
71.24,Taha (RLCS PRO BLUE TAG),Blue,-4527.44,2391.14,1145.22,1,33.0,1428.1,-72.6,-4561.8,1
72.5,Taha (RLCS PRO BLUE TAG),Blue,-4393.49,1871.49,459.88,1,33.0,1872.3,480.3,-4524.0,0
72.5,mergedemu,Orange,-4393.49,2923.15,459.88,0,33.0,547.9,-421.6,-4191.0,1
74.94,mergedemu,Orange,-3733.54,3305.77,783.53,0,33.0,1546.1,-471.4,-3636.3,0
75.57,Ulttor,Blue,-4277.86,720.96,594.09,0,33.0,2215.5,-261.3,-4384.7,1
77.53,Ulttor,Blue,-3823.64,2379.84,1046.64,0,33.0,2271.5,729.1,-3924.9,0
78.4,taroco,Orange,-3602.5,1792.4,417.8,0,33.0,2238.7,-1338.0,-3426.6,1
82.7,mergedemu,Orange,822.47,3426.55,1603.83,0,33.0,2157.5,-420.1,977.9,0
83.43,Ulttor,Blue,144.16,2273.41,405.58,0,33.0,1863.2,216.7,-13.6,0
84.43,mergedemu,Orange,-1602.82,2885.13,318.35,0,33.0,2247.2,-2241.4,-1485.5,0
85.83,Ulttor,Blue,-4024.46,1016.51,154.46,0,33.0,2284.0,-1779.1,-3836.2,1
86.33,Taha (RLCS PRO BLUE TAG),Blue,-4796.76,632.13,608.75,1,33.0,159.2,106.5,-4904.2,0
86.47,mergedemu,Orange,-4941.39,3047.54,305.17,0,33.0,1873.5,-1410.3,-4816.6,1
95.65,taroco,Orange,0.0,1370.88,446.72,0,33.0,2269.7,-1656.4,181.2,0
95.68,Ulttor,Blue,-18.22,1433.91,446.72,0,33.0,2281.6,1952.9,-235.8,1
96.62,Taha (RLCS PRO BLUE TAG),Blue,-275.26,1155.33,487.17,1,33.0,2134.3,152.3,-349.6,1
99.15,Taha (RLCS PRO BLUE TAG),Blue,461.71,4175.39,201.78,0,33.0,924.8,924.8,294.8,1
100.18,Taha (RLCS PRO BLUE TAG),Blue,1494.98,3591.8,495.42,0,33.0,1417.2,1229.7,1439.2,1
101.85,Taha (RLCS PRO BLUE TAG),Blue,3392.95,2718.99,375.95,0,33.0,1695.6,1159.1,3374.2,1
105.35,Ulttor,Blue,2818.64,790.57,449.27,0,33.0,2229.0,1814.8,2663.6,0
105.41,taroco,Orange,2878.69,287.17,203.48,0,33.0,2249.1,-2245.9,2897.6,0
108.21,Ulttor,Blue,4577.63,3506.84,655.41,0,33.0,2057.9,-867.0,4656.1,1
110.18,Taha (RLCS PRO BLUE TAG),Blue,3993.63,2565.88,2067.87,0,33.0,1725.5,1357.9,3782.3,0
121.07,mergedemu,Orange,0.0,1286.34,411.89,0,33.0,2276.0,-2065.9,192.6,0
121.07,Taha (RLCS PRO BLUE TAG),Blue,0.0,1239.47,411.89,0,33.0,2261.7,1788.6,-206.4,0
121.97,taroco,Orange,-192.02,573.09,536.22,0,33.0,2019.1,-1881.1,-11.6,0
126.17,Taha (RLCS PRO BLUE TAG),Blue,-4208.52,337.4,2775.22,1,33.0,2235.4,-1085.0,-4147.9,1
128.03,Ulttor,Blue,-2695.17,1222.76,500.87,0,33.0,2215.8,1840.7,-2845.8,0
130.03,taroco,Orange,2064.3,892.66,887.59,0,33.0,1367.3,677.1,2154.2,1
132.13,taroco,Orange,2310.14,2372.17,1650.32,0,33.0,546.3,-261.5,2426.1,1
133.4,taroco,Orange,1164.62,1338.83,2479.88,0,33.0,1687.5,-1487.1,1353.6,0
134.9,Taha (RLCS PRO BLUE TAG),Blue,-1304.82,3034.49,362.86,0,33.0,2289.5,1532.8,-1486.9,0
136.17,mergedemu,Orange,-136.7,1466.61,957.4,0,33.0,1096.7,-274.6,37.4,1
138.4,mergedemu,Orange,-1086.59,3645.08,1096.16,0,33.0,1400.5,133.5,-1120.4,0
139.23,Taha (RLCS PRO BLUE TAG),Blue,-1499.26,2642.08,380.33,0,33.0,866.4,-866.4,-1453.9,0
140.66,mergedemu,Orange,-1996.14,4339.55,1752.7,0,33.0,1176.7,-918.2,-1819.1,1
141.6,mergedemu,Orange,-2943.63,4051.79,1211.62,0,33.0,1555.0,-1166.0,-2839.0,0
142.56,Ulttor,Blue,-3968.2,1005.03,406.44,0,33.0,455.8,-103.7,-4118.3,1
144.56,Ulttor,Blue,-4583.06,1299.53,1277.84,0,33.0,721.2,-225.1,-4663.5,0
148.9,taroco,Orange,3592.24,1746.68,894.89,1,33.0,2274.2,2213.6,3664.9,0
151.19,Taha (RLCS PRO BLUE TAG),Blue,2854.11,1692.15,512.33,0,33.0,1233.4,1232.6,2652.7,1
152.99,Taha (RLCS PRO BLUE TAG),Blue,4336.05,1551.92,707.33,0,33.0,1302.5,1282.8,4143.1,1
155.09,Ulttor,Blue,4349.7,1882.93,801.26,0,33.0,1141.4,924.9,4141.6,1
156.13,Ulttor,Blue,4692.2,2284.7,718.07,0,33.0,838.8,351.7,4501.1,1
156.89,Ulttor,Blue,4891.6,1985.55,275.1,0,33.0,1347.2,329.7,4748.0,0
171.9,mergedemu,Orange,0.0,1625.5,433.88,0,33.0,2272.8,-2159.3,213.9,0
171.9,Taha (RLCS PRO BLUE TAG),Blue,0.0,1363.78,433.88,0,33.0,2271.2,1975.6,-203.8,0
173.13,mergedemu,Orange,-250.56,1333.68,1219.24,0,33.0,2281.2,1235.0,-486.2,0
174.37,Ulttor,Blue,-408.47,2197.37,359.83,0,33.0,2287.3,-284.1,-537.2,0
174.37,taroco,Orange,-408.47,1544.24,359.83,0,33.0,563.9,-256.9,-246.3,1
176.4,taroco,Orange,2886.1,1970.47,1678.65,1,33.0,2300.0,1663.6,3084.5,1
188.19,mergedemu,Orange,0.0,1638.17,603.33,0,33.0,2271.5,-2262.1,223.3,0
188.26,Taha (RLCS PRO BLUE TAG),Blue,-108.94,1393.33,347.33,0,33.0,415.9,364.5,-250.0,1
190.93,Ulttor,Blue,-3586.41,3388.2,669.43,0,33.0,1451.8,-1418.9,-3554.1,1
193.62,Taha (RLCS PRO BLUE TAG),Blue,-4304.6,159.61,92.06,0,33.0,2063.0,-941.3,-4396.0,0
194.96,mergedemu,Orange,-2847.79,558.81,645.63,0,33.0,1141.8,50.5,-2671.1,0
196.52,Taha (RLCS PRO BLUE TAG),Blue,-3715.23,2328.99,540.68,0,33.0,1218.0,458.5,-3784.6,1
198.82,Ulttor,Blue,-3378.61,1441.5,1415.09,0,33.0,1013.1,996.5,-3457.3,1
199.92,Ulttor,Blue,-2419.94,787.89,291.36,0,33.0,1977.4,62.9,-2424.2,1
203.22,Ulttor,Blue,-986.58,2263.59,2387.97,0,33.0,1658.9,172.6,-1107.5,0
206.05,mergedemu,Orange,2016.85,2427.18,2159.17,0,33.0,1191.7,-1159.1,2208.5,1
207.55,mergedemu,Orange,74.25,712.39,720.73,0,33.0,1603.3,-1590.2,195.4,0
209.12,Ulttor,Blue,-2514.68,2500.81,278.55,0,33.0,1116.2,-1089.9,-2688.0,0
210.79,taroco,Orange,-3121.75,2090.97,786.27,0,33.0,1750.1,-1626.9,-3013.5,0
211.02,Taha (RLCS PRO BLUE TAG),Blue,-3397.24,1316.49,106.5,0,33.0,2148.1,1473.9,-3353.5,1
214.45,Taha (RLCS PRO BLUE TAG),Blue,-1073.07,976.38,280.07,0,33.0,1688.0,-1156.7,-975.9,0
216.45,mergedemu,Orange,-1004.73,1185.53,1418.08,0,33.0,2000.1,-1906.2,-794.8,0
217.22,Ulttor,Blue,-3256.67,1168.34,1339.89,0,33.0,1428.6,-567.9,-3394.0,1
220.98,Ulttor,Blue,-642.66,1294.82,892.01,0,33.0,2262.9,1601.5,-718.9,0
222.48,taroco,Orange,2314.18,1807.83,1039.06,0,33.0,786.0,-20.0,2455.0,0
226.12,Taha (RLCS PRO BLUE TAG),Blue,-1576.87,1151.61,1455.87,0,33.0,1109.7,-374.9,-1643.5,0
228.12,mergedemu,Orange,-360.17,1512.72,1637.89,0,33.0,432.9,-401.4,-243.1,1
229.55,mergedemu,Orange,-1612.86,1982.28,703.97,0,33.0,1151.6,-1149.4,-1412.8,0
229.68,Ulttor,Blue,-1623.82,2497.54,260.1,0,33.0,1790.3,1488.0,-1826.2,0
231.72,taroco,Orange,1572.96,1847.18,119.64,0,33.0,2218.4,1991.9,1451.7,0
231.78,Ulttor,Blue,1624.92,875.35,25.39,0,33.0,1939.2,1934.5,1531.4,0
235.35,taroco,Orange,4952.68,2296.41,1292.74,1,33.0,264.1,-67.6,5075.4,1
236.68,taroco,Orange,4065.38,2434.16,761.22,1,33.0,1491.1,-1054.4,4269.3,0
238.81,Taha (RLCS PRO BLUE TAG),Blue,1122.16,1365.84,579.37,0,33.0,2278.8,600.9,1049.6,0
242.65,mergedemu,Orange,2643.99,987.46,1538.04,0,33.0,1860.0,-1859.4,2826.7,0
244.41,Ulttor,Blue,-2592.77,1905.64,1629.34,0,33.0,2141.6,-1887.4,-2672.5,1
246.91,Ulttor,Blue,-4537.77,3345.75,675.34,1,33.0,1178.6,1170.9,-4768.4,1
249.01,Ulttor,Blue,-1100.42,1057.77,1075.71,0,33.0,2192.0,2142.0,-1248.0,1
250.31,Ulttor,Blue,1190.82,1192.18,1454.06,0,33.0,1559.2,1360.7,1227.6,1
251.44,Ulttor,Blue,2685.96,1310.55,1232.25,0,33.0,1859.7,1519.3,2597.0,0
252.44,taroco,Orange,4496.9,588.67,414.72,1,33.0,781.0,762.0,4602.0,0
254.24,Taha (RLCS PRO BLUE TAG),Blue,4067.6,1012.72,632.84,0,33.0,1717.8,1481.0,3917.4,0
10.8,Taha (RLCS PRO BLUE TAG),Blue,0.0,1514.55,519.31,0,33.0,2264.2,1799.6,-184.0,0
10.83,Chief God Teresa,Orange,-3.37,1448.62,321.14,0,33.0,2275.6,-1751.5,154.3,0
12.07,tybu,Blue,323.03,339.61,512.64,0,33.0,1615.9,1054.3,142.4,0
15.23,Chief God Teresa,Orange,3568.74,2488.52,710.95,0,33.0,2287.8,345.2,3609.5,0
15.37,tybu,Blue,3617.14,2925.83,369.96,0,33.0,1810.4,1806.7,3466.5,0
16.03,deevo,Orange,3841.87,1590.15,1968.24,0,33.0,1396.3,-1168.3,3993.8,0
18.3,Taha (RLCS PRO BLUE TAG),Blue,758.2,4212.25,339.06,1,33.0,1560.2,-622.9,737.5,1
23.27,Taha (RLCS PRO BLUE TAG),Blue,-3850.88,3329.34,1064.47,0,33.0,1615.8,1436.1,-4001.6,1
24.76,Taha (RLCS PRO BLUE TAG),Blue,-2993.74,1790.84,1673.36,0,33.0,935.3,611.4,-3151.9,1
27.1,tybu,Blue,-9.77,372.44,287.47,0,33.0,1960.6,1869.8,-164.9,0
28.1,Chief God Teresa,Orange,2791.16,1689.35,1306.14,1,33.0,1107.1,440.9,2956.5,1
30.16,Chief God Teresa,Orange,3833.91,4744.99,2162.84,0,33.0,1719.2,16.2,4005.4,1
32.33,Chief God Teresa,Orange,2881.65,2960.79,3925.04,0,33.0,1321.2,-727.2,2926.5,1
34.46,deevo,Orange,751.23,191.46,788.07,0,33.0,1489.8,-1237.7,805.6,0
37.06,tybu,Blue,-4595.59,5428.15,449.31,1,33.0,1684.7,-1384.1,-4617.5,0
40.23,Chief God Teresa,Orange,-1021.14,4157.44,855.21,1,33.0,587.6,-549.0,-874.4,0
41.69,tybu,Blue,-2586.17,2452.65,1681.05,1,33.0,1408.7,1408.7,-2791.8,0
56.3,Chief God Teresa,Orange,0.0,1248.31,514.79,0,33.0,2284.3,-2186.1,226.2,0
56.33,Taha (RLCS PRO BLUE TAG),Blue,10.52,1405.83,377.64,0,33.0,697.8,229.2,-151.0,0
59.53,deevo,Orange,-912.14,2814.4,2304.27,0,33.0,1010.7,-970.1,-825.4,1
60.8,deevo,Orange,-1932.09,3049.88,1615.17,0,33.0,1349.8,-1026.6,-1802.4,0
62.76,tybu,Blue,-3767.38,1741.2,342.62,0,33.0,1041.1,1041.0,-3922.4,0
65.46,deevo,Orange,-4243.23,3336.79,1971.29,0,33.0,1928.3,1856.4,-4268.2,1
66.89,Chief God Teresa,Orange,-3048.61,1810.2,1761.95,0,33.0,1261.3,-1261.2,-2922.8,0
68.19,tybu,Blue,-4639.07,579.18,1101.3,0,33.0,1749.4,190.4,-4690.0,1
70.06,tybu,Blue,-3669.08,3803.52,2602.03,0,33.0,1200.9,1169.6,-3795.0,1
70.89,tybu,Blue,-2587.52,3888.23,688.84,0,33.0,1558.4,1473.6,-2687.0,0
71.03,deevo,Orange,-2420.64,2066.74,298.99,0,33.0,1775.5,-1449.1,-2178.2,1
75.06,deevo,Orange,-4315.63,4095.29,831.9,0,33.0,385.9,-333.5,-4187.2,0
77.06,Taha (RLCS PRO BLUE TAG),Blue,-3656.5,803.34,222.35,0,33.0,1487.4,1336.5,-3875.8,0
77.16,deevo,Orange,-3604.96,3824.97,164.44,0,33.0,1960.8,1198.5,-3756.2,1
80.26,Chief God Teresa,Orange,969.57,892.65,1096.47,0,33.0,97.7,19.4,1168.7,1
82.06,Chief God Teresa,Orange,500.98,1665.35,768.58,0,33.0,1436.6,-1432.5,679.7,0
83.13,tybu,Blue,-1095.95,3450.5,366.1,0,33.0,1620.4,-1528.6,-1110.6,0
85.36,Chief God Teresa,Orange,-2946.95,1208.72,1112.91,0,33.0,561.2,-498.0,-3126.4,1
86.23,deevo,Orange,-3413.03,722.18,1061.97,0,33.0,2114.2,-1935.5,-3214.2,0
86.56,tybu,Blue,-4243.41,1007.22,224.83,0,33.0,1224.2,-229.3,-4210.0,1
89.5,Taha (RLCS PRO BLUE TAG),Blue,-4510.22,766.8,986.18,1,33.0,2080.5,400.5,-4514.4,1
89.7,tybu,Blue,-4449.72,382.19,1386.98,1,33.0,968.7,-684.9,-4539.8,1
90.47,Taha (RLCS PRO BLUE TAG),Blue,-3384.12,932.53,936.26,0,33.0,1622.1,1591.5,-3435.2,0
93.27,deevo,Orange,-185.98,1666.34,1243.71,0,33.0,740.9,-660.8,-61.8,1
94.63,deevo,Orange,-1138.56,1628.14,417.61,0,33.0,1284.2,-890.3,-1078.1,1
97.56,deevo,Orange,-4492.02,1654.38,861.38,0,33.0,1227.6,-1043.3,-4345.3,1
98.76,Chief God Teresa,Orange,-3917.21,1460.13,1506.29,0,33.0,1287.2,-1285.2,-3696.5,0
99.26,Taha (RLCS PRO BLUE TAG),Blue,-5141.04,3326.04,825.64,1,33.0,569.9,-135.0,-5235.6,0
117.45,deevo,Orange,-12.01,1208.97,313.01,0,33.0,1997.2,-1910.3,143.2,0
117.45,tybu,Blue,-12.01,940.4,313.01,0,33.0,1553.0,1546.5,-168.3,0
119.48,Chief God Teresa,Orange,80.42,2340.64,397.79,0,33.0,2283.4,-248.8,131.9,0
119.75,Taha (RLCS PRO BLUE TAG),Blue,48.12,2063.43,276.03,0,33.0,2228.3,391.4,-14.0,0
124.35,deevo,Orange,4885.53,1539.02,3151.65,0,33.0,1677.6,-395.6,4985.2,1
126.75,deevo,Orange,4142.91,2365.95,1585.23,0,33.0,697.6,-689.9,4209.8,1
127.88,deevo,Orange,3303.37,1918.11,1009.17,0,33.0,1306.5,-960.2,3361.6,1
129.95,deevo,Orange,877.47,872.44,219.3,0,33.0,1546.8,-1229.0,775.1,0
130.55,tybu,Blue,249.18,864.05,92.27,0,33.0,1787.4,-1163.0,57.2,0
131.85,Chief God Teresa,Orange,-424.85,1229.01,781.26,0,33.0,2281.2,-2281.1,-237.8,0
132.98,tybu,Blue,-3796.69,441.07,1845.43,0,33.0,1505.6,-1503.1,-3931.2,1
135.78,tybu,Blue,-2457.14,2835.84,1207.08,0,33.0,2180.1,1492.5,-2638.1,0
136.15,deevo,Orange,-1748.74,1836.64,637.79,0,33.0,512.1,-489.7,-1533.7,1
138.71,Chief God Teresa,Orange,1457.02,596.95,1487.0,0,33.0,2199.5,954.8,1592.9,0
140.35,tybu,Blue,2829.55,2030.1,586.93,0,33.0,2165.5,1146.1,2662.9,0
151.39,deevo,Orange,0.0,1174.81,396.93,0,33.0,2290.7,-2225.4,222.8,0
151.39,tybu,Blue,0.0,897.38,396.93,0,33.0,2233.3,1925.1,-154.9,0
152.59,Chief God Teresa,Orange,-258.82,645.49,577.82,0,33.0,2300.0,-1028.3,-234.8,1
154.22,Chief God Teresa,Orange,-668.17,2927.1,349.59,0,33.0,1971.5,-1809.3,-509.1,0
154.29,Taha (RLCS PRO BLUE TAG),Blue,-747.78,1440.73,247.59,0,33.0,1125.6,752.9,-742.9,0
158.35,Chief God Teresa,Orange,-4563.54,3186.65,703.57,0,33.0,1847.6,-1836.2,-4489.8,0
159.39,tybu,Blue,-4889.69,2400.19,84.18,1,33.0,1026.8,255.5,-5001.8,0
159.45,Chief God Teresa,Orange,-4866.61,2772.25,112.12,0,33.0,739.1,434.5,-4927.3,0
160.52,tybu,Blue,-4121.92,2452.54,304.48,0,33.0,1278.0,1268.6,-4306.2,1
161.79,tybu,Blue,-1859.24,1772.67,605.47,0,33.0,2289.4,2273.4,-1993.9,1
162.72,tybu,Blue,192.76,1098.81,415.5,0,33.0,2280.2,2119.9,40.3,0
162.75,deevo,Orange,316.9,1044.1,388.7,0,33.0,2164.9,1320.5,395.5,1
165.88,Chief God Teresa,Orange,3387.85,470.47,337.3,0,33.0,2248.7,811.3,3387.2,0
165.88,Taha (RLCS PRO BLUE TAG),Blue,3387.85,1806.73,337.3,0,33.0,2288.5,1758.1,3174.4,1
168.82,tybu,Blue,1254.76,1838.8,125.4,0,33.0,2122.0,-1024.3,1099.9,0
168.82,Chief God Teresa,Orange,1254.76,524.56,125.4,0,33.0,2276.0,178.4,1221.5,1
171.12,deevo,Orange,4866.13,3607.32,3141.89,1,33.0,1317.2,-132.9,5027.2,1
174.48,deevo,Orange,2646.82,1917.9,789.83,0,33.0,1074.6,-1051.8,2792.9,0
176.88,tybu,Blue,-650.69,158.16,292.85,0,33.0,1285.1,1281.1,-845.4,1
176.88,Taha (RLCS PRO BLUE TAG),Blue,-650.69,158.16,432.88,0,33.0,1109.1,-1009.4,-698.7,0
179.91,Chief God Teresa,Orange,4247.61,1812.59,2418.46,1,33.0,1398.6,1276.8,4290.0,1
181.38,Chief God Teresa,Orange,5001.14,2523.27,3044.42,1,33.0,877.6,-0.0,5103.0,1
182.81,Chief God Teresa,Orange,4239.26,876.04,832.34,0,33.0,2118.8,-1341.8,4355.4,0
183.51,tybu,Blue,3085.91,997.59,390.6,0,33.0,1600.7,-723.5,3064.0,1
184.01,Taha (RLCS PRO BLUE TAG),Blue,2355.69,421.04,556.11,0,33.0,1805.3,1786.7,2177.5,0
184.08,Chief God Teresa,Orange,2500.38,1715.46,373.01,0,33.0,2212.1,-1495.1,2580.1,1
187.48,deevo,Orange,5014.98,2021.76,3261.19,1,33.0,408.9,-0.3,5103.0,1
189.81,deevo,Orange,2950.15,1868.19,2818.85,0,33.0,1783.9,-1774.1,3082.0,1
191.08,deevo,Orange,471.37,1264.01,672.81,0,33.0,2041.8,-2039.1,574.4,0
193.44,tybu,Blue,-4617.01,1750.14,558.67,1,33.0,1372.1,79.5,-4796.5,0
193.48,deevo,Orange,-4656.5,2839.11,383.24,0,33.0,2260.6,-2211.1,-4555.3,0
196.54,Taha (RLCS PRO BLUE TAG),Blue,-3496.65,1571.68,992.11,0,33.0,1688.7,817.1,-3638.4,1
198.28,tybu,Blue,-543.26,2071.55,312.18,0,33.0,2226.1,1821.5,-558.6,0
199.41,deevo,Orange,1618.75,676.08,759.76,0,33.0,1807.4,1201.1,1715.9,1
201.88,deevo,Orange,4887.18,2076.95,962.3,1,33.0,2211.4,1112.1,4799.0,0
203.38,tybu,Blue,2609.85,1264.56,1012.3,0,33.0,612.6,-596.3,2522.9,0
204.28,deevo,Orange,2277.52,1611.47,719.37,0,33.0,934.5,-621.6,2370.0,0
206.14,tybu,Blue,408.08,1926.84,188.6,0,33.0,849.0,-681.4,248.2,1
207.64,tybu,Blue,146.09,1890.9,537.93,0,33.0,339.8,211.8,-37.3,0
207.77,Chief God Teresa,Orange,133.49,479.06,386.71,0,33.0,1164.4,-1055.9,355.8,1
210.37,deevo,Orange,1778.39,2015.61,771.32,0,33.0,1413.3,1367.8,1873.9,1
212.14,deevo,Orange,1325.78,1597.57,865.03,0,33.0,1030.7,-775.8,1477.4,1
213.77,deevo,Orange,-1084.18,1864.42,859.27,0,33.0,2196.4,-1859.5,-922.5,0
215.57,tybu,Blue,-4257.11,698.79,997.99,0,33.0,1466.6,-88.7,-4325.4,1
217.87,tybu,Blue,-3478.64,360.87,585.49,0,33.0,2286.7,-2112.6,-3398.5,0
218.01,Chief God Teresa,Orange,-3387.68,2730.13,357.06,0,33.0,1738.3,-1729.0,-3277.2,0
218.17,Taha (RLCS PRO BLUE TAG),Blue,-3639.51,360.87,436.18,0,33.0,2183.2,-1809.9,-3745.1,1
219.01,Taha (RLCS PRO BLUE TAG),Blue,-4879.42,2330.05,2077.54,1,33.0,336.4,336.3,-4992.6,0
220.1,Chief God Teresa,Orange,-4280.42,3113.86,711.81,0,33.0,1786.7,1268.2,-4244.8,0
220.34,Taha (RLCS PRO BLUE TAG),Blue,-4238.65,1438.18,313.95,1,33.0,1780.3,1387.2,-4338.0,0
222.4,deevo,Orange,-810.45,1611.54,2069.74,0,33.0,1608.5,-1602.5,-644.5,1
225.24,deevo,Orange,-4964.68,3740.13,279.29,0,33.0,1805.4,-1665.8,-4895.9,0
227.84,tybu,Blue,-3658.58,272.93,412.39,0,33.0,901.1,675.2,-3681.4,1
229.84,tybu,Blue,-1634.12,507.67,1189.3,0,33.0,1790.8,1188.2,-1731.1,0
234.07,deevo,Orange,5018.55,3876.91,566.63,1,33.0,629.0,-299.3,5099.5,0
234.13,tybu,Blue,5021.59,2233.64,380.46,0,33.0,1869.5,1718.8,4888.6,0
237.63,deevo,Orange,3727.25,3448.77,1726.14,1,33.0,1507.1,-1495.0,3923.2,0
239.8,Taha (RLCS PRO BLUE TAG),Blue,-1409.05,3009.21,1157.03,0,33.0,2006.4,-1992.5,-1379.2,0
241.9,deevo,Orange,-5000.1,1897.85,219.41,0,33.0,1782.3,-1654.1,-4885.1,0
241.9,Taha (RLCS PRO BLUE TAG),Blue,-5000.1,4626.23,219.41,1,33.0,848.0,5.5,-5103.2,1
243.63,Taha (RLCS PRO BLUE TAG),Blue,-4254.84,2314.37,1460.06,1,33.0,2180.9,1366.4,-4405.7,0
245.97,Chief God Teresa,Orange,-1950.42,2385.99,1085.53,0,33.0,522.2,-359.7,-1799.2,0
248.43,tybu,Blue,-3440.71,1521.74,739.75,0,33.0,822.4,683.3,-3581.3,0
248.63,Chief God Teresa,Orange,-3330.66,2013.75,388.36,0,33.0,1816.1,-503.1,-3137.6,0
252.9,tybu,Blue,-1986.27,2154.27,713.97,0,33.0,1732.6,806.5,-2038.8,1
253.66,tybu,Blue,-1111.6,3043.0,1131.7,0,33.0,2113.6,1284.7,-1245.8,0
254.03,deevo,Orange,-333.46,2728.32,829.06,0,33.0,2300.0,-2205.6,-120.2,0
255.76,tybu,Blue,2513.72,234.71,481.99,0,33.0,1998.1,1985.5,2405.8,0
255.9,Chief God Teresa,Orange,2721.16,2369.51,401.81,1,33.0,1813.4,-1795.7,2913.2,1
258.43,deevo,Orange,-3033.62,1762.14,823.95,0,33.0,2075.5,-1562.6,-3069.4,0
259.33,Taha (RLCS PRO BLUE TAG),Blue,-4662.3,3931.09,1562.59,1,33.0,2266.8,-2225.2,-4707.7,0
261.86,Chief God Teresa,Orange,-4973.24,1854.41,658.86,0,33.0,1495.5,-1164.5,-4824.7,0
263.19,Taha (RLCS PRO BLUE TAG),Blue,-4179.54,291.73,285.5,0,33.0,957.9,855.1,-4271.9,1
266.69,Taha (RLCS PRO BLUE TAG),Blue,-794.6,1714.12,514.55,0,33.0,759.1,713.5,-874.9,0
267.96,Chief God Teresa,Orange,778.75,1149.36,352.86,0,33.0,1180.6,-1073.8,946.4,0
270.36,tybu,Blue,-2460.69,1804.01,391.1,0,33.0,537.6,-475.7,-2545.3,0
270.59,deevo,Orange,-2637.04,691.11,174.91,0,33.0,1628.3,-1604.2,-2533.9,1
275.13,deevo,Orange,-3372.71,485.55,347.05,0,33.0,894.4,653.5,-3390.3,1
277.16,deevo,Orange,-3705.12,371.92,784.73,0,33.0,659.8,-459.6,-3679.1,1
278.32,deevo,Orange,-4193.82,857.22,882.96,0,33.0,1345.5,-423.1,-4190.6,1
279.36,deevo,Orange,-4609.42,2398.68,280.5,0,33.0,1988.5,-341.3,-4658.2,0
279.46,Taha (RLCS PRO BLUE TAG),Blue,-4652.18,1629.42,199.41,0,33.0,1702.2,548.5,-4851.7,1
281.59,tybu,Blue,-4255.67,423.83,286.44,1,33.0,1403.9,-47.1,-4157.2,0
281.63,deevo,Orange,-4228.44,2815.69,244.0,0,33.0,2285.0,1349.1,-4357.5,1
282.79,Chief God Teresa,Orange,-2916.13,523.17,226.24,0,33.0,1680.9,-1619.0,-2725.4,1
287.73,deevo,Orange,-2377.3,825.18,1285.92,0,33.0,1738.9,-1028.3,-2314.2,1
289.46,deevo,Orange,-3002.5,588.43,1033.2,0,33.0,663.4,-168.3,-2970.2,0
291.63,tybu,Blue,-5019.17,3764.95,1307.0,1,33.0,388.0,8.5,-5103.4,1
293.9,tybu,Blue,-3188.65,2373.32,655.88,0,33.0,1598.2,1138.4,-3310.9,0
296.43,Chief God Teresa,Orange,-852.01,641.34,1202.22,0,33.0,683.6,-456.3,-664.7,1
297.33,Chief God Teresa,Orange,-1139.9,1229.27,1185.18,0,33.0,1070.2,-553.7,-993.9,1
310.13,deevo,Orange,0.0,1303.37,563.57,0,33.0,2264.7,-1859.4,196.3,0
310.16,tybu,Blue,-45.4,1012.81,436.33,0,33.0,2289.5,1567.3,-199.6,0
311.56,Chief God Teresa,Orange,28.83,1349.17,584.24,0,33.0,1480.1,-659.2,54.8,1
312.69,deevo,Orange,-125.46,480.73,1885.21,0,33.0,2300.0,-2205.6,-120.2,1
313.33,Chief God Teresa,Orange,-197.85,461.41,2046.14,0,33.0,841.1,-839.8,-36.4,1
315.46,Chief God Teresa,Orange,-2617.05,1203.31,576.34,0,33.0,2299.5,-1729.5,-2522.0,0
316.56,tybu,Blue,-4989.89,829.18,781.54,1,33.0,718.3,610.5,-5061.3,0
318.56,deevo,Orange,-934.91,1358.73,248.5,0,33.0,1541.3,452.8,-884.5,1
320.39,deevo,Orange,-1185.07,1068.97,1465.56,0,33.0,468.3,-432.0,-1088.4,1
321.69,deevo,Orange,-1890.75,1688.55,670.08,0,33.0,1623.5,-854.6,-1806.5,1
323.22,deevo,Orange,-3300.9,2054.32,444.1,0,33.0,1700.3,-1014.4,-3175.7,0
323.32,tybu,Blue,-3390.47,1514.17,374.16,0,33.0,845.3,181.0,-3589.1,1
324.99,Taha (RLCS PRO BLUE TAG),Blue,-4267.08,982.41,140.83,1,33.0,1463.0,1414.0,-4481.9,0
326.06,Chief God Teresa,Orange,-1872.3,851.36,1214.75,0,33.0,2205.3,-2191.4,-1731.3,1
327.66,Chief God Teresa,Orange,1144.61,1134.77,1259.76,0,33.0,2287.1,1410.7,1120.8,1
330.06,Chief God Teresa,Orange,3798.1,2047.39,1614.06,1,33.0,655.8,-605.9,3944.7,1
332.49,Chief God Teresa,Orange,1967.8,1433.36,995.04,0,33.0,1663.4,-1295.7,2072.8,1
338.42,deevo,Orange,-3606.77,2517.21,22.53,0,33.0,558.1,-378.3,-3420.9,1
339.22,deevo,Orange,-3949.39,2082.71,428.1,0,33.0,1199.6,-876.3,-3901.2,0
340.15,Taha (RLCS PRO BLUE TAG),Blue,-4940.68,1096.83,545.04,0,33.0,15.6,-0.4,-5103.0,0
340.32,deevo,Orange,-5006.72,1952.47,335.68,0,33.0,1146.3,-820.5,-4830.8,1
341.72,deevo,Orange,-4719.42,668.2,249.41,0,33.0,1364.6,166.2,-4632.5,0
341.82,Taha (RLCS PRO BLUE TAG),Blue,-4745.84,1094.41,131.63,0,33.0,1859.0,-274.7,-4709.1,1
344.85,Taha (RLCS PRO BLUE TAG),Blue,-2397.56,839.05,950.91,0,33.0,1356.0,1294.8,-2563.7,0
345.15,Chief God Teresa,Orange,-2081.11,1889.09,309.64,0,33.0,1341.1,-1048.4,-1892.6,0
346.05,tybu,Blue,-3231.05,360.87,403.83,0,33.0,2286.7,-2112.6,-3398.5,1
346.28,Taha (RLCS PRO BLUE TAG),Blue,-3510.4,360.87,445.55,1,33.0,2183.2,-1809.9,-3745.1,0
346.35,Chief God Teresa,Orange,-3557.02,2563.44,164.65,0,33.0,1561.3,-1507.1,-3495.2,0
347.05,tybu,Blue,-4374.25,715.26,255.83,1,33.0,1945.8,-1943.4,-4186.6,1
348.75,Taha (RLCS PRO BLUE TAG),Blue,-5212.77,1863.96,323.36,1,33.0,1346.9,1332.1,-5354.0,0
360.4,Chief God Teresa,Orange,13.05,1260.87,328.57,0,33.0,2214.7,-1719.3,174.5,0
360.4,Taha (RLCS PRO BLUE TAG),Blue,13.05,998.53,328.57,0,33.0,1965.5,1541.6,-143.9,0
361.14,deevo,Orange,209.77,702.84,347.47,0,33.0,2300.0,-1265.1,271.1,1
364.31,Chief God Teresa,Orange,852.29,483.28,483.37,0,33.0,1307.3,-200.8,939.9,1
366.51,deevo,Orange,-919.89,686.15,1745.56,0,33.0,2165.7,-1391.0,-752.6,1
368.98,deevo,Orange,-4876.53,2609.85,532.15,0,33.0,2256.8,-1825.5,-4956.8,0
369.05,Taha (RLCS PRO BLUE TAG),Blue,-4882.95,750.71,387.62,1,33.0,1748.4,-1354.9,-4928.8,1
371.05,tybu,Blue,-3260.73,939.7,621.45,0,33.0,1331.1,1036.5,-3395.2,1
373.58,tybu,Blue,-1057.39,1388.86,733.27,0,33.0,1547.2,922.3,-1089.2,1
375.54,Taha (RLCS PRO BLUE TAG),Blue,1183.51,919.32,371.89,0,33.0,1972.3,1506.4,1013.9,0
375.68,Chief God Teresa,Orange,1313.81,101.73,320.47,0,33.0,1494.4,804.3,1458.1,0
11.69,Taha (RLCS PRO BLUE TAG),Blue,0.0,1621.12,509.85,0,33.0,2283.9,2101.3,-197.3,0
11.76,ceeebzz,Orange,15.35,1822.33,330.62,0,33.0,42.1,-3.1,178.3,0
12.72,Cmoney,Blue,-156.85,685.83,418.53,1,33.0,1346.0,1316.2,-397.6,1
16.42,Cmoney,Blue,4230.16,3179.38,2053.1,0,33.0,220.3,155.8,4259.7,1
17.92,Cmoney,Blue,4190.72,3843.57,1580.88,0,33.0,1046.4,-252.9,4134.0,0
19.52,Buffy ._.,Orange,4458.4,1369.71,117.22,0,33.0,1243.9,-635.7,4707.8,1
21.19,Buffy ._.,Orange,3279.86,536.38,1267.93,0,33.0,1535.2,-1533.1,3369.3,1
21.89,ceeebzz,Orange,2817.52,656.1,632.79,1,33.0,1287.8,-954.2,2895.8,0
22.05,Cmoney,Blue,2707.43,998.62,431.31,0,33.0,1796.2,-1005.1,2584.9,0
23.42,ceeebzz,Orange,1806.32,2960.44,605.39,1,33.0,1077.8,-831.5,2037.1,0
23.52,Taha (RLCS PRO BLUE TAG),Blue,1754.65,3696.89,439.24,0,33.0,768.0,630.2,1527.1,0
26.85,ceeebzz,Orange,-3604.3,3383.21,2672.38,0,33.0,2026.1,-1343.8,-3549.6,0
27.65,Cmoney,Blue,-4782.33,1950.7,351.69,1,33.0,2296.8,426.1,-4845.6,1
28.82,Taha (RLCS PRO BLUE TAG),Blue,-4634.99,1305.99,853.04,0,33.0,453.4,-364.1,-4563.2,0
29.42,ceeebzz,Orange,-4639.35,1658.05,393.88,0,33.0,215.6,175.1,-4839.3,0
30.55,Taha (RLCS PRO BLUE TAG),Blue,-3854.94,1630.06,591.81,0,33.0,1439.7,1402.5,-4042.8,0
33.09,Buffy ._.,Orange,1586.58,1786.73,176.32,1,33.0,2281.5,2266.8,1449.8,0
34.59,Taha (RLCS PRO BLUE TAG),Blue,4989.42,3047.7,357.29,0,33.0,2236.4,2232.6,4768.7,0
37.08,Buffy ._.,Orange,4104.57,1193.28,601.93,1,33.0,1567.1,-84.6,4231.4,0
38.55,Cmoney,Blue,2720.37,4566.68,254.05,0,33.0,1754.6,-547.1,2552.2,1
41.45,Taha (RLCS PRO BLUE TAG),Blue,-3016.73,2426.02,275.04,1,33.0,2060.6,-1158.0,-2882.7,1
42.95,Cmoney,Blue,-3748.57,1306.27,1261.68,0,33.0,2045.4,162.6,-3761.3,0
45.45,Buffy ._.,Orange,-610.21,1573.04,627.97,0,33.0,1000.9,73.9,-506.1,1
50.08,ceeebzz,Orange,-2183.53,4782.55,2258.03,0,33.0,548.9,-506.6,-2012.0,0
51.88,Taha (RLCS PRO BLUE TAG),Blue,-3465.94,1731.51,421.76,0,33.0,823.8,727.8,-3659.8,0
52.61,ceeebzz,Orange,-4191.65,2578.38,514.41,0,33.0,1691.9,-1691.5,-3942.9,0
52.78,Cmoney,Blue,-4379.11,1174.1,337.81,1,33.0,1500.5,1500.1,-4562.6,0
56.18,Buffy ._.,Orange,-1976.99,7426.97,566.33,1,33.0,2265.3,-336.5,-1927.6,1
58.31,Buffy ._.,Orange,-2055.66,4273.92,752.9,0,33.0,1754.2,-182.1,-2009.2,1
59.95,ceeebzz,Orange,-2312.49,1088.78,1511.73,1,33.0,1350.8,-1350.8,-2191.8,0
62.35,Taha (RLCS PRO BLUE TAG),Blue,-4722.93,2746.96,529.53,1,33.0,478.6,477.4,-4907.7,0
62.41,ceeebzz,Orange,-4685.84,6101.4,382.36,0,33.0,1335.6,-1033.2,-4509.2,0
65.25,Cmoney,Blue,-4560.63,3313.01,413.38,1,33.0,2272.9,-491.7,-4528.8,0
65.35,ceeebzz,Orange,-4479.57,5156.48,361.13,0,33.0,1445.7,-790.9,-4273.3,1
68.68,Buffy ._.,Orange,-2375.05,302.05,972.3,0,33.0,980.2,-654.0,-2315.6,0
72.24,Taha (RLCS PRO BLUE TAG),Blue,-3250.93,1863.96,5784.82,0,33.0,1772.2,1290.5,-3476.3,1
73.54,Taha (RLCS PRO BLUE TAG),Blue,-1792.7,4125.13,6008.21,0,33.0,1347.5,1347.5,-1899.1,1
77.01,Taha (RLCS PRO BLUE TAG),Blue,2257.55,2202.9,1305.28,0,33.0,1217.1,1073.5,2194.8,0
78.68,ceeebzz,Orange,3776.21,1201.78,530.08,0,33.0,215.9,-40.6,3949.5,1
79.98,ceeebzz,Orange,3225.13,2020.08,450.47,0,33.0,824.4,-771.9,3445.1,0
79.98,Cmoney,Blue,3225.13,2399.32,450.47,1,33.0,1620.5,1439.5,3033.3,1
82.88,Taha (RLCS PRO BLUE TAG),Blue,578.41,2036.17,518.73,1,33.0,2281.4,-2266.9,759.4,0
85.64,Buffy ._.,Orange,-5013.28,3975.8,291.12,0,33.0,2250.5,-2249.4,-4797.3,0
87.87,Taha (RLCS PRO BLUE TAG),Blue,-4301.78,4815.83,466.82,1,33.0,1068.3,994.7,-4400.5,1
89.61,Taha (RLCS PRO BLUE TAG),Blue,-2933.5,4377.86,550.67,0,33.0,772.8,705.0,-2948.3,0
91.51,ceeebzz,Orange,-1446.57,3548.77,519.69,0,33.0,735.6,546.7,-1359.4,0
92.47,Taha (RLCS PRO BLUE TAG),Blue,-1186.56,1033.41,204.24,0,33.0,1890.4,103.2,-1228.3,1
93.81,Taha (RLCS PRO BLUE TAG),Blue,-699.68,1232.07,948.33,0,33.0,2258.3,216.8,-772.5,1
99.64,Taha (RLCS PRO BLUE TAG),Blue,2022.82,2533.49,1657.98,0,33.0,1554.2,1431.4,1803.5,0
99.97,ceeebzz,Orange,2776.67,2322.38,625.4,0,33.0,1345.4,-1320.6,2947.2,1
102.17,Buffy ._.,Orange,3224.14,2456.18,1782.92,1,33.0,1285.7,-1263.2,3379.8,1
104.47,ceeebzz,Orange,-1664.44,2552.09,2253.71,0,33.0,2183.1,-1811.6,-1595.7,0
105.64,Cmoney,Blue,-4924.34,2858.84,1458.45,1,33.0,1178.9,893.6,-5036.6,0
105.94,ceeebzz,Orange,-4373.03,4126.6,646.21,0,33.0,2289.6,-1789.3,-4163.5,0
108.3,Taha (RLCS PRO BLUE TAG),Blue,-4661.2,2287.21,458.11,1,33.0,769.5,706.5,-4798.6,1
110.0,Taha (RLCS PRO BLUE TAG),Blue,-1564.14,3629.24,746.38,0,33.0,2293.1,2244.0,-1752.3,0
110.17,Buffy ._.,Orange,-1163.04,4421.01,429.21,1,33.0,305.3,291.6,-969.2,0
113.07,Cmoney,Blue,712.8,5507.34,3309.01,0,33.0,2292.1,2257.1,574.0,0
114.47,ceeebzz,Orange,2967.06,3224.14,1970.92,0,33.0,2167.2,-1075.1,3143.0,1
118.9,ceeebzz,Orange,-4702.88,4913.75,332.65,0,33.0,2224.3,-1401.2,-4631.8,0
119.9,Taha (RLCS PRO BLUE TAG),Blue,-4898.64,713.7,520.8,0,33.0,1290.0,-150.1,-4855.2,0
120.0,ceeebzz,Orange,-4920.08,3467.23,226.18,0,33.0,2230.3,354.5,-4952.6,1
122.5,Buffy ._.,Orange,-2058.09,1763.32,1541.88,1,33.0,1024.6,-669.7,-1993.7,1
124.87,Buffy ._.,Orange,-2761.37,971.87,2058.6,0,33.0,1559.9,-536.4,-2657.2,0
126.2,Taha (RLCS PRO BLUE TAG),Blue,-3782.75,3651.46,256.34,1,33.0,1034.8,984.7,-3888.0,0
129.43,ceeebzz,Orange,-4671.13,922.96,1140.11,0,33.0,1686.0,-1275.3,-4538.3,0
131.13,Cmoney,Blue,-3756.99,1755.08,562.29,1,33.0,1753.8,1663.9,-3935.3,1
133.26,Cmoney,Blue,185.72,3105.18,1318.43,0,33.0,2243.0,1942.7,-43.7,0
133.96,Buffy ._.,Orange,1727.2,2203.98,425.76,0,33.0,802.7,744.3,1930.3,1
136.83,ceeebzz,Orange,3486.44,1493.44,563.3,0,33.0,2300.0,-2179.8,3666.0,1
139.23,ceeebzz,Orange,-834.36,1347.57,491.45,0,33.0,2000.2,-1969.5,-658.9,1
141.3,ceeebzz,Orange,-4045.58,2336.86,962.58,0,33.0,1431.0,-1405.2,-3993.8,0
141.89,Taha (RLCS PRO BLUE TAG),Blue,-4748.94,1046.37,270.0,1,33.0,310.7,-44.9,-4932.1,1
143.53,Cmoney,Blue,-4658.45,1107.16,973.6,0,33.0,2169.7,339.1,-4684.5,1
144.46,Cmoney,Blue,-4130.71,2328.69,611.8,0,33.0,2254.2,768.6,-4218.6,0
146.79,Buffy ._.,Orange,694.86,2919.82,932.7,1,33.0,2253.7,1635.4,784.0,0
147.59,Cmoney,Blue,956.38,3611.27,433.53,0,33.0,2201.4,1398.7,810.7,0
149.93,ceeebzz,Orange,3503.31,1272.83,488.51,1,33.0,1297.8,-768.4,3598.4,0
153.29,Taha (RLCS PRO BLUE TAG),Blue,-2525.74,3699.99,3034.83,1,33.0,1118.0,1105.3,-2728.1,1
156.52,Taha (RLCS PRO BLUE TAG),Blue,2336.65,3394.16,2600.19,0,33.0,2050.0,1984.5,2258.0,1
157.76,Taha (RLCS PRO BLUE TAG),Blue,5004.98,3572.46,1210.59,0,33.0,2281.3,2180.0,4896.3,1
160.56,Cmoney,Blue,3842.38,2901.06,2151.04,0,33.0,1978.9,-993.8,3910.6,1
162.59,Cmoney,Blue,2290.33,646.27,318.76,0,33.0,1378.4,-1041.0,2273.1,1
165.12,Cmoney,Blue,1736.9,2884.49,1465.46,0,33.0,1107.8,34.0,1533.5,0
165.79,Buffy ._.,Orange,1672.91,2416.76,397.79,0,33.0,2078.0,-1902.2,1915.0,1
167.29,ceeebzz,Orange,1610.76,2760.38,1503.12,1,33.0,2300.0,-2196.8,1820.1,0
168.66,Taha (RLCS PRO BLUE TAG),Blue,-2017.14,1729.0,950.87,1,33.0,610.2,-488.2,-2160.6,1
171.32,Taha (RLCS PRO BLUE TAG),Blue,-3505.96,6127.61,485.4,0,33.0,1120.9,-524.6,-3602.0,1
173.35,Taha (RLCS PRO BLUE TAG),Blue,-3684.21,2710.9,2102.23,0,33.0,2212.0,1852.8,-3862.0,0
175.32,ceeebzz,Orange,531.2,1093.3,1618.32,0,33.0,2273.3,1521.1,629.3,1
177.29,Buffy ._.,Orange,4167.74,749.26,3012.35,1,33.0,1837.4,1327.7,4291.5,1
179.29,Buffy ._.,Orange,3813.87,1015.01,3265.32,0,33.0,1006.9,-837.2,4052.5,0
182.52,Cmoney,Blue,825.11,2098.95,273.53,1,33.0,1956.9,1747.3,687.9,0
184.39,Buffy ._.,Orange,-1360.92,3984.68,1544.14,0,33.0,2269.8,-2234.4,-1221.0,0
185.85,Taha (RLCS PRO BLUE TAG),Blue,-4831.3,3807.98,741.0,1,33.0,2109.9,-1800.9,-4859.6,0
191.35,ceeebzz,Orange,1306.44,2749.0,1744.68,0,33.0,629.3,-523.3,1412.1,1
193.92,Buffy ._.,Orange,890.14,1613.87,2682.34,1,33.0,1332.9,-1332.6,999.0,1
196.25,Buffy ._.,Orange,-2894.97,3073.47,1592.18,0,33.0,2205.8,-2023.2,-2717.5,0
197.28,Taha (RLCS PRO BLUE TAG),Blue,-5177.47,1614.38,711.53,1,33.0,2156.2,-644.4,-5176.1,0
207.16,Buffy ._.,Orange,-18.25,1501.1,450.95,0,33.0,1960.9,-1671.6,135.8,0
207.19,Cmoney,Blue,-10.02,1540.7,325.9,0,33.0,580.6,449.5,-166.4,0
207.89,ceeebzz,Orange,106.18,626.09,520.49,1,33.0,2287.6,-1907.4,295.6,0
207.99,Taha (RLCS PRO BLUE TAG),Blue,-197.32,195.46,527.99,0,33.0,2177.1,2108.4,-382.9,1
212.66,Taha (RLCS PRO BLUE TAG),Blue,-34.57,2216.03,27.36,0,33.0,1973.7,-1925.5,75.8,1
215.02,Cmoney,Blue,-2768.58,1135.14,1905.89,0,33.0,781.5,780.5,-2974.3,1
216.82,Cmoney,Blue,-583.98,1029.35,1382.64,0,33.0,1696.2,1696.2,-732.9,0
219.22,Buffy ._.,Orange,4098.21,1167.24,124.0,0,33.0,1459.1,1419.6,3939.9,0
221.32,Taha (RLCS PRO BLUE TAG),Blue,3105.57,1600.84,2176.89,0,33.0,2006.4,1964.4,2930.6,0
222.19,Buffy ._.,Orange,4833.26,1046.24,942.74,1,33.0,1834.0,-830.9,5046.6,1
224.22,Buffy ._.,Orange,3677.79,1574.34,2809.16,0,33.0,1497.7,-895.6,3718.9,1
225.56,Buffy ._.,Orange,1834.05,2247.35,2713.49,0,33.0,1926.8,-1846.3,1984.4,1
227.86,ceeebzz,Orange,-1642.9,1355.0,2319.03,1,33.0,1884.8,-1471.6,-1672.8,1
231.09,ceeebzz,Orange,-3482.61,1040.15,810.95,0,33.0,1100.0,-468.8,-3428.6,1
232.82,ceeebzz,Orange,-4306.68,2409.59,416.75,0,33.0,965.5,-711.9,-4210.8,0
233.75,Taha (RLCS PRO BLUE TAG),Blue,-4817.32,806.04,393.28,0,33.0,904.0,424.2,-4948.2,0
243.83,ceeebzz,Orange,7.88,1525.44,379.4,0,33.0,2288.7,-1718.3,163.6,0
243.83,Taha (RLCS PRO BLUE TAG),Blue,7.88,1534.73,379.4,0,33.0,2268.5,1873.7,-183.8,0
244.56,Buffy ._.,Orange,113.61,199.74,972.25,0,33.0,2123.4,-1186.7,279.7,0
249.26,Cmoney,Blue,-4925.71,1923.89,45.17,1,33.0,837.0,-11.7,-5103.4,0
249.29,Buffy ._.,Orange,-4953.11,2959.4,127.75,0,33.0,871.0,3.0,-5103.1,0
250.63,Taha (RLCS PRO BLUE TAG),Blue,-4190.87,132.95,641.16,0,33.0,1820.9,1813.3,-4143.3,0
253.09,ceeebzz,Orange,-2192.13,1013.08,1593.16,0,33.0,1297.5,-627.5,-2044.3,0
254.16,Taha (RLCS PRO BLUE TAG),Blue,-2590.68,2831.05,210.91,0,33.0,1760.3,1437.4,-2743.0,0
255.79,Buffy ._.,Orange,-268.77,3017.51,1096.41,1,33.0,800.0,-798.8,-51.9,1
257.29,ceeebzz,Orange,-2677.85,1696.23,451.29,0,33.0,2119.6,-315.8,-2654.5,1
259.59,ceeebzz,Orange,-2878.6,1310.89,1013.24,0,33.0,1369.4,-1342.8,-2755.2,0
261.33,Taha (RLCS PRO BLUE TAG),Blue,-3837.57,216.41,1639.0,0,33.0,2285.9,-595.5,-3929.7,1
263.39,Taha (RLCS PRO BLUE TAG),Blue,-3465.94,3233.83,1076.14,0,33.0,586.0,464.5,-3620.8,1
267.39,Taha (RLCS PRO BLUE TAG),Blue,-524.92,1821.25,1480.85,0,33.0,1585.0,1584.8,-718.0,1
269.09,Cmoney,Blue,1656.72,1047.11,470.67,0,33.0,2019.2,2000.4,1537.0,0
269.16,Buffy ._.,Orange,1789.59,2576.71,367.43,0,33.0,1886.8,372.8,1827.1,1
271.92,ceeebzz,Orange,2579.91,3734.0,1223.17,1,33.0,1838.8,-1829.0,2719.8,1
273.36,ceeebzz,Orange,-80.7,3887.0,901.86,0,33.0,1855.2,-1836.4,-8.9,0
275.62,Taha (RLCS PRO BLUE TAG),Blue,-4839.52,907.83,133.49,1,33.0,2029.5,-789.8,-4920.1,1
276.99,Cmoney,Blue,-4314.7,1307.6,939.94,0,33.0,1345.4,458.6,-4415.1,1
279.36,Cmoney,Blue,-1401.99,2653.62,285.88,0,33.0,1912.0,1904.2,-1510.4,0
281.86,Buffy ._.,Orange,4091.43,3725.32,502.15,1,33.0,1108.0,-905.5,4246.5,0
281.89,Cmoney,Blue,4049.15,4857.22,342.72,0,33.0,2177.3,2153.3,3907.4,0
282.82,ceeebzz,Orange,3043.3,1830.45,2227.24,0,33.0,1466.3,1154.8,3059.9,1
284.56,Buffy ._.,Orange,1590.19,2391.47,2220.98,0,33.0,1623.5,-1463.9,1651.5,1
286.09,Buffy ._.,Orange,-740.37,1876.96,516.31,0,33.0,1731.1,-1729.7,-568.9,0
288.49,Taha (RLCS PRO BLUE TAG),Blue,-4919.67,1797.92,181.12,1,33.0,1235.7,513.5,-4995.0,1
290.95,Taha (RLCS PRO BLUE TAG),Blue,-2286.22,2299.94,140.01,0,33.0,2247.6,2052.8,-2347.4,1
292.15,Taha (RLCS PRO BLUE TAG),Blue,-1091.58,2418.43,870.46,0,33.0,1485.7,862.5,-1121.4,0
292.45,ceeebzz,Orange,-810.39,655.76,401.05,0,33.0,692.0,-604.9,-567.5,0
293.29,Taha (RLCS PRO BLUE TAG),Blue,-50.4,690.21,1133.95,0,33.0,1460.1,852.0,-157.2,1
294.99,Taha (RLCS PRO BLUE TAG),Blue,1137.99,495.7,211.96,0,33.0,1670.5,-829.8,1346.6,1
295.09,Cmoney,Blue,1110.55,373.2,402.59,0,33.0,505.1,339.6,943.8,1
297.39,Cmoney,Blue,1382.05,1936.62,1075.87,0,33.0,1001.5,941.1,1187.3,0
299.02,ceeebzz,Orange,4980.81,1960.7,1160.4,1,33.0,2274.8,2235.6,4999.4,1
308.23,Buffy ._.,Orange,9.15,1988.37,362.2,0,33.0,2252.6,-1845.0,176.9,0
308.23,Cmoney,Blue,9.15,1453.35,362.2,0,33.0,2285.1,1983.2,-160.7,1
310.4,Taha (RLCS PRO BLUE TAG),Blue,70.61,2489.05,243.8,0,33.0,2089.8,271.8,10.4,0
314.53,Buffy ._.,Orange,1042.61,809.59,556.82,0,33.0,1961.0,-1852.7,1253.0,0
316.3,Cmoney,Blue,-3668.68,602.95,1683.04,0,33.0,1935.9,-1911.4,-3680.6,0
320.3,ceeebzz,Orange,-275.27,1184.68,732.78,0,33.0,433.0,-381.6,-75.1,1
322.1,ceeebzz,Orange,-1356.74,314.39,1792.73,0,33.0,918.6,-862.9,-1204.5,0
322.7,Cmoney,Blue,-1737.91,2509.08,291.31,0,33.0,2090.8,1801.0,-1905.5,0
324.76,Buffy ._.,Orange,1965.08,1918.87,2785.64,0,33.0,243.4,90.0,2064.2,1
329.13,Buffy ._.,Orange,-2102.51,532.49,2190.05,0,33.0,1415.8,-1415.8,-2055.1,1
329.5,ceeebzz,Orange,-2571.73,185.9,1993.03,0,33.0,1437.0,1104.7,-2554.8,0
330.06,Taha (RLCS PRO BLUE TAG),Blue,-3250.53,1816.15,311.61,0,33.0,1989.3,1989.0,-3427.2,0
332.46,ceeebzz,Orange,-3689.72,1404.23,652.9,0,33.0,1950.3,-1817.1,-3497.0,0
332.6,Taha (RLCS PRO BLUE TAG),Blue,-4007.12,1405.59,509.48,0,33.0,1820.9,1813.3,-4143.3,0
10.57,kiwi,Blue,0.0,1699.29,486.64,0,33.0,2273.8,1937.8,-158.9,0
10.61,Taha (RLCS PRO BLUE TAG),Orange,27.09,1481.41,311.4,0,33.0,601.7,108.0,165.3,0
13.44,ren,Blue,-218.97,5363.12,1806.45,0,33.0,1844.8,1354.0,-291.1,0
17.14,Taha (RLCS PRO BLUE TAG),Orange,3446.94,2539.39,3013.17,1,33.0,1304.2,-841.9,3569.0,1
19.34,Taha (RLCS PRO BLUE TAG),Orange,1013.67,741.39,2521.63,0,33.0,1243.0,-1230.7,1254.0,0
20.17,kiwi,Blue,312.06,4506.54,117.36,0,33.0,1913.0,1889.3,120.4,1
24.21,kiwi,Blue,4872.13,4933.42,954.51,0,33.0,839.2,27.2,4867.3,0
25.67,Taha (RLCS PRO BLUE TAG),Orange,4979.29,485.75,621.74,0,33.0,1207.7,1202.7,5035.7,1
25.71,deevo,Orange,4979.29,320.72,181.81,1,33.0,2166.1,-487.2,5040.0,0
26.84,ren,Blue,4192.52,1313.05,776.22,1,33.0,2236.7,-0.2,4074.9,1
29.7,ren,Blue,3101.47,3244.0,2081.15,0,33.0,1508.1,-525.2,2973.4,1
31.67,kiwi,Blue,2864.98,2810.1,707.73,0,33.0,1631.8,1631.8,2685.4,1
35.74,ren,Blue,3449.8,1764.87,360.71,1,33.0,2013.5,1935.5,3348.1,0
35.8,deevo,Orange,3489.82,1941.77,95.72,0,33.0,1677.4,-1038.1,3579.0,0
38.2,kiwi,Blue,1090.97,3287.06,1252.06,1,33.0,1292.6,-22.3,1009.6,1
40.14,kiwi,Blue,1681.34,2738.25,494.53,0,33.0,2286.2,-67.7,1673.6,1
42.17,ren,Blue,2069.15,2273.06,2382.58,0,33.0,2233.5,2038.4,1835.0,1
43.7,kiwi,Blue,2368.16,3330.8,2027.99,1,33.0,2300.0,2255.9,2146.2,1
44.73,ren,Blue,4835.92,1690.64,1660.38,0,33.0,1681.0,-496.6,4840.2,0
58.59,deevo,Orange,-20.93,1853.16,491.45,0,33.0,2004.5,-1914.7,143.1,0
58.66,ren,Blue,-64.81,1336.52,317.05,0,33.0,322.0,309.1,-204.7,0
60.73,Taha (RLCS PRO BLUE TAG),Orange,896.68,743.03,905.38,0,33.0,2274.9,8.1,915.7,1
62.13,deevo,Orange,815.04,1796.77,1732.04,0,33.0,741.7,622.2,783.2,0
66.02,ren,Blue,-1612.98,1081.67,1922.48,0,33.0,1479.4,1420.2,-1756.4,1
67.32,ren,Blue,967.42,1607.19,1280.19,0,33.0,2300.0,2247.5,800.6,0
67.69,Taha (RLCS PRO BLUE TAG),Orange,1772.89,2743.41,159.28,0,33.0,733.8,-708.0,1756.3,1
69.16,deevo,Orange,5002.42,3420.97,418.44,1,33.0,2274.0,-639.1,5119.9,0
69.19,ren,Blue,4986.71,3247.16,292.44,0,33.0,1131.8,1115.9,4941.5,1
70.43,kiwi,Blue,3426.85,2910.91,1057.43,0,33.0,2248.5,828.8,3187.5,0
71.23,Taha (RLCS PRO BLUE TAG),Orange,4735.39,1172.62,1053.65,0,33.0,891.1,889.5,4830.6,0
81.21,kiwi,Blue,0.0,1738.29,388.12,0,33.0,2290.7,2290.4,-216.6,0
81.21,Taha (RLCS PRO BLUE TAG),Orange,0.0,813.18,388.12,0,33.0,2277.7,-2276.1,169.7,1
84.24,deevo,Orange,1855.43,3867.04,1216.15,0,33.0,1508.6,1507.7,1703.5,1
86.44,deevo,Orange,5022.76,4270.74,1577.85,1,33.0,1089.8,58.3,5102.5,1
87.44,deevo,Orange,4727.95,3773.0,2868.31,1,33.0,923.7,-531.7,4912.8,1
89.61,deevo,Orange,1886.08,1072.63,3194.52,1,33.0,1786.8,-1631.5,1939.7,0
93.11,kiwi,Blue,-5073.28,1401.72,655.29,1,33.0,140.1,99.2,-5094.6,1
95.31,ren,Blue,-4260.65,3195.1,1667.62,0,33.0,1155.5,817.1,-4498.3,1
96.68,ren,Blue,-3013.63,2767.92,1768.21,0,33.0,1059.0,1053.3,-3145.7,1
98.77,kiwi,Blue,-578.36,222.07,1156.68,0,33.0,2208.4,-2193.2,-639.3,0
100.54,Taha (RLCS PRO BLUE TAG),Orange,2823.38,1770.7,436.75,0,33.0,1561.1,1432.1,2937.0,1
104.51,Taha (RLCS PRO BLUE TAG),Orange,3546.36,723.0,1264.96,0,33.0,1848.1,-1809.6,3782.9,0
106.44,kiwi,Blue,-163.01,1342.68,395.63,0,33.0,297.1,225.5,-293.7,0
106.51,Taha (RLCS PRO BLUE TAG),Orange,-216.86,513.22,236.4,0,33.0,2222.1,-2026.3,-130.7,1
109.54,deevo,Orange,-1317.33,2460.1,733.1,0,33.0,1451.9,-1199.9,-1173.9,0
111.31,kiwi,Blue,-3373.09,1764.58,713.96,0,33.0,1619.1,-909.0,-3387.2,0
112.84,Taha (RLCS PRO BLUE TAG),Orange,-4547.16,2829.03,1009.03,0,33.0,1105.9,-23.0,-4464.3,0
115.1,ren,Blue,-4400.46,1123.56,402.44,1,33.0,891.2,622.6,-4519.0,1
116.5,kiwi,Blue,-2385.4,1481.5,266.96,0,33.0,2257.7,2246.4,-2565.9,0
118.04,deevo,Orange,-720.88,520.96,698.15,0,33.0,2298.4,-2142.2,-513.2,0
118.94,kiwi,Blue,-45.62,2143.48,537.06,0,33.0,178.9,-140.7,-36.2,1
120.27,kiwi,Blue,747.22,2170.08,871.07,0,33.0,1340.0,721.3,659.4,0
121.6,Taha (RLCS PRO BLUE TAG),Orange,1372.31,387.22,306.74,0,33.0,1606.9,-1138.7,1485.7,0
124.14,ren,Blue,-677.68,186.55,1742.36,1,33.0,1777.4,1744.0,-828.8,0
125.8,deevo,Orange,3503.12,1610.8,1710.51,0,33.0,1974.4,1905.7,3492.8,0
128.27,ren,Blue,2499.57,1463.79,829.64,0,33.0,662.8,597.5,2322.7,0
129.67,Taha (RLCS PRO BLUE TAG),Orange,2894.79,705.98,522.95,0,33.0,480.3,-239.1,3099.6,0
129.8,ren,Blue,2820.72,3459.76,355.76,0,33.0,884.2,369.4,2691.4,0
131.6,deevo,Orange,3603.62,2361.82,830.07,1,33.0,499.0,-233.8,3829.3,0
132.67,ren,Blue,3258.73,1684.6,849.3,0,33.0,79.4,-38.9,3062.9,0
134.9,deevo,Orange,4219.48,991.61,594.65,1,33.0,399.7,-107.5,4407.2,1
135.87,deevo,Orange,3480.07,385.69,1141.15,1,33.0,1302.4,-1181.8,3678.6,1
136.13,Taha (RLCS PRO BLUE TAG),Orange,3177.39,90.68,1397.15,0,33.0,2276.7,-1485.7,3324.1,0
137.43,kiwi,Blue,1383.99,2813.05,356.68,0,33.0,542.0,88.0,1208.4,1
138.67,kiwi,Blue,2124.97,2960.9,1166.63,0,33.0,1913.3,1807.9,1929.6,0
10.44,TKO,Blue,0.0,1505.79,396.68,0,33.0,2268.5,1889.4,-169.8,0
10.44,Taha (RLCS PRO BLUE TAG),Orange,0.0,1082.29,396.68,0,33.0,2264.0,-1713.2,198.1,1
11.64,Buffy ._.,Orange,443.68,2064.96,334.91,1,33.0,1707.3,336.8,460.4,1
14.21,Buffy ._.,Orange,757.51,7250.07,422.64,0,33.0,295.1,295.1,802.8,0
14.54,ceeebzz,Blue,773.27,4751.38,199.54,0,33.0,979.4,921.4,640.0,1
18.64,TKO,Blue,321.84,3945.64,3268.45,1,33.0,611.0,457.8,167.9,1
20.61,TKO,Blue,321.16,2637.21,425.9,1,33.0,826.7,597.0,97.9,0
20.61,Taha (RLCS PRO BLUE TAG),Orange,321.16,4405.73,425.9,0,33.0,2079.1,-1924.2,523.7,0
23.01,ceeebzz,Blue,-430.34,1649.53,2313.71,0,33.0,1075.3,-514.1,-430.6,1
24.41,ceeebzz,Blue,-920.7,653.52,2028.85,0,33.0,1263.2,-361.8,-998.7,1
25.44,TKO,Blue,-1019.69,142.54,810.67,0,33.0,1395.7,998.3,-1184.3,0
25.68,Buffy ._.,Orange,-871.11,3163.95,229.19,0,33.0,2300.0,-1140.5,-733.0,1
26.94,Taha (RLCS PRO BLUE TAG),Orange,246.07,1721.94,1446.45,1,33.0,1285.7,-959.5,313.7,1
28.87,Taha (RLCS PRO BLUE TAG),Orange,-1534.3,1376.54,600.67,0,33.0,1259.9,-1128.2,-1421.4,0
30.91,ceeebzz,Blue,-4140.95,2042.09,441.86,0,33.0,1750.3,1088.6,-4333.1,1
33.04,TKO,Blue,-4669.55,3062.11,175.84,1,33.0,2257.5,591.0,-4726.3,1
34.84,TKO,Blue,-3387.74,4790.57,134.58,0,33.0,1181.2,1181.2,-3556.8,1
37.97,TKO,Blue,1317.13,1217.19,435.59,0,33.0,790.1,526.2,1490.0,1
39.27,ceeebzz,Blue,2341.9,1185.24,1710.08,1,33.0,2050.9,2050.9,2121.4,0
40.07,Taha (RLCS PRO BLUE TAG),Orange,4408.41,1169.86,1222.52,0,33.0,740.8,453.8,4554.0,1
40.54,Buffy ._.,Orange,4802.06,413.26,877.59,1,33.0,2022.0,-525.1,4871.0,0
58.3,ceeebzz,Blue,0.0,1549.42,501.66,0,33.0,2192.7,1862.9,-222.3,0
58.37,Taha (RLCS PRO BLUE TAG),Orange,-1.47,1357.96,323.19,0,33.0,1118.3,219.0,163.2,0
59.17,TKO,Blue,106.51,410.02,476.54,0,33.0,2260.9,1989.2,-102.1,0
59.2,Buffy ._.,Orange,176.86,1229.69,432.1,0,33.0,1701.5,-1064.0,373.1,0
61.53,TKO,Blue,880.88,2483.24,369.41,0,33.0,1040.6,1035.5,685.9,0
61.53,Buffy ._.,Orange,880.88,3215.61,369.41,0,33.0,1996.1,429.6,916.2,0
64.3,TKO,Blue,3408.0,4509.88,1430.76,0,33.0,2246.7,841.7,3340.9,0
65.13,Taha (RLCS PRO BLUE TAG),Orange,4618.04,2788.96,460.04,0,33.0,235.8,233.8,4666.2,0
75.38,ceeebzz,Blue,-40.05,1563.49,420.11,0,33.0,2279.5,2181.9,-282.7,0
75.38,Taha (RLCS PRO BLUE TAG),Orange,-40.05,1283.34,420.11,0,33.0,1991.5,-1939.5,133.7,0
76.98,TKO,Blue,-896.8,1052.58,461.65,1,33.0,2079.9,1265.1,-1064.6,1
79.85,TKO,Blue,3897.46,2803.96,364.65,0,33.0,2294.2,2095.0,3865.1,0
80.95,Buffy ._.,Orange,4743.19,792.11,840.18,0,33.0,1808.9,-765.6,4973.2,1
81.78,Buffy ._.,Orange,3918.78,1111.13,1113.85,0,33.0,2141.3,-1477.0,4058.2,1
84.75,Buffy ._.,Orange,-1444.82,2156.1,848.73,0,33.0,1991.3,-1824.8,-1378.6,0
85.85,ceeebzz,Blue,-3808.46,933.19,930.26,1,33.0,432.3,-59.4,-3907.6,0
87.71,Taha (RLCS PRO BLUE TAG),Orange,-3363.11,2879.14,1501.77,0,33.0,2100.3,-1313.2,-3257.9,1
88.75,Taha (RLCS PRO BLUE TAG),Orange,-4274.27,4618.71,575.34,0,33.0,537.8,-379.6,-4311.1,0
89.81,ceeebzz,Blue,-4894.79,921.01,390.9,0,33.0,566.9,225.0,-4993.0,1
92.44,TKO,Blue,-4606.4,577.56,684.82,0,33.0,1447.0,1003.3,-4713.3,0
95.61,Buffy ._.,Orange,252.59,1001.59,854.45,0,33.0,1279.2,-960.5,430.4,1
97.52,Buffy ._.,Orange,-2512.8,1257.93,854.13,0,33.0,2299.2,-1819.3,-2345.9,1
99.35,Buffy ._.,Orange,-4907.52,3232.94,354.75,0,33.0,1833.3,-1142.7,-4871.6,0
101.15,ceeebzz,Blue,-4125.86,361.08,400.76,0,33.0,1782.9,1540.5,-4280.6,0
101.15,Taha (RLCS PRO BLUE TAG),Orange,-4125.86,991.47,382.33,0,33.0,1161.5,-1082.3,-3937.7,0
103.78,TKO,Blue,-3292.16,2553.09,2304.44,1,33.0,1291.8,1290.2,-3396.5,1
105.81,TKO,Blue,121.0,1171.27,1200.58,0,33.0,2049.9,1955.3,3.7,0
107.45,Buffy ._.,Orange,4075.42,1129.56,845.12,0,33.0,484.2,-480.5,4227.4,1
110.51,Buffy ._.,Orange,-175.21,1161.39,1380.44,0,33.0,1938.2,-1937.1,4.9,0
112.15,ceeebzz,Blue,-3343.49,2198.34,316.92,1,33.0,1947.4,1140.3,-3546.1,1
114.65,ceeebzz,Blue,1035.56,676.72,1039.32,0,33.0,1277.5,-1277.5,1129.6,0
115.61,Taha (RLCS PRO BLUE TAG),Orange,2216.69,3921.44,547.81,0,33.0,2015.3,2015.3,2045.9,1
116.78,Taha (RLCS PRO BLUE TAG),Orange,4106.65,3546.91,294.61,0,33.0,2201.0,716.6,4210.0,0
117.11,ceeebzz,Blue,4550.11,3466.77,680.62,0,33.0,1371.4,951.8,4595.4,0
118.74,Buffy ._.,Orange,4596.42,340.02,675.27,0,33.0,1615.1,1603.5,4442.3,1
120.51,Buffy ._.,Orange,4887.4,2206.73,3038.19,1,33.0,687.4,-671.6,5042.4,1
122.51,Buffy ._.,Orange,2766.9,2413.65,2701.62,0,33.0,2205.4,-2190.2,2971.5,1
124.01,Taha (RLCS PRO BLUE TAG),Orange,-788.14,388.53,319.12,0,33.0,1599.1,-1595.6,-787.3,0
124.08,ceeebzz,Blue,-960.91,2050.12,191.99,0,33.0,1398.0,759.2,-1027.7,1
128.74,TKO,Blue,-1856.53,3047.9,334.64,1,33.0,2062.9,1346.1,-1995.2,0
132.97,Buffy ._.,Orange,3812.26,1829.1,857.98,0,33.0,1042.5,-870.6,3996.8,0
134.11,TKO,Blue,3995.96,2514.04,525.89,0,33.0,1035.2,-763.8,4184.4,0
135.27,Buffy ._.,Orange,3127.44,1598.8,604.32,0,33.0,2183.1,-2065.7,3340.8,0
135.37,ceeebzz,Blue,2961.56,2193.41,366.31,0,33.0,1117.9,580.1,2794.4,1
138.34,ceeebzz,Blue,-1241.47,2590.65,374.37,0,33.0,2056.8,-1588.7,-1271.2,0
138.41,Buffy ._.,Orange,-1252.76,2583.66,367.39,0,33.0,2129.5,-1884.8,-1246.2,0
142.94,ceeebzz,Blue,-4977.89,3621.54,1038.51,1,33.0,126.9,-124.4,-4911.7,1
144.61,TKO,Blue,-4477.27,556.97,1468.66,0,33.0,2287.3,-1674.7,-4486.3,0
145.97,Buffy ._.,Orange,-3386.96,3386.11,474.19,0,33.0,910.5,-852.8,-3252.5,0
146.01,TKO,Blue,-3379.22,1705.46,300.84,0,33.0,1778.1,1745.6,-3539.4,0
148.84,Taha (RLCS PRO BLUE TAG),Orange,-676.75,1182.01,541.7,0,33.0,1080.5,-612.8,-539.5,0
148.9,TKO,Blue,-752.03,1989.85,541.7,0,33.0,1694.7,729.8,-966.0,0
151.47,Taha (RLCS PRO BLUE TAG),Orange,-3171.51,4566.36,1347.64,0,33.0,727.4,-727.4,-3287.8,1
154.47,Buffy ._.,Orange,-2556.93,1944.66,1400.79,0,33.0,2281.6,-2092.9,-2356.6,0
154.74,ceeebzz,Blue,-2973.56,2925.5,363.62,0,33.0,1862.3,1550.3,-3100.0,1
157.84,ceeebzz,Blue,954.2,1216.85,1870.51,0,33.0,1996.8,1182.4,889.6,0
159.47,Taha (RLCS PRO BLUE TAG),Orange,4735.33,2498.04,2898.34,0,33.0,1409.8,815.8,4753.3,0
162.17,TKO,Blue,965.07,459.09,552.25,0,33.0,1644.7,-1080.4,908.1,1
163.93,ceeebzz,Blue,1205.13,983.01,192.27,0,33.0,1753.5,1722.7,1028.6,0
167.07,Buffy ._.,Orange,3934.75,2341.6,3088.63,0,33.0,2176.2,934.8,3879.4,1
168.87,Taha (RLCS PRO BLUE TAG),Orange,3309.7,711.98,3992.13,0,33.0,736.1,-678.7,3427.4,1
172.53,Taha (RLCS PRO BLUE TAG),Orange,-650.29,3185.14,2753.14,0,33.0,1485.1,-1414.3,-591.3,1
173.43,Taha (RLCS PRO BLUE TAG),Orange,-1812.13,2519.43,2948.12,0,33.0,1564.4,-1114.5,-1803.5,1
175.2,Taha (RLCS PRO BLUE TAG),Orange,-4363.67,3037.12,728.95,0,33.0,2015.9,-1598.6,-4186.0,0
175.36,TKO,Blue,-4589.85,4576.13,440.37,1,33.0,1304.1,522.8,-4791.4,1
194.53,TKO,Blue,0.0,1458.78,563.13,0,33.0,2287.9,2183.9,-195.0,0
194.56,Buffy ._.,Orange,-5.08,1307.15,356.37,0,33.0,749.9,-265.2,154.7,1
195.43,Taha (RLCS PRO BLUE TAG),Orange,-112.13,286.13,345.73,0,33.0,1833.9,-1833.3,38.9,0
195.46,ceeebzz,Blue,-201.56,306.36,444.38,0,33.0,928.8,928.3,-404.8,1
199.23,ceeebzz,Blue,122.84,3296.85,3039.62,0,33.0,575.9,443.0,54.7,1
202.66,ceeebzz,Blue,3025.7,1972.54,201.8,0,33.0,2073.4,1319.5,2850.7,0
202.76,Taha (RLCS PRO BLUE TAG),Orange,3108.31,1925.96,73.46,0,33.0,2183.3,2170.5,3001.5,1
203.63,Buffy ._.,Orange,4394.53,712.45,765.57,0,33.0,2102.1,-1065.8,4506.6,0
205.53,TKO,Blue,2124.29,799.06,598.62,0,33.0,596.5,-26.0,1895.2,0
205.63,Buffy ._.,Orange,2036.45,973.39,380.83,0,33.0,1989.9,-1577.2,2269.8,1
208.13,Buffy ._.,Orange,-1124.81,2066.91,499.29,0,33.0,2112.1,-104.8,-1099.7,0
209.46,ceeebzz,Blue,-2148.0,988.2,1464.8,0,33.0,1316.2,-1191.1,-2108.9,0
211.66,Buffy ._.,Orange,-3183.44,3500.26,382.36,0,33.0,579.5,28.4,-3014.9,0
211.66,ceeebzz,Blue,-3183.44,2339.32,382.36,0,33.0,1853.6,1787.1,-3387.1,1
213.79,ceeebzz,Blue,-1676.84,1554.96,1222.78,0,33.0,2290.4,1824.2,-1872.9,0
215.52,Taha (RLCS PRO BLUE TAG),Orange,1951.25,2123.19,701.9,0,33.0,1582.7,1194.1,2120.3,0
215.79,ceeebzz,Blue,2302.62,1210.52,429.26,0,33.0,2256.9,1958.7,2140.8,0
219.12,Taha (RLCS PRO BLUE TAG),Orange,4169.41,910.43,2393.02,0,33.0,1426.9,-1401.4,4324.5,1
220.92,Taha (RLCS PRO BLUE TAG),Orange,1574.91,1926.96,1145.41,0,33.0,1613.0,-1510.5,1696.1,0
224.39,TKO,Blue,-3022.24,1902.87,566.86,0,33.0,951.3,783.3,-3180.7,1
226.66,TKO,Blue,-377.09,362.37,748.28,0,33.0,1686.5,1643.5,-475.6,1
227.92,TKO,Blue,1909.27,1491.4,463.06,0,33.0,1896.8,1805.1,1770.2,0
228.19,Taha (RLCS PRO BLUE TAG),Orange,2376.99,2023.08,229.35,0,33.0,2017.0,1147.2,2450.6,0
230.72,ceeebzz,Blue,3459.85,3759.21,475.53,0,33.0,2276.6,1465.3,3227.0,0
230.75,Buffy ._.,Orange,3473.41,611.28,451.77,0,33.0,1648.7,-1075.2,3674.2,1
232.12,Taha (RLCS PRO BLUE TAG),Orange,3736.98,483.83,1784.07,0,33.0,1643.9,-1544.7,3893.6,1
234.59,Buffy ._.,Orange,-938.86,1522.37,1150.1,0,33.0,2279.8,-2074.8,-835.9,0
235.95,TKO,Blue,-4079.72,1044.34,400.32,0,33.0,1365.1,-1291.6,-4056.3,0
236.63,Buffy ._.,Orange,-5195.42,3484.22,572.45,0,33.0,2177.7,-2056.8,-5101.8,0
237.54,ceeebzz,Blue,-5195.42,822.83,677.61,0,33.0,1993.4,-96.7,-5113.2,0
246.05,Buffy ._.,Orange,0.0,1293.5,1298.23,0,33.0,2244.0,-1963.2,137.0,0
248.19,TKO,Blue,-4786.25,1999.29,2383.12,1,33.0,493.8,314.0,-4908.5,1
249.55,TKO,Blue,-3846.29,2822.74,324.79,0,33.0,1357.4,1236.2,-3970.9,1
251.82,TKO,Blue,-1540.79,1808.97,1709.63,0,33.0,1472.3,964.5,-1553.5,1
253.52,TKO,Blue,93.47,1178.12,1930.69,0,33.0,1621.8,1169.0,4.8,0
254.65,Taha (RLCS PRO BLUE TAG),Orange,1611.28,1076.83,553.82,0,33.0,791.0,-644.1,1772.9,1
256.55,Buffy ._.,Orange,12.05,420.05,1393.13,0,33.0,1840.0,-1832.8,119.6,1
257.85,Buffy ._.,Orange,-2410.63,534.16,1207.52,0,33.0,2216.0,-2201.6,-2244.9,0
258.52,ceeebzz,Blue,-3806.87,1328.9,542.34,0,33.0,758.7,-735.5,-4019.3,1
259.95,TKO,Blue,-4193.5,1104.62,2078.71,0,33.0,2055.3,276.2,-4326.6,1
260.75,TKO,Blue,-3153.22,1576.19,1274.07,0,33.0,1820.0,1666.7,-3167.5,1
262.35,TKO,Blue,-1145.99,932.15,369.45,0,33.0,1761.7,1732.5,-1222.2,1
263.12,TKO,Blue,18.48,532.37,880.87,0,33.0,1877.9,1664.2,-74.3,0
264.28,Buffy ._.,Orange,2178.84,2674.27,191.32,0,33.0,1944.8,1814.3,2103.2,0
266.45,ceeebzz,Blue,3213.46,2135.7,2045.11,0,33.0,1937.4,1722.7,3085.2,1
281.38,TKO,Blue,0.0,1389.6,356.43,0,33.0,2276.6,1964.1,-162.4,0
281.38,Buffy ._.,Orange,0.0,1255.29,356.43,0,33.0,2262.6,-2001.1,160.4,0
282.58,ceeebzz,Blue,276.43,1018.97,478.53,0,33.0,2143.9,1894.3,79.8,0
287.91,Taha (RLCS PRO BLUE TAG),Orange,3118.35,1945.49,2180.97,0,33.0,1712.0,-786.6,3275.3,1
289.41,Taha (RLCS PRO BLUE TAG),Orange,1175.38,841.12,532.48,0,33.0,1528.1,-1483.1,1224.8,1
290.58,Taha (RLCS PRO BLUE TAG),Orange,-474.01,1502.82,483.86,0,33.0,1351.1,-1239.8,-429.7,0
291.21,ceeebzz,Blue,-1475.37,1394.13,285.79,0,33.0,1226.3,1216.3,-1414.0,0
292.81,Taha (RLCS PRO BLUE TAG),Orange,-4004.75,1799.8,973.47,0,33.0,2085.4,-1174.4,-3816.0,0
293.24,TKO,Blue,-4684.92,1471.64,634.55,1,33.0,1061.7,-312.7,-4911.2,1
296.14,TKO,Blue,-4202.54,247.81,2184.26,0,33.0,1633.1,1511.3,-4289.4,1
300.04,ceeebzz,Blue,1101.31,676.72,358.13,0,33.0,1277.5,-1277.5,1129.6,1
300.84,TKO,Blue,1804.86,684.2,787.56,0,33.0,1767.5,1690.3,1711.9,1
302.31,TKO,Blue,4206.61,3198.39,928.62,0,33.0,1918.1,691.8,4254.6,1
303.31,TKO,Blue,4607.15,2434.31,749.15,0,33.0,1171.7,519.3,4461.5,0
304.04,Taha (RLCS PRO BLUE TAG),Orange,5022.31,1375.06,317.96,1,33.0,437.4,365.5,5150.1,1
322.21,Taha (RLCS PRO BLUE TAG),Orange,0.0,901.19,580.79,0,33.0,2251.9,-1624.7,185.8,0
322.31,ceeebzz,Blue,-85.54,969.03,309.84,0,33.0,1031.7,-277.1,-205.8,1
323.71,TKO,Blue,-255.54,854.22,2085.99,0,33.0,1896.4,-98.3,-324.6,1
324.68,TKO,Blue,-24.71,1853.94,3797.53,0,33.0,1878.4,242.7,-135.9,0
10.19,no friday rlcs streams :(,Blue,0.0,1450.09,520.02,0,33.0,2261.0,1945.8,-200.8,0
10.26,sxnityy.,Orange,-31.98,1705.37,310.06,0,33.0,481.3,-192.1,130.2,1
13.64,Kay.,Orange,-3892.2,6517.74,645.84,0,33.0,1850.1,-1822.9,-3766.1,0
13.78,TWITCH / N P C R L,Blue,-4048.29,2439.05,228.23,1,33.0,1688.5,1648.1,-4143.9,1
16.53,no friday rlcs streams :(,Blue,-4260.71,2853.88,364.73,1,33.0,1442.3,828.7,-4335.1,1
19.77,no friday rlcs streams :(,Blue,-1687.44,2092.7,2398.88,1,33.0,1161.5,1145.5,-1774.5,1
22.07,no friday rlcs streams :(,Blue,2244.15,2589.96,1647.16,1,33.0,1867.5,1811.2,2019.3,0
23.09,sxnityy.,Orange,3727.03,9999.0,396.1,0,33.0,2291.0,109.4,3776.2,0
24.63,no friday rlcs streams :(,Blue,5028.17,4200.57,731.59,0,33.0,339.8,15.8,5102.7,0
25.98,sxnityy.,Orange,4074.55,3340.26,282.24,1,33.0,2096.8,-1919.6,4262.4,0
26.01,no friday rlcs streams :(,Blue,4049.55,894.58,255.17,0,33.0,1356.9,-882.0,4073.7,1
27.49,TWITCH / N P C R L,Blue,978.87,1132.37,676.65,1,33.0,2291.2,-1843.8,1054.1,1
30.91,TWITCH / N P C R L,Blue,-4380.75,5912.57,416.15,1,33.0,140.1,99.0,-4561.9,1
32.39,TWITCH / N P C R L,Blue,-3276.08,5776.94,1645.16,0,33.0,1028.8,995.7,-3462.0,1
34.4,TWITCH / N P C R L,Blue,-195.23,2730.47,1631.32,0,33.0,1801.0,1681.2,-283.9,1
35.68,TWITCH / N P C R L,Blue,1928.9,1764.65,1728.33,0,33.0,1991.2,1887.8,1778.8,0
36.86,Kay.,Orange,4642.91,1318.37,547.17,1,33.0,2124.3,292.2,4772.7,1
39.78,sxnityy.,Orange,2769.27,404.84,412.91,1,33.0,1006.0,-904.5,2981.1,0
42.11,no friday rlcs streams :(,Blue,1869.39,2389.14,507.62,0,33.0,1421.8,1421.7,1703.4,0
42.14,sxnityy.,Orange,1957.52,2804.13,459.83,0,33.0,519.1,-372.2,2155.4,1
44.11,Kay.,Orange,2394.94,1075.07,1857.09,0,33.0,1964.7,-1889.9,2505.7,1
50.7,sxnityy.,Orange,-320.92,3921.39,806.47,1,33.0,2283.2,-2279.7,-139.2,0
50.84,TWITCH / N P C R L,Blue,-533.44,2982.45,323.7,0,33.0,2027.8,2025.8,-649.0,0
56.53,sxnityy.,Orange,26.14,5673.54,622.04,0,33.0,1391.6,1372.8,-51.0,0
59.92,no friday rlcs streams :(,Blue,-823.87,2047.5,1955.19,1,33.0,508.9,495.6,-1045.2,0
60.66,Kay.,Orange,293.89,1396.34,830.69,0,33.0,1579.9,-1301.0,501.3,1
64.48,Kay.,Orange,-5002.9,5223.99,1141.91,0,33.0,2142.5,-1553.5,-4818.3,0
65.84,TWITCH / N P C R L,Blue,-4003.57,2576.04,851.01,0,33.0,2074.3,933.7,-4071.7,1
66.72,TWITCH / N P C R L,Blue,-3137.64,3235.22,1252.66,0,33.0,2030.7,1099.0,-3145.7,1
68.01,no friday rlcs streams :(,Blue,-2104.86,1709.01,1423.06,0,33.0,2288.4,1958.0,-2200.2,0
71.19,sxnityy.,Orange,4231.06,3655.54,3321.36,0,33.0,2024.5,-509.5,4350.0,1
72.35,sxnityy.,Orange,3383.1,3652.81,1235.71,0,33.0,1967.1,-1961.8,3536.1,1
73.36,sxnityy.,Orange,2369.14,2137.19,1704.16,0,33.0,1182.3,-831.4,2337.9,0
74.91,TWITCH / N P C R L,Blue,738.73,508.09,445.97,0,33.0,2288.6,1076.7,601.7,1
78.2,TWITCH / N P C R L,Blue,-195.35,8056.19,706.76,0,33.0,105.1,105.0,-284.7,0
78.3,sxnityy.,Orange,-153.23,775.2,392.78,0,33.0,2261.4,286.3,-111.8,0
80.4,TWITCH / N P C R L,Blue,1473.25,4118.92,939.89,0,33.0,2024.0,1677.4,1255.8,0
81.45,Kay.,Orange,3878.44,2496.27,518.71,1,33.0,2245.9,1747.4,3818.9,0
84.46,no friday rlcs streams :(,Blue,883.07,4232.62,4455.56,1,33.0,37.7,36.6,712.4,1
86.36,no friday rlcs streams :(,Blue,1404.25,2305.29,2588.94,0,33.0,842.0,708.4,1277.0,1
87.54,no friday rlcs streams :(,Blue,2520.31,2978.75,1392.29,0,33.0,1327.1,1152.5,2311.7,0
88.18,sxnityy.,Orange,3142.24,2338.37,362.35,0,33.0,895.6,-729.6,3379.6,1
90.25,Kay.,Orange,2556.96,1343.94,744.96,1,33.0,2299.9,-1356.9,2745.9,0
94.65,TWITCH / N P C R L,Blue,-4455.53,6241.26,1224.53,0,33.0,1447.4,1413.4,-4597.6,1
96.88,TWITCH / N P C R L,Blue,-931.23,2855.73,2735.36,0,33.0,1609.9,1517.7,-1137.8,0
98.95,Kay.,Orange,2973.91,1717.25,557.79,1,33.0,1174.2,675.9,3147.3,0
101.58,no friday rlcs streams :(,Blue,3802.05,2168.28,581.98,1,33.0,2267.4,1758.0,3623.4,0
101.68,sxnityy.,Orange,4000.42,2567.44,237.34,0,33.0,1367.9,-1283.6,4009.1,1
103.17,Kay.,Orange,4395.11,3633.25,2452.29,1,33.0,1773.9,-1381.7,4539.2,1
104.96,sxnityy.,Orange,-636.19,2760.9,1259.87,0,33.0,2248.6,-1361.7,-513.3,0
107.5,TWITCH / N P C R L,Blue,-4077.24,955.84,2097.47,1,33.0,1104.1,760.1,-4036.0,1
108.69,no friday rlcs streams :(,Blue,-2753.75,112.72,2236.14,0,33.0,1455.1,1397.4,-2866.6,1
109.67,no friday rlcs streams :(,Blue,-1250.72,154.55,2078.15,0,33.0,1713.5,1648.0,-1372.1,1
110.1,TWITCH / N P C R L,Blue,-472.66,126.04,905.96,0,33.0,2299.8,2002.0,-559.7,0
110.37,Kay.,Orange,-60.9,5741.0,187.49,0,33.0,1689.0,-829.8,61.0,1
113.56,sxnityy.,Orange,711.95,870.68,806.11,0,33.0,1754.9,-1219.8,842.4,1
116.29,Kay.,Orange,-3988.95,1562.8,231.44,0,33.0,2201.8,-2196.8,-3824.4,0
116.33,TWITCH / N P C R L,Blue,-4076.55,1265.1,245.56,0,33.0,1286.2,-1145.9,-4006.6,1
119.54,no friday rlcs streams :(,Blue,-723.88,2396.08,1258.97,0,33.0,1272.7,1272.7,-759.5,1
121.84,TWITCH / N P C R L,Blue,1991.64,181.32,224.33,0,33.0,2128.4,2128.4,1831.6,0
121.84,Kay.,Orange,1991.64,2441.51,224.33,0,33.0,2091.5,406.8,1941.2,1
123.53,sxnityy.,Orange,4922.64,504.68,1725.84,1,33.0,163.5,-24.6,5089.4,1
125.05,sxnityy.,Orange,4404.57,2429.05,1200.72,1,33.0,1745.7,-1355.6,4520.9,1
128.4,Kay.,Orange,-26.19,1497.8,2157.1,1,33.0,1939.4,-1718.7,51.7,1
148.78,Kay.,Orange,13.57,1552.77,362.08,0,33.0,2273.4,-1678.8,188.3,0
148.78,TWITCH / N P C R L,Blue,13.57,1858.92,362.08,0,33.0,2007.5,1763.5,-159.4,1
149.63,no friday rlcs streams :(,Blue,-22.57,634.77,679.25,1,33.0,2258.7,2211.1,-271.3,0
149.76,sxnityy.,Orange,247.59,340.58,474.96,0,33.0,2274.9,-1567.9,421.1,1
149.87,Kay.,Orange,292.47,291.87,415.56,1,33.0,725.1,319.0,470.6,1
153.88,Kay.,Orange,-703.65,488.16,2328.41,1,33.0,902.6,-762.5,-558.9,1
155.78,sxnityy.,Orange,-3487.52,1000.14,1808.89,0,33.0,1294.7,1292.3,-3689.2,0
158.92,TWITCH / N P C R L,Blue,-515.75,1095.45,1175.04,0,33.0,2293.3,2118.0,-641.0,1
159.7,TWITCH / N P C R L,Blue,885.0,891.45,275.83,0,33.0,1740.4,1737.2,827.4,0
161.53,sxnityy.,Orange,4830.59,2088.97,555.29,1,33.0,1944.2,1074.8,4974.3,0
161.63,TWITCH / N P C R L,Blue,4941.76,2922.48,406.49,0,33.0,2280.3,2211.5,4702.5,1
162.84,no friday rlcs streams :(,Blue,3457.19,1289.16,577.3,0,33.0,1135.8,954.3,3344.9,0
162.91,sxnityy.,Orange,3514.65,1760.58,445.92,0,33.0,1855.6,-1813.6,3661.0,1
166.97,sxnityy.,Orange,-4261.14,2446.74,1198.49,0,33.0,2281.4,-2153.4,-4174.1,0
168.02,TWITCH / N P C R L,Blue,-4758.81,2779.41,1181.49,1,33.0,1270.1,-390.9,-4624.0,0
178.42,Kay.,Orange,16.54,1258.49,335.32,0,33.0,2277.8,-2274.7,188.4,0
178.42,TWITCH / N P C R L,Blue,16.54,847.48,335.32,0,33.0,681.3,482.3,-145.0,0
179.13,sxnityy.,Orange,-90.44,201.09,323.41,0,33.0,2053.8,-1562.0,71.7,0
179.27,no friday rlcs streams :(,Blue,-230.59,216.61,236.2,0,33.0,2288.7,2166.6,-296.6,0
182.77,Kay.,Orange,-3633.37,4121.67,572.0,0,33.0,866.2,-866.1,-3505.2,0
182.9,TWITCH / N P C R L,Blue,-3829.34,3175.44,347.8,1,33.0,1669.4,-880.8,-3853.6,1
184.09,TWITCH / N P C R L,Blue,-4918.07,2598.46,1188.82,1,33.0,1617.9,-935.9,-4956.5,1
185.31,TWITCH / N P C R L,Blue,-3947.89,1017.79,1514.69,0,33.0,1391.6,1129.4,-4120.7,1
188.16,TWITCH / N P C R L,Blue,212.29,875.28,615.92,0,33.0,1756.2,1523.5,131.7,1
190.19,TWITCH / N P C R L,Blue,2939.38,2720.6,2202.18,0,33.0,1787.1,1599.8,2857.0,0
191.3,sxnityy.,Orange,4854.34,500.7,600.83,0,33.0,819.1,-635.6,4898.6,1
191.47,Kay.,Orange,5111.31,423.31,659.87,1,33.0,681.8,-400.1,5214.9,1
193.54,Kay.,Orange,3480.54,2487.32,708.76,0,33.0,2245.6,-2037.1,3656.5,0
195.05,no friday rlcs streams :(,Blue,-97.24,1358.9,645.79,0,33.0,2217.6,-2033.0,-79.4,0
196.3,Kay.,Orange,-1964.2,2646.17,600.77,0,33.0,1898.3,-1804.8,-1914.3,0
198.74,no friday rlcs streams :(,Blue,-4204.25,2837.05,1146.38,1,33.0,1799.7,1100.3,-4293.7,0
200.93,sxnityy.,Orange,138.7,1184.49,479.63,0,33.0,1453.7,1351.8,228.4,0
202.8,TWITCH / N P C R L,Blue,3022.91,1199.16,1401.37,0,33.0,2288.9,1571.7,2915.1,1
203.68,TWITCH / N P C R L,Blue,4475.05,1274.81,2213.84,0,33.0,2194.0,1693.4,4294.6,0
205.43,sxnityy.,Orange,4710.99,199.91,605.37,0,33.0,789.3,787.0,4663.0,1
205.5,Kay.,Orange,4701.23,44.75,674.49,1,33.0,1315.9,-684.2,4767.7,1
207.94,sxnityy.,Orange,4479.96,620.01,852.94,1,33.0,847.1,19.1,4486.8,0
209.05,TWITCH / N P C R L,Blue,3775.76,3766.55,538.47,0,33.0,891.6,-9.1,3672.5,1
213.11,no friday rlcs streams :(,Blue,4495.18,589.68,1024.33,0,33.0,1000.6,884.3,4297.6,0
215.04,Kay.,Orange,4653.67,954.04,2127.39,1,33.0,1407.2,-1085.7,4747.1,1
216.68,sxnityy.,Orange,2591.12,582.77,402.7,0,33.0,2039.1,-796.5,2660.5,0
216.75,TWITCH / N P C R L,Blue,2505.78,1314.43,250.2,0,33.0,617.2,-468.5,2402.7,0
218.96,sxnityy.,Orange,1813.78,2951.88,812.86,0,33.0,1253.7,98.1,1917.0,0
220.0,TWITCH / N P C R L,Blue,522.82,598.43,1238.86,0,33.0,2032.8,-1395.0,755.9,1
223.69,TWITCH / N P C R L,Blue,-4117.55,2189.65,2211.95,1,33.0,253.2,185.2,-4197.9,1
225.14,TWITCH / N P C R L,Blue,-4017.5,2791.54,1429.32,1,33.0,753.0,106.1,-4185.4,0
227.95,Kay.,Orange,-2170.64,2896.08,377.35,0,33.0,2294.1,-1813.1,-2012.8,1
231.06,sxnityy.,Orange,-3595.75,1265.74,2424.44,0,33.0,1590.6,-1587.4,-3543.0,0
232.79,no friday rlcs streams :(,Blue,-4506.57,964.42,306.25,0,33.0,708.4,692.0,-4684.7,0
232.82,sxnityy.,Orange,-4495.02,2435.25,220.24,0,33.0,1711.2,987.8,-4545.9,1
236.3,Kay.,Orange,-2980.79,3693.29,199.21,0,33.0,2008.5,-1863.2,-2922.5,0
239.41,no friday rlcs streams :(,Blue,-3825.9,1693.02,936.64,1,33.0,1879.4,1823.8,-3934.5,1
244.07,TWITCH / N P C R L,Blue,4775.08,3012.28,222.93,0,33.0,850.8,-349.2,4800.5,1
245.8,no friday rlcs streams :(,Blue,3975.38,283.27,499.11,0,33.0,1701.9,1608.2,3829.3,0
245.83,Kay.,Orange,4024.55,964.38,390.83,0,33.0,1368.0,-76.5,4145.0,0
247.05,TWITCH / N P C R L,Blue,2921.11,1411.29,1524.64,0,33.0,724.1,720.7,2716.1,1
248.48,no friday rlcs streams :(,Blue,4605.0,1492.78,1014.89,0,33.0,104.7,-102.8,4766.8,0
249.32,sxnityy.,Orange,4962.33,701.34,268.99,0,33.0,1802.8,1313.0,4966.4,0
249.39,TWITCH / N P C R L,Blue,4988.0,956.09,154.02,0,33.0,1670.3,1645.2,4850.5,0
250.5,Kay.,Orange,4542.61,1097.68,1593.86,0,33.0,1879.3,-664.7,4732.8,0
251.81,no friday rlcs streams :(,Blue,4081.6,613.48,448.67,0,33.0,2223.7,341.8,4062.9,0
252.07,sxnityy.,Orange,3992.23,1472.9,461.51,0,33.0,1409.9,-788.5,4160.3,1
254.39,sxnityy.,Orange,1615.61,878.15,416.57,0,33.0,1350.7,-1348.9,1814.6,0
254.43,no friday rlcs streams :(,Blue,1596.77,2015.38,386.62,0,33.0,371.5,370.8,1428.1,1
256.98,TWITCH / N P C R L,Blue,-957.07,1002.82,1013.93,0,33.0,2299.5,541.6,-1013.5,0
258.72,Kay.,Orange,-1267.86,456.02,794.14,0,33.0,2029.6,-1936.1,-1027.5,0
262.14,no friday rlcs streams :(,Blue,-4273.09,3830.15,2117.34,1,33.0,953.3,927.3,-4468.8,1
263.7,no friday rlcs streams :(,Blue,-2775.89,2258.91,571.43,1,33.0,1345.2,1280.9,-2807.2,0
263.84,Kay.,Orange,-2603.12,1354.95,326.02,0,33.0,2283.3,-1878.0,-2387.5,1
266.93,Kay.,Orange,-3887.89,1387.7,375.63,0,33.0,1092.8,902.4,-3866.2,0
269.04,no friday rlcs streams :(,Blue,-3292.66,789.02,748.81,0,33.0,788.2,788.2,-3404.5,0
271.95,sxnityy.,Orange,797.17,2469.86,421.17,0,33.0,1491.1,184.9,955.9,1
273.82,Kay.,Orange,288.16,2243.78,824.93,0,33.0,2081.3,-2063.2,409.3,0
275.74,TWITCH / N P C R L,Blue,-4518.61,2829.5,1261.25,1,33.0,1870.5,-1783.3,-4532.9,0
278.4,Kay.,Orange,-1799.55,1002.63,286.95,0,33.0,2272.5,315.6,-1740.9,0
278.43,no friday rlcs streams :(,Blue,-1773.05,1253.02,187.57,0,33.0,2033.7,1884.8,-1853.5,1
280.95,no friday rlcs streams :(,Blue,1366.25,1215.84,329.05,0,33.0,1949.6,553.4,1263.2,0
280.95,sxnityy.,Orange,1366.25,823.7,329.05,0,33.0,2021.6,-1910.8,1588.0,1
283.79,sxnityy.,Orange,713.39,897.31,580.49,0,33.0,1433.3,1395.0,699.2,0
286.3,no friday rlcs streams :(,Blue,-1800.72,1538.88,841.35,1,33.0,910.1,297.5,-1978.7,1
288.95,no friday rlcs streams :(,Blue,1898.95,1719.52,281.82,0,33.0,1963.0,1958.4,1802.4,0
289.01,Kay.,Orange,2069.8,1660.42,146.5,0,33.0,1082.3,605.2,2076.5,0
290.57,no friday rlcs streams :(,Blue,4636.24,2262.55,910.03,0,33.0,1666.0,1666.0,4451.8,0
292.05,sxnityy.,Orange,4981.75,2434.4,2573.44,1,33.0,1169.9,-0.3,5103.0,1
294.16,sxnityy.,Orange,3877.38,2129.81,1725.12,0,33.0,1508.7,-1153.0,3969.7,1
296.15,Kay.,Orange,3135.19,933.26,1557.18,0,33.0,1406.3,-1367.0,3268.8,0
297.92,TWITCH / N P C R L,Blue,-160.37,2773.65,768.67,0,33.0,1636.7,1357.9,-303.1,0
298.67,Kay.,Orange,1405.68,2294.54,1010.93,1,33.0,986.4,986.4,1576.0,0
302.36,no friday rlcs streams :(,Blue,812.25,1265.21,407.37,0,33.0,197.6,-4.3,672.0,1
303.89,no friday rlcs streams :(,Blue,1482.62,378.98,1541.32,0,33.0,1013.8,826.0,1255.5,0
305.25,sxnityy.,Orange,3778.25,3604.02,1075.76,1,33.0,1896.0,1704.5,3774.1,1
306.16,sxnityy.,Orange,4908.86,3810.76,1141.17,1,33.0,1179.5,-18.1,5097.6,0
307.01,no friday rlcs streams :(,Blue,4662.45,3068.65,334.3,0,33.0,1151.7,915.8,4529.3,0
308.78,sxnityy.,Orange,2296.53,2220.15,451.95,0,33.0,1952.6,-1942.1,2423.2,1
309.59,sxnityy.,Orange,647.58,1823.24,995.13,0,33.0,2188.2,-2033.0,715.5,0
10.47,Taha (RLCS PRO BLUE TAG),Blue,-13.58,1255.71,321.15,0,33.0,810.1,611.8,-162.2,0
10.47,frosty,Orange,-13.58,1474.01,321.15,0,33.0,1091.7,-682.5,130.4,0
13.14,Taha (RLCS PRO BLUE TAG),Blue,475.74,1473.59,2300.21,1,33.0,1006.2,896.1,276.1,1
14.41,Taha (RLCS PRO BLUE TAG),Blue,1800.02,1645.9,1044.78,1,33.0,1477.6,1475.0,1666.0,0
14.74,frosty,Orange,2286.13,3161.47,243.19,0,33.0,1355.6,-1330.9,2359.7,0
26.71,Comm,Blue,-51.65,1369.82,343.76,0,33.0,2282.6,2282.4,-210.8,0
26.71,noly,Orange,-51.65,926.57,343.76,0,33.0,1966.4,-1964.7,132.9,1
31.07,frosty,Orange,4067.27,4420.62,2865.08,1,33.0,1269.8,153.6,4183.2,1
32.14,frosty,Orange,3202.33,3085.41,461.77,1,33.0,2170.9,-1375.4,3433.2,0
32.6,Comm,Blue,2570.18,2266.35,202.09,0,33.0,2294.1,-2155.3,2743.7,0
33.94,noly,Orange,359.27,3886.44,675.44,0,33.0,1460.7,514.1,351.3,1
35.27,noly,Orange,63.79,1668.04,2240.41,0,33.0,44.6,-44.4,159.9,1
37.6,noly,Orange,-252.64,1724.87,701.36,0,33.0,401.0,-271.0,-134.7,1
38.67,noly,Orange,-792.21,1856.76,697.54,0,33.0,1492.9,-1013.2,-666.8,1
40.17,noly,Orange,-2769.1,2731.31,918.07,0,33.0,2103.8,-1737.4,-2570.3,0
41.1,Comm,Blue,-4676.74,764.08,363.92,1,33.0,1497.0,-1049.1,-4588.7,0
41.37,noly,Orange,-5005.99,4985.97,100.8,0,33.0,1997.7,-1872.8,-4853.9,1
43.14,frosty,Orange,-3691.89,1716.37,1384.57,0,33.0,2297.2,-2296.9,-3541.1,0
53.76,Comm,Blue,27.95,1329.71,306.89,0,33.0,661.3,397.4,-120.6,0
53.76,noly,Orange,27.95,1307.56,306.89,0,33.0,412.7,-401.0,179.8,0
57.12,Taha (RLCS PRO BLUE TAG),Blue,-1874.09,965.4,681.62,0,33.0,1258.8,24.6,-1893.2,0
59.69,frosty,Orange,-1721.49,3964.6,2083.46,0,33.0,1482.8,51.6,-1672.6,0
61.52,Comm,Blue,-2467.29,1809.69,546.79,0,33.0,1816.7,1080.1,-2532.0,0
62.92,noly,Orange,-1147.47,1361.16,459.07,0,33.0,2138.8,-1838.9,-1088.3,0
62.99,Comm,Blue,-1135.11,1670.89,300.61,0,33.0,1744.6,468.3,-1246.4,0
65.26,frosty,Orange,1235.46,910.46,2165.53,0,33.0,2259.8,2021.8,1045.0,1
67.09,frosty,Orange,4910.74,4046.42,3431.07,1,33.0,2245.3,2083.3,4730.0,1
68.89,frosty,Orange,4342.14,2445.97,1537.69,1,33.0,1489.0,-1139.9,4457.8,1
70.69,frosty,Orange,1970.86,1115.24,705.03,0,33.0,2207.0,-1361.1,2050.4,0
70.99,Comm,Blue,1673.3,392.54,134.48,0,33.0,2055.5,2054.2,1580.2,0
73.02,noly,Orange,4246.7,2545.75,1047.39,1,33.0,1553.0,-1377.9,4414.6,1
74.95,noly,Orange,1060.49,1527.48,923.7,0,33.0,2099.3,-1806.9,1256.9,1
76.35,noly,Orange,-930.94,1094.66,286.58,0,33.0,1534.5,-1358.8,-924.4,0
80.39,Comm,Blue,-4728.7,3480.35,1281.69,1,33.0,334.5,-312.5,-4805.4,0
81.79,frosty,Orange,-4576.24,3677.87,624.07,0,33.0,2299.8,-1785.7,-4492.7,0
81.92,Comm,Blue,-4641.91,1539.25,447.97,1,33.0,828.9,774.6,-4729.0,1
86.28,Comm,Blue,-663.29,2743.3,1812.71,0,33.0,1457.7,1169.9,-847.1,1
87.25,Comm,Blue,439.5,3092.23,1142.4,0,33.0,1998.0,1301.6,330.6,0
87.85,frosty,Orange,1217.54,1792.49,137.02,0,33.0,621.4,621.4,1393.1,1
90.92,noly,Orange,1247.76,2243.34,1180.13,0,33.0,2290.7,-2126.3,1432.8,0
91.65,Comm,Blue,-729.25,1907.92,1069.81,0,33.0,765.7,-471.7,-861.6,0
94.28,frosty,Orange,-2572.59,2145.09,1721.56,0,33.0,501.6,-256.3,-2478.9,0
95.82,Taha (RLCS PRO BLUE TAG),Blue,-4561.55,1218.34,1795.05,1,33.0,1322.2,599.8,-4688.1,0
99.58,noly,Orange,-1056.26,637.4,836.11,0,33.0,854.2,408.4,-881.0,0
99.95,Comm,Blue,-835.28,2050.78,364.04,0,33.0,1967.4,1967.3,-942.5,1
101.35,Comm,Blue,-75.92,2600.49,663.77,0,33.0,478.9,-12.5,7.3,0
102.75,frosty,Orange,253.54,2785.6,578.53,0,33.0,808.2,-672.6,404.8,0
105.41,Comm,Blue,-3062.7,2869.39,2061.03,1,33.0,1941.9,-253.0,-3115.6,1
107.65,Comm,Blue,-3725.72,3280.09,1899.96,1,33.0,1669.2,180.8,-3730.4,0
109.61,frosty,Orange,-2770.65,1794.8,455.68,0,33.0,2296.5,-2294.0,-2572.7,1
112.38,noly,Orange,-3977.52,1988.4,1393.83,0,33.0,1871.8,-1477.2,-3828.2,0
113.35,Taha (RLCS PRO BLUE TAG),Blue,-5210.59,547.67,282.61,0,33.0,1952.9,1923.5,-5044.8,0
123.08,frosty,Orange,0.0,1544.56,446.37,0,33.0,2267.3,-1799.1,172.6,0
123.12,Taha (RLCS PRO BLUE TAG),Blue,-17.45,1323.52,385.72,0,33.0,762.6,703.7,-189.5,0
123.98,noly,Orange,-53.72,732.62,1276.86,0,33.0,44.6,-44.4,159.9,1
125.08,noly,Orange,-161.12,339.33,1825.92,0,33.0,2300.0,-165.4,-63.5,0
129.71,Comm,Blue,-2871.92,1356.67,413.87,0,33.0,1505.6,1383.9,-3009.3,0
131.45,frosty,Orange,463.99,1308.76,510.75,0,33.0,1540.0,-324.2,601.3,1
133.25,frosty,Orange,53.14,870.92,815.95,0,33.0,1572.0,-432.5,138.7,1
135.05,frosty,Orange,-1735.95,824.17,1267.2,0,33.0,2193.9,-1759.1,-1529.9,0
136.65,Taha (RLCS PRO BLUE TAG),Blue,-4785.68,969.3,468.17,0,33.0,1687.4,-1180.7,-4849.9,0
136.68,frosty,Orange,-4796.48,3363.04,388.81,0,33.0,2130.0,-2125.9,-4725.1,0
138.25,Comm,Blue,-4408.4,1200.01,1307.45,0,33.0,1534.0,1084.9,-4544.2,1
140.71,Comm,Blue,-197.75,2640.64,66.23,0,33.0,2054.4,1965.4,-301.4,1
143.28,Comm,Blue,3278.21,2492.39,734.29,0,33.0,1623.8,1457.6,3224.8,0
144.24,noly,Orange,4494.31,2782.88,910.41,1,33.0,729.5,156.8,4591.6,0
145.58,Taha (RLCS PRO BLUE TAG),Blue,3899.89,1449.59,927.25,0,33.0,1956.8,1147.7,3710.1,0
146.91,noly,Orange,4824.32,1972.83,521.91,1,33.0,1956.3,-458.0,4850.7,0
147.01,Taha (RLCS PRO BLUE TAG),Blue,4698.75,2355.04,315.47,0,33.0,640.8,147.9,4630.8,0
152.91,frosty,Orange,2077.22,1369.24,947.67,0,33.0,1415.2,-1404.9,2171.5,1
154.14,frosty,Orange,-217.06,908.32,894.32,0,33.0,2237.6,-2231.6,-53.3,0
155.01,Taha (RLCS PRO BLUE TAG),Blue,-1780.89,656.56,278.92,0,33.0,1725.1,-1500.0,-1956.6,1
155.64,Comm,Blue,-2877.29,260.85,385.79,1,33.0,362.1,-344.9,-3032.2,1
156.97,Comm,Blue,-2794.75,1275.48,1399.52,0,33.0,903.0,346.1,-2846.1,0
157.54,noly,Orange,-2645.8,2883.5,256.67,0,33.0,2229.4,-1853.2,-2567.9,0
158.74,Comm,Blue,-2316.48,583.83,1389.32,0,33.0,705.7,381.6,-2510.2,1
161.21,Comm,Blue,-455.46,437.48,637.08,0,33.0,1752.7,1627.1,-596.5,1
162.21,Taha (RLCS PRO BLUE TAG),Blue,398.06,734.49,248.34,0,33.0,873.8,733.3,308.6,0
163.64,noly,Orange,2074.64,352.94,562.46,0,33.0,1362.4,1346.2,2020.4,1
165.34,noly,Orange,4159.02,2571.39,1652.53,1,33.0,2069.5,194.9,4104.5,1
166.44,noly,Orange,4083.8,2560.36,1813.26,1,33.0,462.0,-37.7,4143.8,1
167.67,noly,Orange,3536.29,1194.13,2729.06,0,33.0,1338.5,-1257.1,3718.3,1
169.64,noly,Orange,567.16,583.85,1827.35,0,33.0,1951.8,-1903.8,706.5,0
171.9,Comm,Blue,-4042.8,747.12,476.4,0,33.0,1072.4,542.4,-4278.0,1
173.67,Taha (RLCS PRO BLUE TAG),Blue,-2031.03,1129.84,919.02,0,33.0,2087.2,1931.1,-2178.8,1
176.7,Taha (RLCS PRO BLUE TAG),Blue,4270.23,3658.15,840.61,0,33.0,2190.0,1988.0,4249.6,1
178.9,Comm,Blue,1746.91,1561.23,770.11,0,33.0,1986.5,1916.5,1524.2,0
181.37,frosty,Orange,3121.05,2087.43,2136.91,1,33.0,766.3,-607.6,2931.7,1
183.47,frosty,Orange,1135.32,1061.94,1145.55,0,33.0,1254.2,-1220.9,1187.1,1
184.54,frosty,Orange,-468.39,702.26,282.31,0,33.0,1459.0,-1425.7,-250.1,0
184.54,Taha (RLCS PRO BLUE TAG),Blue,-468.39,980.26,282.31,0,33.0,830.8,-830.8,-500.7,0
188.37,noly,Orange,861.89,872.14,1759.85,0,33.0,1641.6,-513.1,999.4,0
190.0,Comm,Blue,-1528.91,2211.13,244.04,0,33.0,1247.2,-1247.2,-1553.1,1
191.07,Comm,Blue,-2460.62,2075.72,2363.79,0,33.0,1351.7,-174.4,-2515.4,1
192.67,Taha (RLCS PRO BLUE TAG),Blue,-3009.65,1032.29,1637.6,1,33.0,1049.9,920.0,-3141.1,0
195.7,frosty,Orange,1459.49,1125.47,1137.47,0,33.0,1674.1,-962.2,1566.5,1
197.2,frosty,Orange,147.42,1244.35,1216.04,0,33.0,1098.4,-1098.4,250.6,0
200.07,Comm,Blue,-3870.73,1812.38,377.01,0,33.0,1735.5,-1002.0,-3977.7,0
212.48,noly,Orange,1.39,1729.68,423.42,0,33.0,1063.1,-765.6,139.5,0
212.51,Comm,Blue,4.64,1260.41,306.24,0,33.0,778.6,139.8,-143.0,1
213.71,Taha (RLCS PRO BLUE TAG),Blue,-283.18,1226.89,709.63,0,33.0,1612.7,1488.0,-430.1,1
214.48,Taha (RLCS PRO BLUE TAG),Blue,906.31,153.88,798.73,0,33.0,2145.8,2145.7,1100.5,1
215.74,Comm,Blue,2867.48,753.36,851.58,0,33.0,1942.2,1797.2,2746.7,0
216.14,frosty,Orange,3721.11,2027.43,550.4,0,33.0,1915.8,1754.8,3880.4,1
227.16,frosty,Orange,0.0,1372.39,537.21,0,33.0,2264.0,-1782.8,185.9,0
227.19,Taha (RLCS PRO BLUE TAG),Blue,-13.0,1240.03,367.25,0,33.0,2267.7,1993.5,-141.3,0
228.06,noly,Orange,94.21,1288.54,423.81,0,33.0,2079.9,-938.2,204.8,0
229.66,Comm,Blue,-1231.24,794.09,934.89,0,33.0,2266.2,2233.4,-1279.7,0
232.23,noly,Orange,-2456.76,2671.02,876.62,0,33.0,1740.3,-993.2,-2363.4,0
233.99,Comm,Blue,-4546.17,1318.43,390.87,0,33.0,2050.5,1177.1,-4723.3,0
234.02,frosty,Orange,-4557.97,186.96,371.7,0,33.0,1357.0,780.5,-4453.8,0
236.79,Comm,Blue,-3140.16,1545.4,425.87,0,33.0,2292.2,-2107.3,-2977.8,0
236.99,frosty,Orange,-2941.16,1599.76,77.92,0,33.0,1414.6,62.1,-2902.1,0
241.46,Taha (RLCS PRO BLUE TAG),Blue,-4345.83,702.8,436.81,0,33.0,1503.6,895.4,-4442.4,0
244.26,noly,Orange,-3077.6,2703.53,1420.26,0,33.0,1291.2,-1290.1,-2915.2,0
244.62,Comm,Blue,-3638.52,2150.44,676.08,0,33.0,1422.3,1244.4,-3759.2,0
256.28,noly,Orange,0.0,1395.73,630.54,0,33.0,2283.5,-2182.4,188.2,0
256.45,Comm,Blue,-373.52,905.69,388.72,0,33.0,210.3,196.6,-511.1,1
259.78,Taha (RLCS PRO BLUE TAG),Blue,-4535.79,1455.11,1198.33,1,33.0,1473.8,-852.9,-4560.1,0
261.81,frosty,Orange,-1653.05,1937.92,1819.04,0,33.0,689.0,-681.5,-1487.1,1
263.75,noly,Orange,-3077.06,481.73,2142.82,0,33.0,2288.8,-1282.9,-2978.9,0
264.45,Taha (RLCS PRO BLUE TAG),Blue,-5102.65,2469.35,156.71,1,33.0,231.9,143.6,-5111.9,0
10.01,ϟslark,Orange,0.0,1972.66,443.86,0,33.0,2256.1,-2019.5,234.4,0
10.01,surreal,Blue,0.0,2006.22,443.86,0,33.0,2269.3,1835.8,-170.2,0
13.44,Taha (RLCS PRO BLUE TAG),Orange,-825.02,1624.34,4134.8,0,33.0,1179.5,-933.2,-722.2,0
14.74,hurdle,Blue,-2516.27,2476.86,544.84,0,33.0,2223.4,1418.9,-2713.8,0
14.84,Taha (RLCS PRO BLUE TAG),Orange,-2474.68,3533.93,367.66,0,33.0,1172.2,-1154.4,-2280.9,1
16.27,ϟslark,Orange,-2340.12,424.02,481.39,0,33.0,2093.0,-1422.9,-2167.4,0
16.37,surreal,Blue,-2444.32,336.95,401.76,1,33.0,1688.7,1220.6,-2615.2,0
19.54,Taha (RLCS PRO BLUE TAG),Orange,2498.25,1294.08,60.28,0,33.0,1924.1,1713.9,2571.7,1
21.01,ϟslark,Orange,2576.01,2211.82,960.78,0,33.0,2288.2,-1356.5,2685.3,0
24.37,hurdle,Blue,-4659.88,1627.04,1812.52,1,33.0,1838.3,-1222.8,-4600.2,0
25.84,ϟslark,Orange,-3869.68,3221.34,999.73,0,33.0,1612.2,-297.2,-3779.5,0
28.84,surreal,Blue,-3950.74,2984.94,234.02,1,33.0,1506.7,933.8,-4161.7,1
30.3,surreal,Blue,-3386.76,1886.72,1741.31,0,33.0,982.1,469.3,-3436.2,1
34.3,surreal,Blue,-480.81,1110.16,843.03,0,33.0,822.8,746.6,-663.7,1
35.64,surreal,Blue,752.02,1261.6,562.45,0,33.0,1476.7,1474.8,536.3,0
35.77,Taha (RLCS PRO BLUE TAG),Orange,916.71,1768.23,449.1,0,33.0,206.7,206.4,1114.3,0
39.07,hurdle,Blue,-310.72,5702.81,3500.07,1,33.0,2260.3,48.6,-460.5,1
42.77,hurdle,Blue,2541.54,2449.42,282.68,0,33.0,1746.5,826.5,2487.3,1
45.17,hurdle,Blue,5017.61,2000.22,303.89,0,33.0,1820.3,-467.4,5030.1,0
47.5,Taha (RLCS PRO BLUE TAG),Orange,4149.14,2713.95,911.87,1,33.0,1153.1,-982.0,4254.7,0
47.77,hurdle,Blue,3903.06,4553.57,454.88,0,33.0,798.2,781.3,3713.9,0
49.27,Taha (RLCS PRO BLUE TAG),Orange,2877.36,3277.65,460.23,0,33.0,1377.8,-1377.8,3005.9,1
50.77,Taha (RLCS PRO BLUE TAG),Orange,898.14,3082.1,961.51,0,33.0,1722.0,-1372.0,989.3,1
52.37,Taha (RLCS PRO BLUE TAG),Orange,-1536.15,2901.71,2200.05,0,33.0,2087.0,-1732.3,-1330.0,0
53.83,surreal,Blue,-4597.49,2342.35,460.23,0,33.0,2100.0,-744.1,-4621.7,0
55.07,ϟslark,Orange,-4082.44,3080.23,850.43,1,33.0,1832.1,-843.6,-3947.6,1
56.6,ϟslark,Orange,-3052.66,3808.64,274.49,1,33.0,993.6,736.3,-2885.7,1
58.63,ϟslark,Orange,-1540.22,3539.77,1633.95,0,33.0,1145.8,1049.4,-1548.6,1
61.33,ϟslark,Orange,-2777.05,3970.41,927.29,0,33.0,931.7,-911.8,-2670.3,0
64.6,surreal,Blue,-4973.59,2269.87,286.94,1,33.0,1440.3,-110.5,-5054.8,1
65.86,surreal,Blue,-4468.91,406.77,655.88,0,33.0,1024.4,864.1,-4622.8,0
66.9,ϟslark,Orange,-3566.77,1727.83,142.72,0,33.0,2040.7,1736.4,-3500.8,1
68.56,Taha (RLCS PRO BLUE TAG),Orange,-1851.28,1778.75,397.29,0,33.0,921.6,-865.6,-1707.6,0
68.6,surreal,Blue,-1884.3,2553.25,336.1,0,33.0,537.7,527.3,-2041.0,1
71.26,hurdle,Blue,-2742.26,1536.88,1364.72,0,33.0,2093.5,253.9,-2844.4,1
73.16,hurdle,Blue,-2043.76,1129.35,2206.71,0,33.0,836.6,680.2,-2188.3,1
75.46,hurdle,Blue,923.22,1456.6,2177.89,0,33.0,1968.6,1495.6,805.5,0
77.33,Taha (RLCS PRO BLUE TAG),Orange,4834.74,3817.68,497.18,1,33.0,1112.0,349.5,4995.9,0
79.76,surreal,Blue,4211.31,1896.53,1276.86,1,33.0,1340.8,1340.2,4062.1,1
97.96,surreal,Blue,17.32,927.04,2098.42,0,33.0,2273.2,1931.3,-121.0,0
100.03,ϟslark,Orange,4800.4,1282.97,1960.88,1,33.0,4.5,2.1,4897.7,0
102.13,surreal,Blue,4114.43,1988.6,344.12,0,33.0,603.1,381.1,3999.1,0
102.86,ϟslark,Orange,4285.09,718.47,236.12,1,33.0,1856.6,-1842.5,4443.5,1
104.86,Taha (RLCS PRO BLUE TAG),Orange,4959.52,3410.4,2995.45,1,33.0,788.9,-524.2,5027.0,1
106.8,Taha (RLCS PRO BLUE TAG),Orange,2737.13,1338.96,1660.52,0,33.0,2090.2,-1971.1,2883.7,0
107.73,hurdle,Blue,721.45,1533.19,432.93,0,33.0,1384.1,-959.1,517.1,1
108.86,surreal,Blue,198.26,467.27,751.18,0,33.0,1172.9,1160.3,86.2,0
109.13,ϟslark,Orange,568.51,1823.18,194.04,0,33.0,2300.0,-899.8,544.9,0
111.29,surreal,Blue,3134.03,2681.86,2271.23,0,33.0,1701.2,1574.0,3101.9,1
112.19,surreal,Blue,4171.62,2939.3,1947.03,0,33.0,1653.2,1031.4,4242.3,0
114.19,Taha (RLCS PRO BLUE TAG),Orange,4585.8,683.38,436.31,0,33.0,695.0,117.0,4426.1,1
114.49,ϟslark,Orange,4704.1,304.02,344.81,1,33.0,2091.3,-682.5,4739.7,0
117.46,surreal,Blue,1063.72,1119.0,525.77,0,33.0,2287.0,-2269.3,1295.4,1
120.33,surreal,Blue,-5028.49,3069.9,1004.75,1,33.0,1749.9,-874.6,-5075.9,1
122.16,surreal,Blue,-3877.95,3025.23,2023.88,0,33.0,2007.6,1578.6,-4044.2,1
123.96,surreal,Blue,-746.85,1516.98,2154.08,0,33.0,2161.3,1897.5,-863.0,0
126.26,ϟslark,Orange,4720.47,3018.27,927.62,1,33.0,1102.5,1073.8,4934.6,1
127.42,ϟslark,Orange,4786.99,2281.31,1090.87,1,33.0,660.4,-660.3,5018.2,1
129.12,ϟslark,Orange,3357.81,1705.27,1477.84,0,33.0,1600.0,-1570.7,3538.7,0
130.06,hurdle,Blue,1634.33,657.11,504.22,0,33.0,819.0,-810.1,1438.2,0
130.26,ϟslark,Orange,1417.17,2372.68,368.52,0,33.0,1747.3,-1646.5,1602.4,0
132.02,surreal,Blue,-304.2,567.24,604.55,0,33.0,1148.5,400.8,-520.1,1
133.89,surreal,Blue,901.08,2006.87,1163.55,0,33.0,1450.6,1314.5,758.9,1
135.16,surreal,Blue,2776.97,1890.51,1082.57,0,33.0,1735.1,1723.0,2650.8,0
135.65,Taha (RLCS PRO BLUE TAG),Orange,3495.29,487.5,276.51,0,33.0,897.5,52.4,3634.5,1
137.62,Taha (RLCS PRO BLUE TAG),Orange,3670.88,1183.97,274.01,0,33.0,1009.4,-431.8,3786.7,0
137.69,hurdle,Blue,3698.57,408.39,251.91,0,33.0,1285.0,981.6,3513.4,1
139.72,hurdle,Blue,3616.15,3255.86,862.01,0,33.0,1387.6,-585.5,3656.4,0
141.85,Taha (RLCS PRO BLUE TAG),Orange,3015.04,513.55,496.8,0,33.0,1784.4,752.9,3014.6,0
143.29,hurdle,Blue,3330.42,2578.91,382.17,0,33.0,1650.7,1579.4,3166.5,0
143.29,ϟslark,Orange,3330.42,720.57,382.17,0,33.0,1426.9,-299.9,3532.1,0
144.65,surreal,Blue,2796.39,1170.16,629.23,0,33.0,1930.7,1907.5,2660.9,0
145.72,Taha (RLCS PRO BLUE TAG),Orange,4961.5,3062.1,1820.76,1,33.0,1309.0,-0.0,5103.0,1
148.55,Taha (RLCS PRO BLUE TAG),Orange,4672.62,927.52,898.8,1,33.0,1717.7,-1564.0,4776.2,0
151.22,hurdle,Blue,-403.69,2467.13,2675.49,0,33.0,1971.2,1958.7,-570.6,0
155.35,ϟslark,Orange,4887.55,4769.04,3838.4,1,33.0,1155.5,-0.4,5103.0,0
156.52,surreal,Blue,3804.96,3191.66,450.7,0,33.0,1555.6,1439.8,3645.2,0
156.55,ϟslark,Orange,3856.75,4158.08,402.11,1,33.0,1832.3,-1820.9,4095.5,0
158.35,surreal,Blue,5089.61,5240.3,2473.21,0,33.0,2143.0,1690.6,4953.6,1
169.89,hurdle,Blue,0.0,828.02,430.23,0,33.0,2178.8,1964.8,-224.1,0
169.89,Taha (RLCS PRO BLUE TAG),Orange,0.0,1839.91,430.23,0,33.0,2263.0,-1764.2,195.5,0
172.96,surreal,Blue,-3079.52,3471.15,1049.15,1,33.0,892.5,-142.0,-3127.6,0
175.66,Taha (RLCS PRO BLUE TAG),Orange,-2464.11,3175.29,512.6,0,33.0,1952.5,616.2,-2547.9,0
176.92,hurdle,Blue,-2207.44,1446.71,976.9,1,33.0,1977.5,1519.8,-2296.6,0
178.02,Taha (RLCS PRO BLUE TAG),Orange,-194.69,865.69,523.41,0,33.0,2299.9,-2163.8,-36.0,0
179.79,hurdle,Blue,1816.68,1424.24,1108.13,0,33.0,959.4,900.0,1830.0,0
182.15,Taha (RLCS PRO BLUE TAG),Orange,4690.13,2986.78,1256.73,1,33.0,2295.8,-912.9,4810.2,1
183.39,ϟslark,Orange,3431.75,1676.57,2039.14,0,33.0,198.7,119.7,3468.4,1
185.05,ϟslark,Orange,1835.42,807.57,872.88,0,33.0,1835.9,-1707.8,2015.0,1
186.52,ϟslark,Orange,-815.32,1962.14,1073.17,0,33.0,2159.4,-2083.1,-634.3,0
189.45,hurdle,Blue,-4777.42,332.19,414.86,0,33.0,2299.9,79.0,-4876.2,0
191.89,Taha (RLCS PRO BLUE TAG),Orange,-3394.72,577.33,534.5,0,33.0,1423.0,-1223.2,-3231.6,0
193.15,surreal,Blue,-4901.0,2593.63,1091.56,1,33.0,1638.5,-146.3,-4954.2,1
195.98,surreal,Blue,-2365.03,3076.99,1283.3,0,33.0,2089.4,2064.7,-2559.8,0
198.52,Taha (RLCS PRO BLUE TAG),Orange,2638.79,1864.36,921.81,0,33.0,2231.5,-212.8,2791.9,1
203.78,Taha (RLCS PRO BLUE TAG),Orange,-1810.85,1652.11,499.28,0,33.0,2280.1,-1864.0,-1676.5,0
205.28,surreal,Blue,-4626.0,2102.38,1435.02,0,33.0,1569.8,-602.3,-4828.9,1
207.35,surreal,Blue,-3613.0,3482.91,921.39,0,33.0,2277.7,1576.2,-3791.5,0
207.65,ϟslark,Orange,-3294.99,4241.72,141.13,0,33.0,2020.5,-799.9,-3203.1,0
210.28,hurdle,Blue,-4352.31,2292.05,755.33,1,33.0,1656.2,1261.1,-4543.0,0
212.68,Taha (RLCS PRO BLUE TAG),Orange,187.41,1957.3,983.77,0,33.0,1626.0,754.3,300.7,1
213.35,Taha (RLCS PRO BLUE TAG),Orange,161.55,842.14,523.41,0,33.0,2299.9,-2163.8,-36.0,0
218.25,hurdle,Blue,204.6,914.51,851.51,0,33.0,597.1,402.2,64.2,0
219.91,Taha (RLCS PRO BLUE TAG),Orange,1834.83,2571.12,480.21,0,33.0,640.6,565.3,1973.0,0
221.71,surreal,Blue,1919.13,1282.59,869.72,0,33.0,1723.1,1707.9,1723.4,0
222.01,Taha (RLCS PRO BLUE TAG),Orange,2300.86,2557.73,289.75,0,33.0,391.3,-391.3,2471.6,1
224.24,Taha (RLCS PRO BLUE TAG),Orange,333.79,2627.5,632.28,0,33.0,1926.7,-1924.7,572.3,1
226.55,Taha (RLCS PRO BLUE TAG),Orange,-4419.91,4795.16,1891.52,0,33.0,2299.9,-2250.3,-4215.7,1
229.57,ϟslark,Orange,-5203.07,3403.01,4095.89,0,33.0,2289.9,-330.0,-5106.4,1
237.31,ϟslark,Orange,0.0,1359.11,490.22,0,33.0,2287.6,-2230.4,189.5,0
237.35,surreal,Blue,0.22,894.41,348.42,0,33.0,339.9,293.1,-156.8,0
239.65,Taha (RLCS PRO BLUE TAG),Orange,745.4,1974.57,737.69,0,33.0,2220.1,-386.2,842.2,0
239.78,hurdle,Blue,609.85,899.38,428.74,0,33.0,2219.9,1594.6,402.6,1
242.65,hurdle,Blue,2409.1,1383.39,788.24,0,33.0,2280.6,2037.3,2255.1,0
243.61,ϟslark,Orange,4608.28,2213.44,776.79,1,33.0,1892.0,-80.5,4744.6,1
245.08,ϟslark,Orange,4377.42,816.06,819.03,0,33.0,2218.8,-610.0,4384.1,1
247.88,ϟslark,Orange,1131.04,1201.19,878.26,0,33.0,1301.1,-1221.6,1345.8,1
248.88,ϟslark,Orange,-390.61,1248.04,664.34,0,33.0,1961.9,-1828.7,-307.3,0
250.51,surreal,Blue,-3315.17,1287.39,544.14,0,33.0,1251.2,-1106.7,-3474.3,0
251.08,ϟslark,Orange,-3829.56,1933.77,235.49,0,33.0,1634.3,-498.1,-3749.9,1
253.04,Taha (RLCS PRO BLUE TAG),Orange,-3692.9,1861.35,623.15,0,33.0,1841.9,-813.6,-3519.8,0
253.14,surreal,Blue,-3723.17,337.01,329.92,0,33.0,1769.9,1707.6,-3910.8,1
254.94,surreal,Blue,-1861.56,569.3,1026.47,0,33.0,1427.9,429.1,-1937.7,0
256.18,Taha (RLCS PRO BLUE TAG),Orange,-152.72,865.69,523.41,0,33.0,2299.9,-2163.8,-36.0,0
256.31,surreal,Blue,6.46,674.82,161.62,0,33.0,2278.0,1568.8,-188.3,0
258.28,ϟslark,Orange,4041.99,169.42,426.98,1,33.0,1592.3,-1562.7,4100.7,1
260.68,ϟslark,Orange,725.07,493.06,305.77,0,33.0,1571.7,-1488.4,791.3,1
262.97,ϟslark,Orange,-3331.68,1053.72,528.31,0,33.0,2227.6,-1750.9,-3108.8,0
263.31,hurdle,Blue,-3936.59,811.32,408.37,1,33.0,1925.6,594.7,-4087.3,0
266.54,Taha (RLCS PRO BLUE TAG),Orange,-3307.83,2801.01,1016.29,0,33.0,2295.2,-1723.7,-3109.7,0
266.71,surreal,Blue,-3744.62,3645.52,600.15,1,33.0,2021.9,450.6,-3920.5,1
269.84,hurdle,Blue,-576.32,1114.88,250.01,0,33.0,2066.4,1952.9,-732.4,1
272.07,hurdle,Blue,4260.14,2608.62,91.05,0,33.0,2039.5,2035.5,4144.8,0
272.07,Taha (RLCS PRO BLUE TAG),Orange,4260.14,755.23,91.05,0,33.0,2299.4,2194.9,4070.3,1
273.54,ϟslark,Orange,4019.5,970.62,1159.37,0,33.0,2281.9,-1611.2,4139.2,1
274.87,Taha (RLCS PRO BLUE TAG),Orange,14.07,865.69,523.41,0,33.0,2299.9,-2163.8,-36.0,0
277.87,surreal,Blue,-5026.62,967.42,2254.37,1,33.0,308.6,308.6,-5099.9,1
279.0,surreal,Blue,-4389.6,1868.48,841.25,0,33.0,1174.5,683.6,-4529.8,0
279.14,Taha (RLCS PRO BLUE TAG),Orange,-4251.39,3243.1,371.19,0,33.0,2196.4,-2191.3,-4149.1,0
284.24,hurdle,Blue,3340.16,3389.08,1112.87,0,33.0,2288.2,2011.5,3205.2,0
284.87,ϟslark,Orange,4420.98,1125.73,624.99,1,33.0,1142.8,1006.4,4559.2,0
285.4,hurdle,Blue,4869.26,2125.87,164.85,0,33.0,2251.0,1289.3,4921.2,0
287.6,Taha (RLCS PRO BLUE TAG),Orange,4633.19,1168.18,709.43,1,33.0,868.2,-653.1,4806.1,1
288.67,Taha (RLCS PRO BLUE TAG),Orange,3636.61,713.13,301.81,0,33.0,1688.9,-1355.9,3755.1,0
288.77,surreal,Blue,3547.66,908.13,165.41,0,33.0,153.0,-136.7,3500.3,0
291.47,Taha (RLCS PRO BLUE TAG),Orange,-1264.69,547.08,784.57,0,33.0,1905.2,-1861.9,-1052.2,1
293.13,ϟslark,Orange,-4904.95,1442.82,504.28,0,33.0,557.4,-345.6,-5012.7,0
296.2,hurdle,Blue,-3366.71,1017.41,586.52,0,33.0,2299.9,1395.7,-3588.4,0
296.37,Taha (RLCS PRO BLUE TAG),Orange,-3313.56,674.35,214.9,0,33.0,1728.3,-665.4,-3182.6,0
297.8,surreal,Blue,-5017.22,2859.36,1351.24,1,33.0,1626.1,-819.4,-4902.0,1
298.67,surreal,Blue,-4687.99,1404.43,1245.16,1,33.0,1449.6,1367.3,-4828.2,1
302.2,surreal,Blue,1327.89,1734.88,373.78,0,33.0,2260.8,2254.4,1218.2,0
302.23,ϟslark,Orange,1354.77,1478.69,281.71,0,33.0,1335.2,-787.3,1490.7,1
304.23,ϟslark,Orange,-1355.59,2686.54,608.54,0,33.0,2272.1,-1745.4,-1202.7,0
305.86,hurdle,Blue,-4928.64,4101.84,872.25,1,33.0,1796.2,833.6,-5049.9,0
307.96,Taha (RLCS PRO BLUE TAG),Orange,-3457.09,3345.64,1217.06,0,33.0,1563.9,-1294.0,-3360.1,0
308.73,hurdle,Blue,-4267.15,1814.59,501.5,0,33.0,1039.6,1038.6,-4436.5,1
312.4,hurdle,Blue,-1118.98,1831.14,497.26,0,33.0,822.3,816.3,-1340.7,0
312.5,ϟslark,Orange,-1046.89,700.11,399.24,0,33.0,1022.4,-1020.8,-877.9,1
312.83,Taha (RLCS PRO BLUE TAG),Orange,-1077.64,601.41,746.98,0,33.0,1106.5,923.6,-1071.6,0
314.4,hurdle,Blue,-941.02,1825.57,169.11,0,33.0,2286.8,-2279.9,-1047.4,0
315.46,ϟslark,Orange,-885.4,623.08,1145.56,0,33.0,2195.9,343.1,-852.7,1
317.0,ϟslark,Orange,-1274.8,492.62,454.59,0,33.0,627.9,-624.8,-1127.5,1
320.83,ϟslark,Orange,-4256.09,2337.13,1141.95,0,33.0,1429.9,-1341.1,-4231.0,0
323.29,surreal,Blue,-3868.08,918.79,1133.78,0,33.0,1796.0,1156.5,-3985.9,1
324.93,surreal,Blue,-1679.03,2285.43,1197.5,0,33.0,2187.8,1613.5,-1790.1,1
327.03,hurdle,Blue,81.14,787.31,612.99,0,33.0,2113.9,1978.5,-37.2,0
327.09,Taha (RLCS PRO BLUE TAG),Orange,267.76,1887.85,307.34,0,33.0,2276.1,-2256.8,364.8,1
330.29,ϟslark,Orange,3827.21,1504.63,651.48,0,33.0,1659.9,-1568.0,3871.8,1
333.22,Taha (RLCS PRO BLUE TAG),Orange,-153.23,1926.11,1328.58,0,33.0,1856.6,-1597.8,5.2,0
334.16,hurdle,Blue,-1420.62,2008.3,73.16,1,33.0,2211.6,1963.0,-1516.1,0
335.86,Taha (RLCS PRO BLUE TAG),Orange,-3965.99,771.43,2921.02,0,33.0,1621.3,-1562.9,-3952.7,0
347.25,hurdle,Blue,14.53,906.86,351.29,0,33.0,2038.2,2035.2,-142.2,0
347.25,Taha (RLCS PRO BLUE TAG),Orange,14.53,1046.04,351.29,0,33.0,2248.8,-2126.9,209.1,0
350.48,surreal,Blue,388.01,778.0,1146.19,0,33.0,537.3,226.4,270.9,1
351.78,surreal,Blue,1479.56,1116.88,882.03,0,33.0,1738.2,1151.9,1260.4,0
352.21,Taha (RLCS PRO BLUE TAG),Orange,1950.92,2135.4,159.92,0,33.0,1687.6,1665.7,1856.9,0
353.84,surreal,Blue,3917.83,3050.82,171.38,0,33.0,1703.7,629.7,3779.5,0
353.88,ϟslark,Orange,3900.28,280.21,181.29,0,33.0,1220.2,-1143.0,3873.6,0
356.31,hurdle,Blue,4008.55,1853.24,332.47,0,33.0,1758.6,1580.4,3814.2,0
357.11,Taha (RLCS PRO BLUE TAG),Orange,4716.4,821.61,1562.85,1,33.0,1474.2,-963.9,4929.3,0
359.44,surreal,Blue,3104.33,1206.29,374.54,0,33.0,2032.5,677.8,2995.8,1
361.38,hurdle,Blue,4360.67,1424.53,741.29,0,33.0,1084.6,1076.3,4231.4,0
361.64,Taha (RLCS PRO BLUE TAG),Orange,4655.68,1415.18,369.5,1,33.0,1703.2,-900.0,4754.4,0
10.62,rush,Blue,24.42,1564.07,461.78,0,33.0,1971.7,1708.5,-123.6,0
10.66,kiwi,Orange,29.89,1065.49,311.97,0,33.0,938.3,225.4,188.2,1
14.66,kiwi,Orange,-2602.09,4255.03,1243.98,1,33.0,2164.0,-2146.0,-2451.0,0
26.17,rush,Blue,21.51,1564.03,451.52,0,33.0,2270.9,1907.3,-158.2,0
26.2,kiwi,Orange,29.36,1372.87,332.66,0,33.0,1023.6,-218.7,171.9,0
28.63,Taha (RLCS PRO BLUE TAG),Blue,-1456.51,3070.86,1338.19,1,33.0,681.3,-389.3,-1601.4,0
31.07,kiwi,Orange,-130.05,1558.1,876.45,0,33.0,324.0,-49.9,1.3,1
32.97,kiwi,Orange,-482.04,2218.38,1491.23,0,33.0,652.1,-446.0,-402.8,1
33.83,kiwi,Orange,-1150.67,2862.43,1426.33,0,33.0,1042.1,-1003.8,-1059.4,0
34.3,rush,Blue,-1641.8,2799.82,283.5,0,33.0,1634.2,977.6,-1733.3,0
36.53,deevo,Orange,-1860.25,2832.86,1813.79,0,33.0,2033.7,-1792.1,-1694.0,1
38.06,deevo,Orange,-4728.19,687.02,564.17,0,33.0,2250.8,-1981.2,-4660.5,0
39.96,rush,Blue,-4586.41,1781.98,250.51,0,33.0,2161.2,-307.7,-4669.8,1
45.1,Taha (RLCS PRO BLUE TAG),Blue,-678.48,925.15,191.78,0,33.0,1431.6,1281.5,-756.0,0
47.2,kiwi,Orange,3115.66,5143.98,1775.57,1,33.0,2012.6,-1675.9,3298.2,0
50.93,Taha (RLCS PRO BLUE TAG),Blue,-4867.37,2473.21,822.67,0,33.0,1797.7,-1371.3,-4724.6,0
52.39,kiwi,Orange,-4440.94,209.97,1169.5,0,33.0,231.0,230.7,-4225.6,0
53.29,Taha (RLCS PRO BLUE TAG),Blue,-4612.38,245.61,335.45,1,33.0,1077.2,649.7,-4733.1,0
57.16,deevo,Orange,-3167.15,1917.09,466.55,0,33.0,2080.4,-2079.9,-3046.0,0
57.23,rush,Blue,-3283.22,3814.4,200.37,0,33.0,1348.5,1337.8,-3388.9,0
59.29,kiwi,Orange,-3768.21,645.03,419.79,0,33.0,1951.3,-1923.9,-3647.2,0
61.49,rush,Blue,-4627.04,4350.45,605.4,1,33.0,2022.1,680.5,-4673.1,0
61.63,deevo,Orange,-4484.37,825.89,329.74,0,33.0,1628.2,-1596.9,-4329.5,1
64.19,kiwi,Orange,-1454.8,2814.65,1183.71,0,33.0,1776.2,1098.8,-1425.5,1
68.82,kiwi,Orange,-2939.42,1505.63,1513.11,0,33.0,861.6,-235.7,-2908.0,0
69.89,rush,Blue,-3460.71,1186.24,619.78,0,33.0,183.4,130.9,-3572.5,0
70.02,kiwi,Orange,-3425.38,1035.02,441.61,0,33.0,1028.2,-477.3,-3239.7,0
71.36,Taha (RLCS PRO BLUE TAG),Blue,-4723.17,1718.11,798.42,1,33.0,1773.8,1082.5,-4874.5,1
73.22,Taha (RLCS PRO BLUE TAG),Blue,-1728.37,2328.49,1879.68,0,33.0,2189.6,2151.7,-1867.2,1
74.62,Taha (RLCS PRO BLUE TAG),Blue,929.29,814.09,403.84,0,33.0,2152.4,1985.8,837.2,0
75.92,deevo,Orange,3550.14,1522.98,512.52,1,33.0,985.2,-153.9,3758.8,1
78.92,deevo,Orange,3251.85,1747.41,700.68,0,33.0,1831.2,-1074.6,3406.0,1
80.82,deevo,Orange,883.95,1031.7,369.24,0,33.0,1807.6,-1487.0,1004.9,1
82.35,deevo,Orange,-1514.03,2928.75,1376.69,0,33.0,2023.7,-1723.3,-1392.0,0
83.72,Taha (RLCS PRO BLUE TAG),Blue,-3699.33,1170.83,217.79,0,33.0,2170.7,-2069.0,-3729.8,1
86.52,rush,Blue,-4759.87,3243.44,717.23,1,33.0,1710.3,317.1,-4799.9,0
86.75,kiwi,Orange,-4423.91,1472.0,496.32,0,33.0,1121.6,225.5,-4319.9,0
88.89,rush,Blue,-1218.2,1745.37,1031.95,0,33.0,1617.6,1557.3,-1288.4,1
90.22,rush,Blue,1438.45,1203.73,1527.6,0,33.0,2174.2,2110.4,1317.1,0
91.96,deevo,Orange,4863.56,1142.94,656.29,1,33.0,1556.2,-1035.2,5051.7,0
93.42,Taha (RLCS PRO BLUE TAG),Blue,2136.68,2709.37,1630.42,0,33.0,1548.0,-556.9,2112.5,1
97.42,Taha (RLCS PRO BLUE TAG),Blue,-4176.89,4450.86,2518.94,1,33.0,740.4,532.9,-4331.6,1
99.65,Taha (RLCS PRO BLUE TAG),Blue,-1195.28,1714.01,1719.24,0,33.0,2093.1,1708.0,-1170.4,0
101.39,deevo,Orange,755.18,870.56,1173.49,0,33.0,1040.9,135.5,883.1,0
101.99,rush,Blue,657.32,678.49,76.26,0,33.0,1942.1,1838.5,544.9,0
105.22,kiwi,Orange,3521.66,3826.8,3084.09,1,33.0,797.4,-18.5,3550.2,1
106.68,kiwi,Orange,2517.68,2331.29,2567.08,0,33.0,1907.6,-1905.8,2650.1,0
108.72,Taha (RLCS PRO BLUE TAG),Blue,-1245.41,1099.51,1711.72,0,33.0,549.0,66.2,-1471.9,0
109.88,deevo,Orange,-819.04,1897.23,539.27,0,33.0,1703.5,-1627.8,-669.4,0
113.05,Taha (RLCS PRO BLUE TAG),Blue,-4439.91,2724.74,824.1,1,33.0,1440.2,-1438.5,-4337.5,1
114.02,rush,Blue,-4170.7,1322.82,2845.77,0,33.0,2104.5,-1995.6,-4207.7,0
117.25,kiwi,Orange,-2389.14,3329.69,1625.59,0,33.0,104.1,-104.0,-2182.0,1
118.55,kiwi,Orange,-2674.74,2747.23,1582.23,0,33.0,491.2,-431.5,-2569.7,0
121.61,Taha (RLCS PRO BLUE TAG),Blue,-4599.36,1459.92,544.15,1,33.0,864.7,541.1,-4815.7,0
122.81,deevo,Orange,-3051.88,2281.92,1112.52,0,33.0,1000.7,-583.6,-2869.9,1
133.9,deevo,Orange,0.0,1947.1,395.53,0,33.0,2261.0,-1881.1,132.8,0
133.9,Taha (RLCS PRO BLUE TAG),Blue,0.0,1647.84,395.53,0,33.0,2211.9,1415.3,-233.8,1
135.07,Taha (RLCS PRO BLUE TAG),Blue,159.57,562.04,1027.15,0,33.0,1537.2,1491.8,117.2,0
139.6,kiwi,Orange,127.32,1425.25,991.78,0,33.0,1449.3,-534.7,210.4,1
140.47,kiwi,Orange,-278.79,2010.28,330.7,0,33.0,1408.8,-454.6,-207.8,1
143.0,kiwi,Orange,-2809.37,1878.24,1287.84,0,33.0,2257.6,-1876.5,-2650.3,0
143.4,rush,Blue,-3736.82,975.77,477.97,0,33.0,1217.2,-502.7,-3633.3,0
145.0,deevo,Orange,-2414.6,2376.39,1595.59,0,33.0,2262.7,-1825.3,-2219.5,0
147.63,Taha (RLCS PRO BLUE TAG),Blue,-2922.68,2075.17,999.85,0,33.0,1915.9,1686.2,-2983.7,0
150.1,deevo,Orange,1175.48,3079.5,455.72,0,33.0,2207.9,1533.9,1304.3,0
153.1,Taha (RLCS PRO BLUE TAG),Blue,3321.22,1918.13,1645.64,0,33.0,858.5,858.5,3227.5,1
154.47,Taha (RLCS PRO BLUE TAG),Blue,4127.33,3409.02,2441.95,0,33.0,1024.8,375.3,4210.5,1
155.86,Taha (RLCS PRO BLUE TAG),Blue,4717.46,2785.14,1360.0,0,33.0,1283.6,160.7,4754.9,0
156.16,kiwi,Orange,4860.74,2658.16,326.54,1,33.0,2175.2,-331.2,4827.7,0
158.73,rush,Blue,2772.0,2200.88,338.67,0,33.0,465.8,341.6,2633.0,0
158.76,kiwi,Orange,2755.24,1103.49,229.19,0,33.0,1508.6,-1503.4,2861.3,1
161.1,deevo,Orange,3824.44,2613.09,2234.65,1,33.0,1218.7,1130.0,3734.7,1
162.93,deevo,Orange,4539.4,2864.47,759.84,1,33.0,1448.4,-1431.8,4633.2,0
163.36,rush,Blue,3920.57,3390.22,776.76,0,33.0,1337.9,-1289.5,3817.6,1
166.23,Taha (RLCS PRO BLUE TAG),Blue,1072.42,324.13,1361.0,0,33.0,1605.7,1406.3,1025.8,0
169.43,kiwi,Orange,4946.32,1286.36,1080.93,1,33.0,1312.4,-0.5,5103.0,1
171.16,kiwi,Orange,4394.56,852.75,1061.79,1,33.0,1476.1,-570.5,4636.9,0
172.53,rush,Blue,1630.62,1211.23,715.69,0,33.0,1396.5,-1205.8,1394.9,0
175.49,kiwi,Orange,-2281.26,326.43,323.69,0,33.0,436.4,-436.4,-2371.4,1
175.49,deevo,Orange,-2281.26,326.43,253.65,0,33.0,2268.4,-1906.7,-2089.7,0
175.53,Taha (RLCS PRO BLUE TAG),Blue,-2305.4,1111.7,209.57,0,33.0,1526.1,-970.6,-2384.4,0
178.19,deevo,Orange,-4182.43,1496.43,782.45,0,33.0,2299.8,-946.0,-4072.9,0
180.39,Taha (RLCS PRO BLUE TAG),Blue,-4826.94,4216.71,573.15,1,33.0,2232.1,-558.7,-4742.7,0
181.69,deevo,Orange,-3041.54,2158.5,219.96,0,33.0,1379.8,843.6,-2990.5,1
183.99,deevo,Orange,-1282.05,2152.91,651.0,0,33.0,1992.4,547.5,-1172.5,1
186.96,kiwi,Orange,-2283.54,1909.24,792.89,0,33.0,2292.4,-2190.7,-2200.4,1
188.86,kiwi,Orange,-4394.31,343.9,725.43,0,33.0,1569.9,123.8,-4429.1,0
189.02,Taha (RLCS PRO BLUE TAG),Blue,-4492.74,1650.71,228.33,1,33.0,2203.2,1330.9,-4621.6,0
191.49,kiwi,Orange,-4462.7,436.06,417.35,0,33.0,2283.0,55.7,-4293.0,0
191.59,rush,Blue,-4425.37,3414.06,483.9,1,33.0,2287.9,531.8,-4496.3,1
192.76,rush,Blue,-3561.93,3581.47,134.24,0,33.0,1783.5,889.1,-3685.4,1
195.06,rush,Blue,-1442.33,1665.69,705.61,0,33.0,1270.9,1112.0,-1558.3,0
195.42,kiwi,Orange,-946.83,2653.16,349.15,0,33.0,1165.9,116.7,-815.7,0
197.02,rush,Blue,1243.89,1743.23,801.59,0,33.0,2050.5,1788.3,1047.0,0
198.42,deevo,Orange,3838.16,3686.56,682.61,1,33.0,782.9,623.7,4036.0,1
201.12,deevo,Orange,4816.86,3993.82,1168.11,1,33.0,1106.8,-138.7,4862.9,0
202.82,Taha (RLCS PRO BLUE TAG),Blue,3288.76,2939.82,471.03,0,33.0,458.3,-145.8,3054.5,0
204.25,deevo,Orange,1303.34,891.6,1027.15,0,33.0,2036.1,2020.8,1121.9,0
204.85,Taha (RLCS PRO BLUE TAG),Blue,337.72,562.04,860.19,0,33.0,1537.2,1491.8,117.2,1
205.32,rush,Blue,-300.11,530.97,423.49,1,33.0,2268.7,-41.6,-442.9,0
205.32,deevo,Orange,-300.11,1336.32,296.3,0,33.0,2272.4,-1907.1,-192.6,0
209.32,Taha (RLCS PRO BLUE TAG),Blue,-1423.92,1847.2,2099.38,0,33.0,2240.1,852.2,-1472.4,0
211.12,kiwi,Orange,-1790.71,2910.38,1546.03,0,33.0,2123.9,-2082.3,-1648.0,1
213.05,kiwi,Orange,-4935.66,586.98,160.58,0,33.0,1717.5,-1695.6,-4799.1,0
213.05,rush,Blue,-4935.66,3148.64,160.58,1,33.0,868.1,-183.0,-4703.3,1
214.05,Taha (RLCS PRO BLUE TAG),Blue,-3597.63,2459.55,1259.52,0,33.0,1168.6,-1168.3,-3461.0,0
215.95,deevo,Orange,-2866.09,1225.85,569.84,0,33.0,2300.0,-1906.6,-2699.8,0
216.02,rush,Blue,-2888.36,2060.25,330.24,0,33.0,2073.2,1710.3,-3110.7,1
217.65,rush,Blue,-22.24,704.16,2078.28,0,33.0,2041.0,2041.0,-163.2,0
220.95,kiwi,Orange,4610.69,591.45,247.19,1,33.0,1427.1,-277.4,4684.4,1
223.55,kiwi,Orange,1438.68,359.65,435.7,0,33.0,2234.3,-2206.1,1496.5,0
223.65,rush,Blue,1247.49,1154.25,137.17,0,33.0,1497.5,-637.9,1264.1,1
225.85,Taha (RLCS PRO BLUE TAG),Blue,-2945.92,3606.56,986.6,1,33.0,132.4,-60.4,-3047.1,0
229.05,kiwi,Orange,-2719.08,1859.68,884.94,0,33.0,395.7,-140.5,-2685.0,1
230.75,deevo,Orange,-3458.6,643.83,626.51,0,33.0,2038.7,-1723.6,-3287.8,0
232.08,Taha (RLCS PRO BLUE TAG),Blue,-5094.5,1679.43,1101.8,1,33.0,1852.2,1792.9,-5323.3,0
233.95,kiwi,Orange,-4473.12,591.61,2017.17,0,33.0,1283.6,-1098.2,-4293.7,0
248.08,rush,Blue,18.57,1806.38,507.85,0,33.0,2283.6,2141.2,-171.0,0
248.11,kiwi,Orange,14.95,1031.14,344.67,0,33.0,979.4,-776.4,166.2,0
249.04,Taha (RLCS PRO BLUE TAG),Blue,230.62,966.17,1490.28,0,33.0,2158.6,1712.0,94.8,1
249.37,rush,Blue,304.58,966.17,1387.02,0,33.0,2246.2,2125.2,443.5,0
252.14,deevo,Orange,605.37,1221.43,363.89,0,33.0,804.3,-693.0,726.4,1
252.94,deevo,Orange,-5.56,1663.97,438.18,0,33.0,1422.5,-918.5,110.2,1
254.47,deevo,Orange,-1626.0,1050.4,781.94,0,33.0,1759.9,-1292.5,-1491.6,0
256.27,Taha (RLCS PRO BLUE TAG),Blue,-4855.2,1355.36,529.56,1,33.0,808.9,123.7,-4843.4,0
256.51,deevo,Orange,-4797.75,2079.89,70.72,0,33.0,2109.8,-1838.9,-4769.0,1
259.44,kiwi,Orange,-485.34,1692.61,810.5,0,33.0,1526.7,-234.8,-329.9,0
261.17,Taha (RLCS PRO BLUE TAG),Blue,-1829.14,1516.9,736.95,0,33.0,2272.4,2239.6,-2021.0,0
263.84,deevo,Orange,4125.86,1435.42,1596.04,1,33.0,1537.6,1453.2,4134.8,0
266.17,rush,Blue,3549.08,2741.29,409.38,0,33.0,2154.9,1599.2,3438.9,0
268.0,deevo,Orange,4522.41,3590.87,2851.34,1,33.0,1061.2,-488.5,4633.5,0
269.3,Taha (RLCS PRO BLUE TAG),Blue,2871.27,2040.01,1304.25,0,33.0,1465.5,1404.7,2651.1,0
269.84,deevo,Orange,3535.93,1030.38,429.97,0,33.0,812.4,-534.5,3706.4,0
270.64,rush,Blue,3445.1,894.35,854.99,0,33.0,946.7,-753.0,3523.9,0
274.87,kiwi,Orange,3129.18,1611.56,534.24,1,33.0,570.6,-121.0,3364.2,0
274.97,rush,Blue,3124.94,2634.82,398.1,0,33.0,1470.8,1407.5,2965.4,1
277.13,rush,Blue,4904.54,2547.95,613.04,0,33.0,126.0,52.6,5006.3,1
278.4,rush,Blue,4683.23,1720.02,525.51,0,33.0,708.5,-22.6,4731.2,0
279.87,deevo,Orange,3915.14,1112.52,847.04,0,33.0,1614.1,-981.6,3992.2,1
281.3,deevo,Orange,1745.22,477.3,299.26,0,33.0,2208.3,-1963.1,1846.1,0
281.3,Taha (RLCS PRO BLUE TAG),Blue,1745.22,1452.28,299.26,0,33.0,1604.5,572.5,1552.9,0
284.2,kiwi,Orange,3545.62,1950.84,970.38,1,33.0,1933.4,-1893.6,3704.2,0
284.37,Taha (RLCS PRO BLUE TAG),Blue,3113.62,2675.14,543.33,0,33.0,1994.8,1756.0,3084.1,1
287.43,rush,Blue,-4518.09,4104.87,1468.23,1,33.0,2128.2,-1655.4,-4550.9,0
289.0,deevo,Orange,-3825.03,213.62,370.05,0,33.0,1934.5,-1805.5,-3704.1,1
290.6,deevo,Orange,-4588.83,631.76,886.69,0,33.0,2068.4,-236.2,-4613.5,0
290.77,Taha (RLCS PRO BLUE TAG),Blue,-4640.32,3784.02,319.74,1,33.0,1454.6,-1451.4,-4559.6,0
10.81,Taha (RLCS PRO BLUE TAG),Orange,4.52,1507.36,320.16,0,33.0,714.8,140.9,156.3,0
10.81,Optic,Blue,4.52,1239.96,320.16,0,33.0,721.7,143.8,-156.8,0
13.91,queloque papi,Orange,-1130.22,1782.26,1992.96,0,33.0,2281.4,-2186.0,-931.8,0
18.1,Optic,Blue,-5198.01,3146.11,5005.28,1,33.0,2214.0,-5.5,-5103.3,0
25.62,queloque papi,Orange,0.0,1545.63,443.17,0,33.0,2299.9,-2194.3,193.2,0
25.62,Tool,Blue,0.0,1311.72,443.17,0,33.0,2283.6,2194.2,-243.0,0
26.52,Taha (RLCS PRO BLUE TAG),Orange,172.24,616.68,448.04,1,33.0,2014.9,-2010.5,319.6,0
26.56,Optic,Blue,178.5,399.33,305.34,0,33.0,653.1,349.0,15.5,0
26.82,queloque papi,Orange,163.95,768.19,611.14,0,33.0,592.6,-29.1,146.3,0
28.16,Optic,Blue,285.29,2452.1,639.61,0,33.0,762.6,-106.8,320.6,1
31.12,Tool,Blue,2116.71,4189.63,707.68,0,33.0,1798.6,1792.6,1994.1,1
33.59,Optic,Blue,3748.36,3299.23,590.06,0,33.0,816.8,797.6,3533.6,1
35.89,Optic,Blue,4422.8,3456.49,1329.93,0,33.0,365.5,341.3,4242.9,1
36.99,Optic,Blue,4949.21,2407.61,462.54,0,33.0,1162.5,991.3,4877.4,0
37.05,queloque papi,Orange,4922.68,1785.84,259.47,1,33.0,1236.1,-462.5,5106.1,1
38.25,Taha (RLCS PRO BLUE TAG),Orange,4395.57,1540.33,891.84,0,33.0,2294.8,-298.9,4350.5,0
42.05,Tool,Blue,3174.57,6259.37,599.35,0,33.0,1474.4,1431.2,3023.6,0
42.22,Taha (RLCS PRO BLUE TAG),Orange,3644.34,2456.26,357.86,0,33.0,1309.5,-23.4,3584.7,0
43.42,Tool,Blue,4998.96,4025.42,128.9,0,33.0,2198.4,1675.3,4974.5,1
45.15,Optic,Blue,4182.3,924.04,1131.9,0,33.0,2294.0,2243.2,4010.9,0
56.36,Taha (RLCS PRO BLUE TAG),Orange,0.0,1282.53,575.16,0,33.0,2281.6,-2139.6,240.5,0
56.43,Optic,Blue,-18.93,1261.11,428.74,0,33.0,297.7,171.5,-181.8,0
57.03,queloque papi,Orange,201.77,474.25,408.89,1,33.0,1771.1,-1552.8,288.2,1
60.46,queloque papi,Orange,-4644.15,2261.03,422.2,0,33.0,1149.0,-189.7,-4740.8,0
60.49,Tool,Blue,-4700.44,2630.75,204.98,0,33.0,2103.1,-2030.6,-4564.7,0
62.29,Taha (RLCS PRO BLUE TAG),Orange,-4186.61,868.78,1045.37,0,33.0,1068.3,-996.5,-4041.4,1
72.65,queloque papi,Orange,0.0,1019.67,498.13,0,33.0,2273.0,-1773.5,181.0,0
72.72,Tool,Blue,-36.19,1568.88,318.9,0,33.0,867.0,-175.3,-163.4,1
73.48,Optic,Blue,-92.25,245.08,416.17,0,33.0,2281.2,1866.7,-264.6,0
73.58,Taha (RLCS PRO BLUE TAG),Orange,139.28,796.16,458.45,0,33.0,2280.4,-1726.3,277.8,0
78.78,Tool,Blue,553.83,2630.39,1015.88,0,33.0,1379.9,1075.5,404.1,1
80.51,Tool,Blue,2872.41,2976.19,1046.85,0,33.0,1924.9,1631.9,2637.8,0
80.98,queloque papi,Orange,3505.19,1627.16,333.64,0,33.0,1309.6,-1202.4,3680.6,0
83.38,Optic,Blue,3624.42,2251.93,2567.15,0,33.0,1715.3,1440.3,3422.0,0
84.98,Taha (RLCS PRO BLUE TAG),Orange,4761.93,1678.38,2383.51,0,33.0,1252.8,-756.7,4906.8,1
88.21,queloque papi,Orange,-318.01,929.42,846.69,0,33.0,2171.6,-2156.0,-208.2,0
88.45,Optic,Blue,-951.83,2032.7,187.2,0,33.0,1997.8,572.5,-824.9,1
90.98,Tool,Blue,-2937.96,669.19,2396.89,0,33.0,1582.7,1392.6,-2989.5,1
93.21,Tool,Blue,942.13,579.13,827.39,0,33.0,1917.5,1916.6,802.2,1
95.31,Tool,Blue,5214.39,5202.26,254.75,0,33.0,2233.1,2167.5,5127.5,0
105.31,queloque papi,Orange,-23.91,1082.89,397.27,0,33.0,2269.4,-1891.1,184.4,0
105.31,Tool,Blue,-23.91,1510.07,397.27,0,33.0,2280.4,1948.8,-197.0,1
106.21,Optic,Blue,-15.2,468.98,683.94,0,33.0,2007.4,1968.7,-236.7,0
106.31,Taha (RLCS PRO BLUE TAG),Orange,55.19,1062.79,427.94,0,33.0,785.7,-76.5,219.3,1
108.38,Taha (RLCS PRO BLUE TAG),Orange,-846.1,1750.15,1487.75,0,33.0,857.8,42.1,-798.9,1
110.21,Taha (RLCS PRO BLUE TAG),Orange,-1238.39,310.47,2233.84,0,33.0,726.0,-726.0,-1028.4,1
112.44,Taha (RLCS PRO BLUE TAG),Orange,-2883.85,2032.54,2024.34,0,33.0,1373.4,-1299.2,-2815.6,0
114.97,Tool,Blue,-2943.51,1072.29,892.74,0,33.0,1266.4,202.7,-3028.0,1
116.57,Tool,Blue,-2091.17,197.82,1707.87,0,33.0,1500.3,935.7,-2284.1,0
118.24,queloque papi,Orange,-818.55,492.28,64.66,0,33.0,2080.3,-1891.6,-806.8,0
120.01,Tool,Blue,422.96,2672.61,1209.43,0,33.0,1872.1,1069.5,264.2,0
120.87,Taha (RLCS PRO BLUE TAG),Orange,2084.47,436.49,993.39,0,33.0,486.3,455.6,2193.4,1
123.61,Taha (RLCS PRO BLUE TAG),Orange,3263.66,2189.96,810.51,0,33.0,1869.1,-1847.8,3445.4,1
127.8,Taha (RLCS PRO BLUE TAG),Orange,647.91,1543.86,632.59,0,33.0,1794.7,-168.8,713.5,1
129.47,Taha (RLCS PRO BLUE TAG),Orange,-633.49,416.89,198.5,0,33.0,857.8,42.1,-798.9,0
129.5,Tool,Blue,-651.69,2080.47,78.9,0,33.0,1622.2,1480.2,-875.1,1
131.77,Tool,Blue,250.98,925.96,475.38,0,33.0,40.7,-40.6,283.9,0
131.87,queloque papi,Orange,284.42,1207.91,251.97,0,33.0,1670.2,-405.1,409.0,0
135.3,Tool,Blue,-4571.45,3317.62,380.47,0,33.0,1045.6,978.8,-4689.6,0
138.8,Taha (RLCS PRO BLUE TAG),Orange,1608.05,1466.32,1411.15,0,33.0,1479.9,-951.0,1752.2,0
142.4,Tool,Blue,-4621.54,761.67,1023.83,0,33.0,1175.1,-450.0,-4674.8,0
144.53,Taha (RLCS PRO BLUE TAG),Orange,-3752.72,1120.12,365.53,0,33.0,1544.0,573.7,-3759.7,0
144.7,Tool,Blue,-3631.33,1697.55,186.13,0,33.0,2287.3,1890.2,-3805.6,1
145.53,Tool,Blue,-2834.91,929.56,415.62,0,33.0,1636.4,796.5,-2854.6,0
147.83,queloque papi,Orange,180.84,923.32,624.16,0,33.0,1080.2,239.8,305.2,1
149.57,queloque papi,Orange,-141.85,2215.77,874.37,0,33.0,1911.9,-810.5,21.0,0
152.33,Optic,Blue,-3183.09,1166.83,336.85,0,33.0,909.2,495.6,-3360.5,1
153.8,Optic,Blue,-2202.36,1341.82,1331.9,0,33.0,1589.6,925.4,-2355.5,1
155.13,Tool,Blue,-891.52,244.71,510.74,0,33.0,2026.4,1954.3,-1007.6,0
157.03,Taha (RLCS PRO BLUE TAG),Orange,4406.56,1424.89,1513.13,0,33.0,1975.2,1563.0,4398.4,1
160.73,Taha (RLCS PRO BLUE TAG),Orange,-196.75,1668.89,648.1,0,33.0,2127.4,-2116.9,-56.9,0
162.63,Optic,Blue,-4804.82,2820.85,434.7,0,33.0,2266.7,-2192.1,-4658.2,0
165.03,queloque papi,Orange,-2824.66,1490.81,1645.01,0,33.0,1101.2,-966.8,-2752.9,0
166.56,Optic,Blue,-4522.15,1182.33,534.99,0,33.0,622.9,622.0,-4763.9,0
168.13,Taha (RLCS PRO BLUE TAG),Orange,-3131.28,1792.11,491.24,0,33.0,1988.8,-1487.7,-2975.8,0
168.19,Tool,Blue,-3283.62,306.5,347.22,0,33.0,1561.8,1560.1,-3393.4,1
171.13,Tool,Blue,-3828.12,1353.21,2431.67,0,33.0,586.3,-554.1,-3817.4,0
174.09,queloque papi,Orange,-589.43,1005.04,2097.92,0,33.0,2275.0,-2243.6,-397.2,0
175.46,Optic,Blue,-4950.71,2369.69,205.33,1,33.0,2211.1,-25.3,-5113.2,1
189.95,Optic,Blue,0.0,1344.96,633.44,0,33.0,2254.6,1882.2,-236.4,0
189.98,Taha (RLCS PRO BLUE TAG),Orange,0.0,1117.11,480.17,0,33.0,2255.4,-2107.5,229.2,1
190.81,queloque papi,Orange,-182.33,474.72,400.41,0,33.0,1792.2,-1327.0,-203.1,0
191.38,Tool,Blue,-308.34,2147.03,348.61,0,33.0,1375.9,-644.5,-157.2,1
192.45,Tool,Blue,-1378.5,1039.15,574.48,0,33.0,1755.4,-1062.8,-1183.7,0
195.08,queloque papi,Orange,-4372.47,1787.61,549.83,0,33.0,0.4,0.2,-4413.1,0
196.95,Tool,Blue,-4487.42,1811.32,870.45,0,33.0,1260.8,1121.5,-4717.4,1
198.51,Tool,Blue,-2185.9,442.28,475.45,0,33.0,1927.0,1729.9,-2222.3,0
199.51,Taha (RLCS PRO BLUE TAG),Orange,-1042.71,361.6,1288.77,0,33.0,786.3,-769.4,-935.0,1
202.11,Taha (RLCS PRO BLUE TAG),Orange,-2842.59,2065.95,745.39,0,33.0,1100.0,-881.0,-2680.8,0
202.91,Optic,Blue,-3658.58,1548.77,66.1,0,33.0,2293.9,2135.5,-3569.7,0
203.94,Taha (RLCS PRO BLUE TAG),Orange,-4943.0,1488.03,546.94,0,33.0,1336.6,-1267.2,-4709.9,0
206.21,Tool,Blue,-4349.82,868.87,970.81,0,33.0,893.8,843.2,-4439.5,0
207.71,queloque papi,Orange,-2420.59,574.79,1182.6,0,33.0,683.5,-659.4,-2238.4,0
209.74,Optic,Blue,-3769.65,1132.83,651.83,0,33.0,1618.0,-10.6,-3873.7,1
211.28,Optic,Blue,-3325.25,982.97,564.82,0,33.0,1682.1,887.6,-3481.8,0
211.58,Taha (RLCS PRO BLUE TAG),Orange,-3072.25,285.66,396.45,0,33.0,2293.1,-2240.0,-2865.7,0
213.44,Tool,Blue,-4608.65,2044.33,217.24,0,33.0,2142.9,-739.9,-4468.1,1
215.17,Optic,Blue,-5100.18,394.15,205.33,0,33.0,2211.1,-25.3,-5113.2,0
216.84,queloque papi,Orange,-4143.63,820.51,466.35,0,33.0,1608.4,-1343.1,-3953.9,0
217.87,Tool,Blue,-4922.53,410.36,605.91,0,33.0,1024.8,517.6,-5066.1,0
220.17,Taha (RLCS PRO BLUE TAG),Orange,-2910.94,2029.09,1787.63,0,33.0,531.6,-401.8,-2807.1,0
222.61,Tool,Blue,-4893.49,1139.62,470.36,0,33.0,221.3,0.2,-5103.0,0
224.51,Taha (RLCS PRO BLUE TAG),Orange,-4233.94,2345.68,385.01,0,33.0,1331.1,1325.8,-4235.8,0
226.11,Optic,Blue,-3483.55,429.38,1262.58,0,33.0,1426.7,1262.5,-3603.3,1
227.04,Optic,Blue,-1970.8,2127.23,1709.52,0,33.0,1785.1,1784.0,-2123.8,0
229.5,Taha (RLCS PRO BLUE TAG),Orange,3701.08,1160.61,762.47,0,33.0,1974.9,1960.1,3667.8,0
232.47,Tool,Blue,1773.02,1625.12,1033.88,0,33.0,1826.6,1724.2,1582.9,0
233.47,Taha (RLCS PRO BLUE TAG),Orange,4802.15,37.52,1560.8,0,33.0,9.5,-0.3,4820.8,1
251.91,Taha (RLCS PRO BLUE TAG),Orange,0.0,1085.62,591.85,0,33.0,2277.2,-2276.8,218.1,0
251.98,Tool,Blue,-41.43,1629.01,287.26,0,33.0,380.7,379.8,-173.9,1
257.58,Optic,Blue,592.28,2710.65,1068.45,0,33.0,1828.8,1816.8,466.8,0
259.04,Taha (RLCS PRO BLUE TAG),Orange,4319.78,554.04,1030.71,0,33.0,1322.7,-262.1,4416.9,0
259.84,Tool,Blue,4613.49,625.53,1353.68,0,33.0,2249.2,1579.3,4506.1,1
260.91,Tool,Blue,3258.85,1084.56,1047.24,0,33.0,1595.5,563.3,3095.2,1
263.11,Tool,Blue,4998.0,2686.28,445.93,0,33.0,2299.8,1335.9,4789.6,1
266.34,Tool,Blue,3376.96,2007.62,679.53,0,33.0,2202.1,827.1,3231.2,0
267.08,Taha (RLCS PRO BLUE TAG),Orange,4820.25,170.67,1313.23,0,33.0,857.3,531.7,4926.0,0
270.51,Optic,Blue,4797.92,2059.69,473.75,0,33.0,464.1,439.0,4639.3,0
271.41,Taha (RLCS PRO BLUE TAG),Orange,5129.7,626.91,434.92,1,33.0,798.7,-785.1,5316.4,0
272.94,Tool,Blue,3267.29,926.49,1054.68,0,33.0,2286.7,2077.1,3037.8,0
273.21,Taha (RLCS PRO BLUE TAG),Orange,3993.52,722.51,138.02,0,33.0,1389.4,-1234.1,4175.0,0
277.01,Optic,Blue,-325.88,1637.26,407.97,0,33.0,632.0,514.2,-432.6,1
278.27,Optic,Blue,736.34,823.9,1144.48,0,33.0,1411.4,1076.0,585.8,1
280.57,Optic,Blue,3539.4,753.77,971.27,0,33.0,2153.8,1886.2,3387.8,0
280.87,Taha (RLCS PRO BLUE TAG),Orange,4127.11,1119.03,336.47,0,33.0,855.6,-598.4,4278.5,0
299.52,Optic,Blue,0.0,1547.2,479.91,0,33.0,2290.2,2190.5,-238.1,0
299.52,Taha (RLCS PRO BLUE TAG),Orange,0.0,1058.39,479.91,0,33.0,2258.2,-2227.5,234.5,0
300.55,Tool,Blue,-203.97,1011.41,633.29,0,33.0,1360.9,953.6,-291.3,1
301.79,Tool,Blue,484.89,688.0,499.65,0,33.0,1783.1,339.1,584.2,1
303.82,Tool,Blue,695.01,610.33,1417.04,0,33.0,796.1,739.0,603.0,1
305.02,Tool,Blue,1403.23,586.06,1388.93,0,33.0,1193.1,696.8,1330.5,1
310.68,Tool,Blue,4770.67,974.03,395.15,0,33.0,1373.0,-384.4,4843.4,1
311.22,Optic,Blue,4215.73,526.03,906.44,0,33.0,964.8,-211.8,4034.5,1
312.98,Optic,Blue,3374.38,1531.06,2149.78,0,33.0,345.4,-256.6,3289.1,1
314.55,Optic,Blue,3974.17,3279.59,1453.84,0,33.0,916.8,738.5,3765.4,0
316.48,Taha (RLCS PRO BLUE TAG),Orange,4911.55,1556.48,291.7,1,33.0,359.4,-0.2,5103.0,1
317.62,Taha (RLCS PRO BLUE TAG),Orange,4550.86,586.43,272.55,0,33.0,1634.8,-1221.2,4620.9,0
322.38,Tool,Blue,634.91,1071.58,405.26,0,33.0,1061.8,1030.0,473.1,0
325.78,Taha (RLCS PRO BLUE TAG),Orange,4740.07,1507.0,461.11,0,33.0,811.7,-631.9,4886.8,0
326.15,Tool,Blue,4967.26,2055.21,676.81,0,33.0,626.0,-268.2,4991.5,0
11.18,Taha (RLCS PRO BLUE TAG),Orange,-33.35,1292.82,765.55,0,33.0,2009.5,-1497.3,137.6,0
11.28,LFT lodicat,Blue,-228.62,1259.01,368.78,0,33.0,2296.8,1741.7,-409.7,0
14.34,Chicago,Orange,-1157.14,7237.79,3207.17,0,33.0,724.1,-724.1,-1131.7,1
15.58,Chicago,Orange,-1487.15,6803.64,2723.72,0,33.0,1063.8,-78.8,-1541.7,0
17.21,taroco,Blue,-1917.59,3065.1,479.5,0,33.0,2089.0,2081.0,-2130.2,0
20.21,Taha (RLCS PRO BLUE TAG),Orange,-3038.35,1608.54,1577.12,0,33.0,2056.1,-1641.2,-2896.4,1
21.84,Chicago,Orange,-3593.14,1979.02,813.89,1,33.0,2267.1,-1802.1,-3441.4,0
35.75,taroco,Blue,9.48,1484.62,362.55,0,33.0,1073.0,625.9,-144.3,0
35.75,Taha (RLCS PRO BLUE TAG),Orange,9.48,1384.86,362.55,0,33.0,2261.9,-1931.3,211.5,0
36.65,LFT lodicat,Blue,-220.4,1079.94,541.83,0,33.0,2279.3,694.0,-380.9,1
39.95,LFT lodicat,Blue,2066.07,1980.39,1508.35,0,33.0,489.1,489.1,1973.4,0
42.45,Chicago,Orange,4047.46,1650.02,220.07,0,33.0,1421.9,-1418.8,4248.5,1
43.31,Chicago,Orange,2812.18,2746.54,1018.52,0,33.0,2053.2,-1668.2,2909.8,1
44.98,Chicago,Orange,593.44,3375.66,1061.28,0,33.0,1833.0,-1427.2,722.7,1
46.91,Chicago,Orange,-2836.32,1775.68,101.96,0,33.0,2074.7,-1990.1,-2633.9,0
47.58,taroco,Blue,-3814.26,1592.12,263.66,0,33.0,1609.8,1414.8,-4014.6,0
51.41,Taha (RLCS PRO BLUE TAG),Orange,4719.02,3616.81,2984.44,1,33.0,2200.8,1037.1,4749.7,1
54.28,Taha (RLCS PRO BLUE TAG),Orange,1598.52,1353.6,1160.01,0,33.0,2057.2,-2056.9,1754.7,1
55.88,Taha (RLCS PRO BLUE TAG),Orange,-1233.34,2070.6,1288.47,0,33.0,1792.1,-1709.7,-1280.9,0
58.14,taroco,Blue,-4374.23,1310.32,302.29,0,33.0,711.8,575.1,-4590.8,0
60.08,Chicago,Orange,-2371.25,3549.73,1162.69,0,33.0,1803.4,1538.9,-2579.4,1
64.21,Chicago,Orange,5017.08,4250.41,3834.82,1,33.0,92.4,-4.0,5101.1,1
66.98,Chicago,Orange,2166.89,2455.11,478.02,0,33.0,2097.3,-1860.7,2328.0,0
67.04,LFT lodicat,Blue,2097.55,4318.35,348.12,0,33.0,2299.9,776.3,1949.0,1
70.54,taroco,Blue,2561.91,1587.52,414.13,0,33.0,2061.3,2060.4,2395.8,0
70.57,Taha (RLCS PRO BLUE TAG),Orange,2618.69,1597.81,414.13,1,33.0,1319.3,-1304.2,2783.6,0
75.57,LFT lodicat,Blue,3488.65,2129.0,1164.99,0,33.0,2094.0,2078.5,3299.3,0
76.34,Chicago,Orange,4852.11,1011.2,1217.26,1,33.0,2115.9,-151.8,4985.5,1
80.34,Chicago,Orange,-35.76,3037.58,1770.48,0,33.0,2263.8,-2046.5,38.9,1
81.91,Chicago,Orange,-2675.4,2229.99,470.48,0,33.0,2299.7,-1823.2,-2566.6,0
81.97,taroco,Blue,-2815.66,3305.36,357.04,0,33.0,749.0,-678.3,-3027.3,1
83.91,LFT lodicat,Blue,-5035.11,1446.34,1800.08,0,33.0,2257.3,-803.9,-5000.8,0
85.51,Taha (RLCS PRO BLUE TAG),Orange,-2720.49,1474.36,453.56,0,33.0,2146.1,1927.9,-2718.7,0
86.24,LFT lodicat,Blue,-1507.31,2147.59,415.73,0,33.0,1873.7,1598.0,-1596.6,0
87.57,Taha (RLCS PRO BLUE TAG),Orange,1072.61,1579.65,227.28,0,33.0,2044.8,1394.2,1110.2,1
89.51,Chicago,Orange,4773.61,3981.0,1650.87,1,33.0,1394.4,786.6,4969.8,0
91.6,LFT lodicat,Blue,2261.3,3208.95,342.22,0,33.0,1585.9,-1491.3,2193.4,0
94.04,Chicago,Orange,374.3,3024.01,1788.1,0,33.0,1578.7,-280.1,371.8,0
95.3,taroco,Blue,-419.98,3134.05,334.89,0,33.0,2099.1,986.2,-494.2,0
95.37,Taha (RLCS PRO BLUE TAG),Orange,-380.81,1006.77,290.54,0,33.0,2216.6,-2124.3,-369.0,0
97.2,taroco,Blue,1369.68,2527.37,1572.51,0,33.0,1599.2,1147.3,1158.9,1
98.5,LFT lodicat,Blue,2463.06,2780.79,183.41,0,33.0,2276.7,2273.4,2293.2,1
109.92,taroco,Blue,46.6,1772.49,333.73,0,33.0,2280.0,2210.9,-156.3,0
109.92,Taha (RLCS PRO BLUE TAG),Orange,46.6,1380.74,333.73,0,33.0,2281.1,-2208.0,175.5,1
111.18,Chicago,Orange,839.13,1919.07,1074.88,0,33.0,2156.4,1902.3,659.8,0
114.25,LFT lodicat,Blue,4503.51,1557.14,656.9,0,33.0,2193.8,2083.4,4385.0,0
116.81,Taha (RLCS PRO BLUE TAG),Orange,2638.06,681.85,918.89,0,33.0,1415.4,-1413.2,2720.4,1
118.68,Taha (RLCS PRO BLUE TAG),Orange,-337.79,1724.68,1817.23,0,33.0,1719.3,-1706.1,-227.8,0
121.25,taroco,Blue,-4890.12,1444.99,608.62,0,33.0,390.9,379.4,-5070.2,0
122.81,Chicago,Orange,-3954.45,1389.08,516.79,0,33.0,1378.1,-1113.8,-3829.3,0
122.95,taroco,Blue,-4007.99,1265.81,248.15,0,33.0,1023.5,818.8,-4215.9,1
124.58,LFT lodicat,Blue,-5083.78,2942.58,2280.35,1,33.0,1236.2,9.8,-5195.3,0
127.68,Taha (RLCS PRO BLUE TAG),Orange,-3545.03,405.98,2208.89,0,33.0,829.2,505.8,-3536.3,1
128.44,Taha (RLCS PRO BLUE TAG),Orange,-3531.54,903.8,959.23,0,33.0,1004.7,-35.2,-3426.0,0
128.74,LFT lodicat,Blue,-3479.43,2743.2,299.0,0,33.0,914.2,878.3,-3632.0,1
135.02,taroco,Blue,4870.56,2004.29,1169.25,0,33.0,1492.0,920.8,4929.7,1
138.15,LFT lodicat,Blue,2307.54,1832.01,1066.4,0,33.0,2300.0,1668.8,2114.7,1
139.55,LFT lodicat,Blue,3310.1,765.57,728.41,0,33.0,589.8,563.3,3231.1,0
139.78,Taha (RLCS PRO BLUE TAG),Orange,3598.94,890.46,277.79,0,33.0,1627.6,110.4,3528.2,0
141.98,LFT lodicat,Blue,4060.56,1299.58,671.21,0,33.0,1858.3,558.1,3843.6,0
142.55,Chicago,Orange,4470.85,2564.19,1077.41,1,33.0,829.4,341.7,4612.7,1
144.28,Chicago,Orange,5016.52,1861.12,928.88,1,33.0,1125.4,-25.1,5090.8,0
144.91,taroco,Blue,4533.24,1074.9,490.01,0,33.0,606.7,57.0,4316.0,0
146.61,Chicago,Orange,3197.42,2263.78,146.06,0,33.0,1496.4,-966.4,3223.1,0
149.15,LFT lodicat,Blue,256.5,3496.42,431.81,0,33.0,1991.7,994.9,171.7,1
153.51,LFT lodicat,Blue,3075.72,790.31,856.35,0,33.0,1982.7,1619.4,2897.7,0
154.48,Chicago,Orange,4789.5,1451.46,419.82,1,33.0,1176.3,-1175.2,4907.8,1
159.44,Chicago,Orange,-4773.05,1376.1,825.8,0,33.0,2109.3,-1904.9,-4673.0,1
176.65,Chicago,Orange,16.25,672.45,481.11,0,33.0,2288.2,-2173.5,164.5,0
176.68,LFT lodicat,Blue,10.87,1742.51,320.26,0,33.0,817.0,280.9,-148.4,0
178.05,Taha (RLCS PRO BLUE TAG),Orange,621.01,686.84,204.12,0,33.0,2113.8,980.7,612.9,0
178.11,taroco,Blue,663.37,130.57,165.68,0,33.0,2103.4,1906.9,530.1,1
182.05,taroco,Blue,2772.25,926.83,925.14,0,33.0,2217.3,-862.4,2808.2,1
183.85,LFT lodicat,Blue,1635.18,739.5,1497.68,0,33.0,1610.4,1605.0,1495.7,0
185.28,Taha (RLCS PRO BLUE TAG),Orange,4579.32,2498.56,2829.92,1,33.0,1627.1,-73.5,4666.7,1
188.65,Chicago,Orange,155.8,1104.14,410.89,0,33.0,1876.0,1794.7,-38.0,0
189.11,taroco,Blue,-399.44,723.07,403.1,0,33.0,2070.9,1922.5,-440.7,0
189.28,Taha (RLCS PRO BLUE TAG),Orange,-268.56,203.71,78.28,0,33.0,2236.3,-2228.1,-202.3,0
190.44,taroco,Blue,724.47,605.05,757.92,0,33.0,590.7,590.7,626.9,1
192.41,taroco,Blue,2834.67,972.1,1025.67,0,33.0,1712.2,1350.1,2705.3,0
194.28,Chicago,Orange,4577.42,2455.12,298.37,1,33.0,1488.5,-1063.1,4794.3,0
195.94,LFT lodicat,Blue,2610.65,571.68,677.08,0,33.0,2289.5,-711.0,2533.9,1
196.84,LFT lodicat,Blue,2351.77,1333.1,1470.75,0,33.0,65.8,17.4,2197.1,1
198.91,LFT lodicat,Blue,2812.97,1418.11,2819.94,0,33.0,680.3,346.7,2732.9,0
200.61,Chicago,Orange,3670.35,1506.15,426.88,0,33.0,2260.8,2029.1,3681.9,1
203.21,Chicago,Orange,2953.47,1646.81,1123.44,0,33.0,1725.5,-1717.5,3110.7,0
205.91,taroco,Blue,-2432.2,2182.23,1820.84,0,33.0,1828.4,-1183.3,-2585.3,1
208.45,LFT lodicat,Blue,-3843.58,1865.1,1011.64,0,33.0,763.5,712.5,-3930.2,0
209.95,Chicago,Orange,-1889.39,1132.91,683.68,0,33.0,2070.2,-145.0,-1696.1,1
212.48,Chicago,Orange,-4849.43,876.6,902.15,0,33.0,2294.6,-2108.8,-4721.9,0
212.85,taroco,Blue,-4609.96,1678.03,354.16,0,33.0,1709.1,1342.5,-4785.5,1
213.45,LFT lodicat,Blue,-4223.99,1755.48,1282.55,0,33.0,1521.8,-1374.0,-4181.9,0
216.45,Taha (RLCS PRO BLUE TAG),Orange,-1673.85,844.31,2388.49,0,33.0,354.3,180.4,-1586.8,0
218.05,LFT lodicat,Blue,-2308.17,2468.27,1025.02,0,33.0,1422.4,1361.5,-2471.1,0
220.58,Chicago,Orange,422.41,1786.47,384.18,0,33.0,2233.9,-415.8,508.6,0
220.68,taroco,Blue,445.78,1944.15,209.29,0,33.0,1932.9,1512.9,323.0,0
222.75,Taha (RLCS PRO BLUE TAG),Orange,1626.43,1225.33,411.71,0,33.0,1560.5,1194.1,1689.6,0
224.98,LFT lodicat,Blue,-796.18,2208.65,465.68,0,33.0,839.6,335.7,-953.4,0
225.01,Chicago,Orange,-841.57,881.79,302.56,0,33.0,1742.8,-1549.5,-685.4,0
227.15,LFT lodicat,Blue,-4268.43,1970.6,273.46,0,33.0,2219.8,-2044.5,-4188.1,1
229.31,LFT lodicat,Blue,-3605.53,1724.0,931.04,0,33.0,1371.4,1280.9,-3767.1,1
230.78,LFT lodicat,Blue,-1474.83,1796.57,1598.78,0,33.0,1683.7,1624.1,-1595.8,0
232.71,Taha (RLCS PRO BLUE TAG),Orange,2697.8,681.64,486.82,0,33.0,567.8,559.8,2878.3,1
235.44,Chicago,Orange,3961.69,489.73,566.81,0,33.0,930.2,-428.9,4144.2,1
235.64,Taha (RLCS PRO BLUE TAG),Orange,3904.49,362.02,100.28,0,33.0,2289.4,2055.1,3726.1,0
235.74,LFT lodicat,Blue,3838.43,751.8,100.28,0,33.0,1960.7,1939.6,3677.3,0
236.38,Chicago,Orange,3463.5,383.2,287.67,0,33.0,542.8,-542.5,3634.6,0
237.08,taroco,Blue,3143.99,858.72,820.03,0,33.0,193.5,-127.4,2915.3,0
238.28,Chicago,Orange,3186.06,893.11,416.83,0,33.0,1002.5,-991.7,3398.8,1
239.71,Taha (RLCS PRO BLUE TAG),Orange,3831.57,1127.46,1223.28,1,33.0,1146.2,-292.2,3944.4,1
241.21,Chicago,Orange,1655.32,1716.52,1338.49,0,33.0,508.2,-508.2,1639.5,1
242.44,Chicago,Orange,357.18,459.12,257.14,0,33.0,1296.7,-1188.3,414.5,0
244.81,LFT lodicat,Blue,-2279.19,1588.37,497.39,0,33.0,2001.0,1839.7,-2442.6,0
247.18,Taha (RLCS PRO BLUE TAG),Orange,1862.5,921.27,265.24,0,33.0,556.6,240.9,2032.8,1
248.84,Taha (RLCS PRO BLUE TAG),Orange,1698.14,1415.78,975.93,0,33.0,821.9,-709.8,1897.4,0
249.04,taroco,Blue,1543.0,1874.8,388.16,0,33.0,1920.1,1819.9,1436.6,0
252.74,Chicago,Orange,-2017.28,2303.67,232.51,0,33.0,2298.6,-2007.7,-1845.9,0
252.77,LFT lodicat,Blue,-2066.33,1769.69,241.29,0,33.0,2300.0,-2285.7,-1893.3,1
263.89,LFT lodicat,Blue,0.0,1719.84,398.63,0,33.0,2268.4,1714.0,-177.2,0
263.92,Chicago,Orange,18.5,686.06,345.65,0,33.0,2229.9,-2213.5,150.9,1
265.79,Chicago,Orange,-30.67,1056.42,410.89,0,33.0,1876.0,1794.7,-38.0,1
266.22,Taha (RLCS PRO BLUE TAG),Orange,-51.02,76.68,404.68,0,33.0,2213.2,-147.2,4.9,0
268.46,taroco,Blue,-1098.18,2026.62,670.62,0,33.0,1746.0,1745.9,-1323.5,0
268.56,Taha (RLCS PRO BLUE TAG),Orange,-918.05,680.21,421.63,0,33.0,2206.9,-171.4,-728.8,0
270.79,LFT lodicat,Blue,-1019.12,3330.59,1315.66,1,33.0,1279.1,1103.6,-1184.3,1
272.72,LFT lodicat,Blue,1424.54,2422.31,1258.3,0,33.0,2068.6,2059.2,1273.9,1
275.29,LFT lodicat,Blue,3460.3,1105.7,1890.59,0,33.0,964.5,-685.6,3353.6,0
276.42,Taha (RLCS PRO BLUE TAG),Orange,3402.11,2703.23,115.25,0,33.0,2276.6,1597.6,3203.3,1
278.42,Chicago,Orange,3633.97,1696.42,875.67,0,33.0,1341.7,-1191.8,3812.5,0
280.52,LFT lodicat,Blue,155.9,2931.49,115.46,0,33.0,1987.6,-1575.7,168.3,1
282.05,taroco,Blue,-2610.63,1240.92,432.71,1,33.0,1335.1,1286.8,-2777.5,1
283.65,taroco,Blue,-902.52,3183.19,1247.11,0,33.0,1136.1,1134.9,-974.0,1
285.12,taroco,Blue,790.76,1866.4,781.37,0,33.0,1221.9,1159.8,730.5,0
287.65,Taha (RLCS PRO BLUE TAG),Orange,4752.61,506.0,535.37,1,33.0,236.1,219.5,4943.7,0
288.79,LFT lodicat,Blue,4442.16,2024.77,927.27,0,33.0,1775.4,1275.1,4213.7,0
289.22,Chicago,Orange,4985.18,946.52,723.85,0,33.0,528.1,-113.2,4872.9,1
291.05,Chicago,Orange,4433.68,965.22,604.17,1,33.0,2136.3,-1497.8,4540.5,0
291.99,LFT lodicat,Blue,2617.89,1077.54,357.18,0,33.0,2046.0,-1998.1,2740.9,0
292.09,Chicago,Orange,2386.59,1512.19,250.37,0,33.0,2266.0,-2265.8,2527.5,1
293.05,Chicago,Orange,-56.71,599.16,410.89,0,33.0,1876.0,1794.7,-38.0,0
295.25,taroco,Blue,-4492.68,1068.34,804.83,1,33.0,492.1,236.2,-4652.7,1
296.62,taroco,Blue,-3590.93,993.19,282.08,0,33.0,1031.7,915.1,-3748.6,1
298.18,taroco,Blue,-916.86,1681.27,998.73,0,33.0,2123.4,1886.7,-1014.8,0
299.75,Taha (RLCS PRO BLUE TAG),Orange,2045.9,295.48,406.32,0,33.0,2280.2,2215.6,2198.5,1
300.75,Chicago,Orange,3917.43,695.31,688.65,1,33.0,807.6,388.0,4122.3,0
300.92,taroco,Blue,3951.33,1966.5,474.23,0,33.0,1175.3,1163.3,3832.2,0
302.32,Taha (RLCS PRO BLUE TAG),Orange,4516.19,1819.34,1320.25,0,33.0,796.9,14.0,4546.8,0
302.92,LFT lodicat,Blue,4074.22,2040.38,636.24,0,33.0,2261.3,1797.3,3873.5,0
305.75,Chicago,Orange,3384.86,1471.37,2218.37,0,33.0,2262.8,-2262.0,3551.2,1
306.75,Taha (RLCS PRO BLUE TAG),Orange,780.04,1136.42,419.52,0,33.0,1605.0,-1467.7,832.7,0
306.85,LFT lodicat,Blue,510.39,2121.0,370.64,0,33.0,1532.9,-607.4,351.8,1
309.65,taroco,Blue,-2816.96,2257.28,869.42,1,33.0,1422.1,1252.6,-2928.3,1
311.45,LFT lodicat,Blue,373.06,996.29,731.72,0,33.0,2293.5,2067.8,227.4,0
322.27,Taha (RLCS PRO BLUE TAG),Orange,0.0,785.2,504.25,0,33.0,2268.0,-1859.4,221.6,0
322.3,taroco,Blue,-2.58,1511.9,316.09,0,33.0,341.1,331.8,-156.4,1
323.8,LFT lodicat,Blue,4.11,1594.8,617.88,0,33.0,2297.6,713.5,-161.5,1
324.57,taroco,Blue,935.15,927.86,1249.36,0,33.0,2300.0,2183.3,1019.4,1
325.97,LFT lodicat,Blue,2215.9,1160.0,1043.37,0,33.0,1321.0,1265.0,2037.2,0
328.47,Taha (RLCS PRO BLUE TAG),Orange,4570.82,1991.54,1286.11,0,33.0,1822.1,-1280.8,4704.8,0
330.6,taroco,Blue,737.87,1264.33,581.09,0,33.0,1492.5,-537.6,576.9,0
330.84,Taha (RLCS PRO BLUE TAG),Orange,670.37,1480.05,288.63,0,33.0,2229.7,-1548.6,787.1,0
331.9,taroco,Blue,786.64,601.87,750.28,0,33.0,620.3,571.4,617.4,0
333.64,Taha (RLCS PRO BLUE TAG),Orange,2249.22,1683.83,553.26,0,33.0,2265.8,2058.7,2059.6,1
334.83,Chicago,Orange,5004.91,476.59,1731.7,1,33.0,823.7,-0.2,5103.0,1
337.37,Chicago,Orange,4370.8,226.53,1991.97,0,33.0,836.1,-19.7,4459.7,0
338.33,LFT lodicat,Blue,4089.25,942.79,444.76,0,33.0,1349.9,1343.2,3954.4,1
340.07,taroco,Blue,4412.05,547.09,117.78,0,33.0,2254.1,2240.5,4189.5,0
340.43,Taha (RLCS PRO BLUE TAG),Orange,5124.45,553.07,309.15,1,33.0,1274.1,49.1,5110.2,1
353.34,Taha (RLCS PRO BLUE TAG),Orange,0.0,784.66,381.54,0,33.0,2261.1,-1959.3,207.2,0
353.34,taroco,Blue,0.0,1498.78,381.54,0,33.0,2269.1,1852.7,-149.5,0
354.21,Chicago,Orange,131.22,1004.2,502.16,0,33.0,2090.6,-742.1,262.5,0
355.81,LFT lodicat,Blue,-1010.87,917.79,562.92,0,33.0,2250.5,2215.1,-875.5,0
356.08,Chicago,Orange,-1125.98,834.25,262.84,0,33.0,2078.5,-2077.3,-985.6,1
358.61,Chicago,Orange,-3923.78,1816.92,1327.75,0,33.0,1615.8,-991.2,-3704.4,0
360.64,taroco,Blue,-4573.56,284.67,300.31,0,33.0,1801.2,1286.8,-4685.1,1
362.71,taroco,Blue,-1282.14,534.71,346.69,0,33.0,2147.0,2017.5,-1408.0,1
362.81,LFT lodicat,Blue,-968.22,378.33,782.88,0,33.0,2250.5,2215.1,-875.5,0
365.04,Taha (RLCS PRO BLUE TAG),Orange,4922.26,2626.03,1423.63,1,33.0,2266.0,2252.3,4687.2,0
367.31,LFT lodicat,Blue,3873.7,1481.21,951.33,0,33.0,1992.6,1992.5,3758.8,1
368.91,LFT lodicat,Blue,4711.67,1763.01,785.89,0,33.0,2289.1,-1238.7,4798.2,0
369.04,Chicago,Orange,4670.93,1867.3,479.19,0,33.0,900.5,46.6,4747.3,0
372.81,taroco,Blue,2004.36,879.37,1657.14,0,33.0,793.9,203.5,1849.9,1
374.11,taroco,Blue,2763.76,1027.66,1374.55,0,33.0,1781.2,979.5,2608.0,0
375.04,Chicago,Orange,3360.63,758.24,450.58,0,33.0,1283.0,252.7,3580.9,0
386.82,taroco,Blue,0.0,2021.48,382.88,0,33.0,2270.6,2259.6,-191.1,0
9.88,no friday rlcs streams :(,Blue,15.71,1667.14,596.67,0,33.0,2266.6,2218.0,-225.5,0
13.34,Breezi,Orange,-1639.83,1222.16,3125.01,0,33.0,1428.3,-623.7,-1607.5,0
14.86,Colonel,Blue,-4426.31,4142.16,1123.57,1,33.0,860.5,-453.4,-4523.4,0
15.06,Breezi,Orange,-4083.37,2164.91,727.3,1,33.0,2052.3,-1815.5,-3871.2,1
27.01,c3yyh554(?),Orange,-16.49,1157.43,545.74,0,33.0,2285.5,-2109.7,177.2,0
28.13,no friday rlcs streams :(,Blue,-2973.06,4130.77,1112.77,1,33.0,1789.1,936.0,-3141.5,1
30.57,no friday rlcs streams :(,Blue,25.55,2317.74,1712.93,0,33.0,1421.0,1418.2,-207.0,0
32.69,c3yyh554(?),Orange,4802.87,2854.62,1142.68,1,33.0,2299.9,1677.6,4826.8,0
42.29,Colonel,Blue,0.0,1787.92,432.95,0,33.0,2283.2,2242.4,-241.2,0
42.29,c3yyh554(?),Orange,0.0,1610.52,432.95,0,33.0,2279.3,-1719.6,190.8,1
46.18,Breezi,Orange,4834.31,4374.49,2871.49,1,33.0,777.9,-309.3,4925.6,1
47.97,Breezi,Orange,3896.01,2638.83,2189.07,0,33.0,1236.9,-702.1,4018.1,0
49.39,no friday rlcs streams :(,Blue,2741.41,2359.3,455.55,0,33.0,1762.2,419.4,2569.5,0
50.31,c3yyh554(?),Orange,2912.73,967.88,867.93,1,33.0,495.5,-485.7,3073.6,1
51.96,c3yyh554(?),Orange,1442.04,740.68,1912.39,0,33.0,1131.8,-1128.4,1541.2,1
52.95,c3yyh554(?),Orange,190.67,1242.64,1206.07,0,33.0,1394.8,-1387.9,294.3,0
54.2,Colonel,Blue,-1421.18,954.46,314.01,0,33.0,520.3,-27.6,-1518.0,1
56.39,no friday rlcs streams :(,Blue,-2570.49,1658.02,358.11,1,33.0,1661.5,1253.0,-2716.9,0
56.59,Breezi,Orange,-2336.87,145.8,314.19,0,33.0,1882.3,-758.6,-2223.7,0
59.11,Colonel,Blue,-4262.81,2667.89,971.43,1,33.0,1582.6,-1412.8,-4216.4,1
61.85,no friday rlcs streams :(,Blue,-2918.86,1713.44,1825.03,0,33.0,2156.3,1112.9,-2976.6,1
63.65,no friday rlcs streams :(,Blue,-945.63,968.51,470.52,0,33.0,1983.1,1098.1,-1029.5,1
65.31,Colonel,Blue,962.7,495.48,1680.85,0,33.0,1124.2,645.7,940.6,1
66.37,Colonel,Blue,1656.06,1324.71,2385.01,0,33.0,587.1,587.1,1593.0,1
68.87,Colonel,Blue,3112.39,1703.52,1523.02,0,33.0,1346.9,322.0,3058.3,0
70.06,c3yyh554(?),Orange,4159.92,943.46,644.26,0,33.0,438.9,66.1,4249.9,1
71.58,c3yyh554(?),Orange,4462.62,605.63,2013.76,0,33.0,952.5,146.6,4482.1,1
74.49,Breezi,Orange,4869.74,104.47,2173.56,1,33.0,1303.7,118.0,4958.9,1
75.5,Breezi,Orange,4786.66,577.88,601.4,1,33.0,1011.3,-369.5,4901.6,0
75.64,Colonel,Blue,4644.44,2239.15,320.17,0,33.0,1446.9,1372.2,4527.3,1
78.45,no friday rlcs streams :(,Blue,3878.63,2171.99,1425.1,0,33.0,1369.6,593.0,3680.5,0
79.25,Breezi,Orange,4760.74,3186.03,652.4,1,33.0,1747.9,-460.9,4957.4,1
80.03,Breezi,Orange,4743.42,3536.6,385.82,1,33.0,1938.1,85.3,4621.9,0
81.75,Colonel,Blue,3481.74,1153.08,528.51,0,33.0,527.1,432.5,3297.8,0
81.92,Breezi,Orange,3582.97,1758.72,318.32,0,33.0,1800.5,-1666.1,3524.3,0
84.73,Colonel,Blue,3593.07,1896.64,1746.71,0,33.0,997.1,780.6,3476.0,0
86.32,c3yyh554(?),Orange,4664.91,1561.99,437.96,0,33.0,841.3,-589.5,4866.4,0
96.05,Colonel,Blue,-33.66,1552.05,327.73,0,33.0,2289.0,2158.6,-182.3,0
96.05,c3yyh554(?),Orange,-33.66,1528.91,327.73,0,33.0,1997.6,-1476.5,134.9,0
99.15,no friday rlcs streams :(,Blue,-1612.81,4305.97,1061.09,1,33.0,1386.0,-179.7,-1801.1,0
101.35,c3yyh554(?),Orange,-1301.14,3215.58,308.28,0,33.0,1723.9,60.2,-1220.4,0
101.52,no friday rlcs streams :(,Blue,-1285.99,3601.98,243.79,0,33.0,1597.8,639.2,-1436.1,0
102.74,c3yyh554(?),Orange,-1471.41,839.94,341.7,0,33.0,2170.1,-1095.5,-1340.8,0
104.3,Colonel,Blue,-3583.18,1722.68,457.01,1,33.0,1959.3,-1229.7,-3715.0,0
104.62,c3yyh554(?),Orange,-3979.31,2058.27,355.01,0,33.0,1810.1,-1506.2,-3792.0,0
106.98,no friday rlcs streams :(,Blue,-4079.44,435.64,1887.81,0,33.0,1209.1,1198.6,-4275.7,0
109.74,c3yyh554(?),Orange,1770.93,386.8,2592.93,0,33.0,1197.1,-1184.1,1859.0,1
109.81,Breezi,Orange,1923.67,337.91,2722.16,0,33.0,1435.9,1069.0,2005.9,1
112.27,Breezi,Orange,3846.46,1994.81,2491.72,0,33.0,1977.2,-223.3,4051.6,1
115.18,Breezi,Orange,2173.12,3050.93,1787.79,0,33.0,1204.0,-1157.8,2322.4,0
116.12,no friday rlcs streams :(,Blue,913.42,2048.14,333.7,0,33.0,1006.8,533.8,713.0,0
118.93,c3yyh554(?),Orange,2660.23,1581.13,1364.93,1,33.0,2242.6,520.3,2687.4,1
121.23,c3yyh554(?),Orange,2802.54,1379.41,615.43,1,33.0,1096.6,-977.7,2949.0,0
121.3,no friday rlcs streams :(,Blue,2771.62,2642.68,335.24,0,33.0,2294.8,1968.5,2565.5,0
123.66,Breezi,Orange,4329.65,2392.75,447.84,1,33.0,2249.2,970.8,4251.5,0
123.76,Colonel,Blue,4375.43,1585.97,170.43,0,33.0,2275.6,2171.6,4230.8,1
126.0,no friday rlcs streams :(,Blue,1853.28,679.23,1425.9,0,33.0,1884.6,-1347.6,1828.5,1
126.74,no friday rlcs streams :(,Blue,1689.87,695.02,1928.15,0,33.0,1268.2,387.4,1515.5,0
128.87,c3yyh554(?),Orange,4096.5,1869.82,798.4,1,33.0,1662.8,-1.5,4248.9,0
129.92,no friday rlcs streams :(,Blue,3669.79,3678.38,496.47,0,33.0,1295.8,-851.3,3715.4,0
133.41,c3yyh554(?),Orange,3055.61,1089.03,283.38,0,33.0,2211.8,183.1,3091.3,1
137.2,Breezi,Orange,2313.31,1940.23,1055.8,0,33.0,1436.8,-1414.2,2413.2,1
138.69,Breezi,Orange,224.89,1685.59,1696.82,0,33.0,1704.4,-1588.0,296.9,0
142.44,no friday rlcs streams :(,Blue,-4970.59,844.23,1075.59,1,33.0,1492.5,462.9,-4995.3,1
144.84,no friday rlcs streams :(,Blue,-2244.45,1828.83,1710.15,0,33.0,1350.7,1350.7,-2377.3,0
146.43,Breezi,Orange,-44.76,3569.59,381.75,0,33.0,2116.0,486.5,39.0,0
148.42,no friday rlcs streams :(,Blue,-108.38,2660.27,129.95,0,33.0,2240.4,-2212.8,108.2,1
149.95,Colonel,Blue,-1827.08,2030.36,1492.29,0,33.0,983.8,496.2,-2022.6,1
151.8,Colonel,Blue,755.91,1540.45,384.71,0,33.0,1680.4,1679.8,631.8,0
151.8,c3yyh554(?),Orange,755.91,1537.2,384.71,0,33.0,745.7,240.2,962.6,0
153.36,no friday rlcs streams :(,Blue,351.14,2422.44,997.19,0,33.0,2037.9,1162.2,220.2,1
156.37,no friday rlcs streams :(,Blue,3409.94,1240.13,1205.46,0,33.0,1950.5,1413.9,3324.9,0
157.55,Breezi,Orange,5022.06,3046.81,511.58,1,33.0,533.1,-168.4,5203.5,0
158.97,Colonel,Blue,4507.38,1227.91,775.54,0,33.0,1851.1,1846.9,4316.6,0
159.18,Breezi,Orange,4747.26,2898.04,356.38,1,33.0,570.6,-275.6,4886.9,0
161.28,no friday rlcs streams :(,Blue,4484.83,789.82,424.37,0,33.0,1542.3,682.7,4387.0,0
162.53,c3yyh554(?),Orange,4805.7,3180.38,361.26,1,33.0,729.3,459.8,4923.3,1
163.17,c3yyh554(?),Orange,4567.74,2954.02,395.56,1,33.0,1130.3,-1123.1,4782.5,0
163.24,no friday rlcs streams :(,Blue,4551.35,2352.1,363.71,0,33.0,767.1,-57.3,4487.6,0
166.45,Breezi,Orange,2016.93,326.58,848.78,1,33.0,1164.5,-798.3,2048.1,1
168.01,Breezi,Orange,561.34,1440.73,1876.13,0,33.0,559.2,-557.0,582.6,0
170.11,Colonel,Blue,-1825.86,2762.46,261.84,0,33.0,921.3,-530.6,-1965.1,0
170.11,Breezi,Orange,-1825.86,1011.9,261.84,0,33.0,1606.7,-1469.8,-1704.7,0
172.55,no friday rlcs streams :(,Blue,-3560.65,2303.28,1792.64,0,33.0,1006.4,1005.3,-3744.3,1
174.23,no friday rlcs streams :(,Blue,-1306.39,2778.98,1549.74,1,33.0,1919.4,1918.9,-1371.9,1
177.48,Colonel,Blue,4596.31,1162.84,318.44,0,33.0,2265.5,1982.0,4444.3,1
192.55,no friday rlcs streams :(,Blue,0.0,1242.91,450.39,0,33.0,2277.4,2191.5,-198.8,0
192.61,Breezi,Orange,61.18,1118.66,288.36,0,33.0,995.0,202.4,167.7,0
196.02,Colonel,Blue,3036.82,2467.68,1644.87,0,33.0,1028.6,1028.6,3038.7,1
197.55,Colonel,Blue,3799.24,2227.0,1667.86,0,33.0,1102.9,157.0,3834.1,0
198.93,c3yyh554(?),Orange,4281.67,2991.66,326.29,0,33.0,1929.3,-1137.5,4479.5,0
201.63,no friday rlcs streams :(,Blue,1662.2,677.72,451.35,0,33.0,2136.3,758.6,1519.7,0
201.7,Breezi,Orange,1698.5,897.88,353.78,0,33.0,1395.9,-1395.0,1796.0,1
203.76,Breezi,Orange,-745.74,1912.24,1033.26,0,33.0,2272.6,-994.8,-659.7,1
207.12,c3yyh554(?),Orange,-3010.83,2656.16,826.87,0,33.0,443.8,420.6,-2882.0,0
208.37,no friday rlcs streams :(,Blue,-3454.48,500.29,1607.5,0,33.0,1839.0,685.3,-3596.9,1
209.69,Colonel,Blue,-2161.77,484.53,1390.96,0,33.0,1983.4,1897.2,-2272.8,1
212.07,Colonel,Blue,2127.79,1723.63,869.93,0,33.0,2241.6,1637.5,1968.4,0
213.32,c3yyh554(?),Orange,4226.73,2362.73,1017.21,1,33.0,2300.0,-726.7,4351.1,0
214.54,no friday rlcs streams :(,Blue,3091.73,436.76,1163.76,0,33.0,2105.3,1864.2,2911.8,1
214.58,Colonel,Blue,3155.1,382.16,930.33,0,33.0,1339.3,-1307.7,3208.1,0
215.08,c3yyh554(?),Orange,4433.1,3065.44,939.33,1,33.0,1758.2,1242.3,4636.4,0
215.85,no friday rlcs streams :(,Blue,5023.86,2091.65,225.22,0,33.0,1918.2,591.1,5092.9,0
219.23,Breezi,Orange,2258.95,511.19,980.35,0,33.0,1250.7,-1163.5,2368.3,1
220.18,Breezi,Orange,1148.95,898.05,1632.21,0,33.0,1372.8,-1278.0,1191.4,1
225.73,Breezi,Orange,-4258.28,2051.76,455.06,0,33.0,339.4,81.9,-4154.6,0
225.9,no friday rlcs streams :(,Blue,-4190.45,2853.91,232.85,0,33.0,1309.2,1080.6,-4325.7,0
227.59,c3yyh554(?),Orange,-3902.86,2146.6,1801.48,0,33.0,1542.6,-1174.8,-3694.9,0
228.64,Colonel,Blue,-4783.56,4680.6,286.22,1,33.0,639.1,637.9,-4896.1,0
231.65,Breezi,Orange,-4267.9,2926.66,862.21,0,33.0,2074.9,-1321.7,-4068.1,1
232.6,Breezi,Orange,-4193.04,4361.16,558.98,0,33.0,260.6,103.8,-4180.1,0
236.69,no friday rlcs streams :(,Blue,-4136.37,1158.71,410.24,0,33.0,708.1,355.5,-4276.7,1
239.2,Colonel,Blue,-4564.89,1388.2,368.47,1,33.0,1052.5,997.9,-4722.9,1
241.77,no friday rlcs streams :(,Blue,80.8,2116.12,928.96,0,33.0,2024.0,1898.6,-81.0,0
244.47,c3yyh554(?),Orange,3489.93,2446.15,1026.38,1,33.0,1246.7,-625.0,3654.9,1
246.09,Breezi,Orange,825.48,1391.35,1222.08,0,33.0,1222.4,-1021.1,853.0,0
247.51,no friday rlcs streams :(,Blue,-1238.56,3265.62,364.93,0,33.0,2272.0,-1595.7,-1256.5,0
247.58,Breezi,Orange,-1308.76,2151.71,295.08,0,33.0,1641.3,-1569.3,-1222.1,0
250.18,Colonel,Blue,-3781.04,1002.32,2177.35,0,33.0,1976.6,47.0,-3935.6,1
254.35,Colonel,Blue,1311.85,2067.68,899.83,0,33.0,2079.5,1613.2,1268.0,0
255.53,Breezi,Orange,2828.24,767.28,208.41,0,33.0,1963.7,-1839.7,2942.4,0
259.92,Colonel,Blue,-1869.8,3052.47,708.79,0,33.0,2208.5,-1145.8,-1760.5,1
262.66,no friday rlcs streams :(,Blue,-4211.9,1793.1,348.64,1,33.0,1947.1,637.0,-4260.4,0
262.69,Breezi,Orange,-4176.73,2603.38,323.74,0,33.0,2288.5,-1096.0,-4018.9,0
265.37,Colonel,Blue,-1654.19,439.02,1130.5,0,33.0,2009.2,1652.4,-1709.8,0
266.97,c3yyh554(?),Orange,816.74,1090.1,617.27,0,33.0,813.7,570.9,955.0,0
269.83,no friday rlcs streams :(,Blue,-853.27,2213.66,1107.53,0,33.0,342.7,324.0,-1050.1,0
272.24,c3yyh554(?),Orange,1497.52,169.52,337.34,0,33.0,691.4,-487.8,1690.6,0
274.41,Colonel,Blue,1089.49,2351.73,317.7,0,33.0,1476.7,1300.5,926.2,0
274.45,Breezi,Orange,1161.93,709.03,256.52,0,33.0,748.8,-396.9,1177.8,0
10.92,no friday rlcs streams :(,Blue,-5.94,1674.46,330.04,0,33.0,2281.6,2209.9,-179.2,0
10.92,Kirox15,Orange,-5.94,1563.81,330.04,0,33.0,1056.7,-528.9,135.8,1
11.92,Nightmare?,Orange,19.07,299.49,270.55,0,33.0,2295.1,-406.8,74.7,0
11.99,Syke,Blue,2.4,1000.46,287.65,1,33.0,2290.7,381.4,-167.0,0
14.01,Nightmare?,Orange,-527.96,3597.17,259.81,0,33.0,1368.0,-1070.8,-392.4,0
16.06,Syke,Blue,-2828.29,1028.61,513.05,0,33.0,2059.7,-1267.4,-2896.1,0
18.56,Nightmare?,Orange,-3688.19,2566.06,657.16,0,33.0,2047.0,-611.0,-3580.6,0
20.83,Syke,Blue,-4320.33,2398.21,882.46,1,33.0,435.5,435.3,-4402.3,1
22.33,Syke,Blue,-2637.0,1659.89,1651.39,0,33.0,1663.2,1606.4,-2811.7,0
24.04,Kirox15,Orange,-806.64,4488.73,329.96,0,33.0,1233.7,-1227.8,-617.7,0
25.82,no friday rlcs streams :(,Blue,-3548.97,2467.74,552.87,1,33.0,1050.5,-1029.6,-3584.6,0
27.91,Kirox15,Orange,-4225.96,1182.31,369.32,0,33.0,1162.9,961.0,-4442.2,0
28.32,no friday rlcs streams :(,Blue,-3980.7,2038.68,61.38,0,33.0,1559.2,1039.9,-4125.3,0
29.21,Nightmare?,Orange,-2724.6,959.04,709.26,1,33.0,439.9,335.8,-2592.2,0
31.64,Syke,Blue,-3310.08,1127.89,807.97,1,33.0,1466.9,299.0,-3408.0,1
33.59,Syke,Blue,-1673.22,2319.65,1890.19,0,33.0,1499.6,1410.2,-1794.7,1
35.6,Syke,Blue,1827.1,2683.11,2046.8,0,33.0,2046.4,1974.9,1685.0,0
38.41,Nightmare?,Orange,4390.74,275.63,674.42,0,33.0,1199.9,-442.3,4410.9,0
41.0,no friday rlcs streams :(,Blue,1094.96,3203.85,641.64,1,33.0,1907.4,207.2,938.0,0
41.14,Nightmare?,Orange,1323.71,1621.52,328.2,0,33.0,2285.7,-1880.6,1293.7,0
42.2,Syke,Blue,2634.27,1923.69,1048.13,0,33.0,1200.2,-180.9,2715.0,0
42.88,Kirox15,Orange,3228.43,4216.48,347.84,1,33.0,1358.2,-1341.4,3459.0,1
45.29,Nightmare?,Orange,-1416.68,994.93,742.87,0,33.0,1506.3,-1278.5,-1331.5,0
49.31,Syke,Blue,-3930.43,3134.04,408.72,0,33.0,1724.0,709.1,-3983.2,0
53.06,Kirox15,Orange,4281.38,1491.84,1122.32,1,33.0,2019.5,1990.6,4178.8,1
54.61,Kirox15,Orange,4382.29,2067.05,220.32,1,33.0,1261.0,-554.4,4457.6,0
54.65,Syke,Blue,4358.52,2342.11,60.39,0,33.0,1870.2,-1767.7,4478.2,0
57.77,Kirox15,Orange,-1328.36,5998.15,1109.38,0,33.0,1720.8,-1491.4,-1295.1,1
59.28,Kirox15,Orange,-4148.77,3895.32,1151.93,0,33.0,1902.5,-1894.9,-3926.0,0
59.82,Syke,Blue,-5010.11,1340.52,172.3,1,33.0,1994.6,749.6,-5043.5,0
62.16,Nightmare?,Orange,-2291.99,3669.22,776.0,1,33.0,1926.5,159.9,-2162.2,1
64.49,Nightmare?,Orange,-4452.31,4988.37,408.02,0,33.0,2246.7,-1355.9,-4620.5,0
64.59,no friday rlcs streams :(,Blue,-4368.45,4495.5,325.95,1,33.0,905.1,425.0,-4451.5,0
66.48,Kirox15,Orange,-2337.88,3140.53,785.15,1,33.0,1665.1,-1385.4,-2144.8,0
68.44,Syke,Blue,-4448.68,1130.28,682.21,1,33.0,1824.0,-885.5,-4564.6,0
68.72,Kirox15,Orange,-4229.5,1638.01,476.77,0,33.0,1525.1,336.6,-4099.2,0
68.85,no friday rlcs streams :(,Blue,-4293.72,1195.37,258.44,0,33.0,1546.3,-1546.2,-4087.3,0
71.81,Nightmare?,Orange,-1404.11,4299.65,2083.49,1,33.0,135.3,135.2,-1187.9,0
75.74,Syke,Blue,-3321.17,2584.36,355.19,0,33.0,69.5,-51.1,-3368.6,0
76.74,Nightmare?,Orange,-4443.71,2134.5,853.39,0,33.0,1959.7,-1951.4,-4242.4,0
76.98,no friday rlcs streams :(,Blue,-5053.94,1616.4,360.0,1,33.0,1912.7,-48.1,-4932.3,1
87.51,Syke,Blue,0.0,1884.81,514.33,0,33.0,2229.0,1636.3,-209.5,0
87.61,Nightmare?,Orange,25.31,1104.27,315.12,0,33.0,1065.3,224.8,182.9,1
88.26,Kirox15,Orange,-219.32,530.96,457.94,0,33.0,2292.5,-2292.1,-52.6,0
88.32,no friday rlcs streams :(,Blue,-175.32,1119.09,145.99,1,33.0,1746.7,1724.7,-363.6,1
92.22,no friday rlcs streams :(,Blue,4660.51,3937.82,5395.47,0,33.0,800.1,565.8,4634.5,0
94.5,Kirox15,Orange,4056.99,2409.1,390.63,0,33.0,2121.6,-388.1,4088.8,1
95.98,Nightmare?,Orange,2787.39,840.55,4452.54,0,33.0,1645.8,-1632.0,2849.5,1
97.46,Nightmare?,Orange,438.74,1644.91,4331.48,0,33.0,1623.6,-1522.2,541.0,1
99.04,Kirox15,Orange,-2908.53,850.66,2031.23,0,33.0,1965.0,-1963.9,-2795.9,1
112.19,Kirox15,Orange,0.0,1402.3,634.49,0,33.0,2255.2,-1859.4,214.5,0
112.22,no friday rlcs streams :(,Blue,-13.77,1405.2,446.37,0,33.0,2274.1,1868.8,-184.2,0
112.88,Nightmare?,Orange,43.58,392.02,652.56,0,33.0,2160.3,-1895.1,214.2,0
112.91,Syke,Blue,-75.5,511.68,458.52,0,33.0,2277.8,2055.0,-244.0,0
117.02,Kirox15,Orange,-2168.99,2273.51,1316.12,0,33.0,1732.7,-1672.8,-1969.9,1
118.53,Kirox15,Orange,-4632.24,3771.02,510.59,0,33.0,2122.5,-2099.1,-4498.1,0
118.71,Syke,Blue,-4525.4,1913.55,667.74,0,33.0,1167.1,-1057.7,-4721.2,1
121.66,no friday rlcs streams :(,Blue,-3264.62,2252.82,809.33,0,33.0,2284.4,960.5,-3325.6,0
121.9,Nightmare?,Orange,-3042.29,2329.34,130.53,0,33.0,2295.9,-1805.7,-3036.2,1
124.93,Nightmare?,Orange,-1307.87,3218.1,549.21,0,33.0,2283.6,1813.8,-1481.9,1
126.44,Kirox15,Orange,2358.61,1545.66,765.5,0,33.0,1500.6,-1402.3,2521.5,0
128.95,no friday rlcs streams :(,Blue,-2320.54,2788.4,1116.05,0,33.0,2029.4,1337.7,-2522.5,0
130.7,Nightmare?,Orange,1520.0,1727.64,1016.32,0,33.0,2281.8,-1841.7,1714.7,0
130.87,no friday rlcs streams :(,Blue,1346.45,1844.26,253.13,0,33.0,2295.9,2197.9,1212.6,0
133.21,Nightmare?,Orange,-2261.02,1744.3,1985.58,0,33.0,1666.9,-1611.9,-2236.5,1
134.59,Nightmare?,Orange,-3976.42,3650.63,1129.22,0,33.0,1571.8,-667.4,-4015.2,1
149.55,Nightmare?,Orange,0.0,1602.88,952.89,0,33.0,2187.5,-1618.5,194.4,0
149.72,Syke,Blue,-339.36,755.62,656.78,0,33.0,807.0,643.3,-552.3,1
151.47,no friday rlcs streams :(,Blue,1724.77,990.14,1501.03,0,33.0,2299.9,2085.2,1587.2,0
155.03,Nightmare?,Orange,2593.42,1419.03,1484.14,0,33.0,2049.3,-1988.8,2690.0,1
156.3,Nightmare?,Orange,205.33,1166.66,825.69,0,33.0,1735.3,-1685.7,271.8,1
157.61,Nightmare?,Orange,-2369.7,2625.95,838.66,0,33.0,2255.5,-2239.7,-2215.6,0
157.81,Syke,Blue,-2773.76,2484.51,296.49,0,33.0,1587.4,-274.6,-2897.8,0
160.28,Kirox15,Orange,-2961.91,1571.85,1223.95,0,33.0,1600.9,553.0,-2879.1,1
162.71,Kirox15,Orange,-4155.83,1210.35,348.07,0,33.0,2293.1,-1682.6,-4044.9,0
163.44,Syke,Blue,-4938.27,186.06,933.36,1,33.0,1290.5,393.0,-5066.9,1
166.39,Syke,Blue,-2463.61,2083.13,1936.74,0,33.0,1366.2,1242.2,-2628.6,1
167.67,Syke,Blue,-770.58,486.11,237.64,0,33.0,1588.7,1368.2,-889.6,0
168.87,Nightmare?,Orange,1420.41,1795.8,463.28,0,33.0,1263.9,897.7,1615.7,1
171.47,Kirox15,Orange,2837.18,217.16,968.37,0,33.0,2278.9,-2213.2,3023.2,1
177.76,Nightmare?,Orange,-5209.22,4580.6,3037.43,0,33.0,2295.8,-545.3,-5263.4,1
191.19,Nightmare?,Orange,0.0,1188.36,650.52,0,33.0,2300.0,-2160.2,203.9,0
191.23,Syke,Blue,-39.48,1064.96,481.43,0,33.0,2268.1,2267.1,-272.5,0
192.77,Kirox15,Orange,605.57,1195.2,1186.93,0,33.0,2276.9,1822.0,408.1,1
195.61,Kirox15,Orange,4968.5,1709.45,1059.48,1,33.0,723.9,-317.2,5093.8,1
197.46,Kirox15,Orange,3696.21,933.88,247.8,0,33.0,2123.6,-1547.0,3742.7,1
199.84,Kirox15,Orange,59.21,899.14,401.09,0,33.0,1824.1,-1540.7,131.0,0
201.53,Syke,Blue,-3895.91,2207.71,1081.45,0,33.0,2238.1,-2219.3,-3787.1,0
203.66,Nightmare?,Orange,-2122.4,2383.79,722.18,0,33.0,337.7,285.4,-2116.8,1
207.5,Kirox15,Orange,3969.61,2287.39,1101.31,1,33.0,2146.0,1966.0,3916.2,1
209.67,Kirox15,Orange,3659.51,2350.78,1110.96,0,33.0,1272.3,-1247.0,3768.8,1
210.8,Kirox15,Orange,1874.79,814.85,1743.53,0,33.0,1825.3,-1811.6,2063.5,1
212.55,Kirox15,Orange,-740.04,1509.22,135.77,0,33.0,1384.0,-1373.4,-609.1,0
215.57,no friday rlcs streams :(,Blue,-4602.36,1449.25,240.36,1,33.0,1145.3,-143.8,-4754.1,1
216.29,Syke,Blue,-4025.75,856.17,799.62,0,33.0,1272.4,1249.5,-4111.9,1
217.28,Syke,Blue,-2820.0,1176.23,872.95,0,33.0,1397.2,1390.7,-2909.4,1
218.21,Syke,Blue,-1349.7,906.93,666.04,0,33.0,1595.7,1578.3,-1458.2,0
219.48,Nightmare?,Orange,1263.31,198.78,235.05,0,33.0,1743.6,1499.0,1285.8,1
222.26,Kirox15,Orange,5011.05,907.34,463.47,0,33.0,1328.8,-385.6,5070.2,0
222.43,Syke,Blue,4865.8,2391.21,166.0,0,33.0,1397.8,-486.6,4811.5,1
223.35,Syke,Blue,3813.84,2045.04,507.44,0,33.0,1727.9,-1590.5,3836.2,0
223.45,Kirox15,Orange,3684.64,383.22,322.54,0,33.0,1465.5,-1381.4,3741.3,1
224.9,Kirox15,Orange,1261.17,1745.71,119.84,0,33.0,2295.9,-2005.0,1400.3,0
226.17,no friday rlcs streams :(,Blue,-1486.88,1365.46,651.9,1,33.0,2155.3,108.3,-1613.8,0
226.31,Kirox15,Orange,-1381.73,1663.16,435.57,0,33.0,2267.1,-1586.0,-1208.8,1
227.92,Nightmare?,Orange,-324.34,467.12,1361.26,0,33.0,2282.9,-1967.3,-106.1,0
232.03,no friday rlcs streams :(,Blue,1325.48,1490.15,963.08,0,33.0,1996.3,1939.0,1309.9,0
233.33,Kirox15,Orange,4014.96,1650.62,1295.17,1,33.0,2007.4,2002.2,3989.4,1
234.63,Kirox15,Orange,4999.85,2048.27,1908.6,1,33.0,1713.4,-452.8,5065.3,1
237.29,Kirox15,Orange,3521.42,315.9,400.88,0,33.0,1182.5,-1093.2,3527.3,1
237.36,Nightmare?,Orange,3475.89,227.51,672.65,1,33.0,2284.5,-1930.8,3643.6,1
241.04,Nightmare?,Orange,-4577.12,3672.29,339.29,0,33.0,2294.8,-1899.4,-4489.6,1
243.24,Kirox15,Orange,-4233.81,1981.02,410.24,0,33.0,2043.2,-428.9,-4078.4,0
243.51,no friday rlcs streams :(,Blue,-4214.78,930.84,284.95,0,33.0,2220.3,-299.0,-4210.7,0
245.43,Kirox15,Orange,-2970.51,2051.35,388.85,0,33.0,648.5,-425.9,-2771.6,0
247.84,no friday rlcs streams :(,Blue,-1150.49,1106.78,933.53,0,33.0,1438.6,1134.6,-1295.3,1
251.64,Syke,Blue,3637.93,812.41,1343.48,0,33.0,734.3,611.7,3545.8,0
13.32,AirNinja 344 days till rlcs,Blue,21.59,1786.25,322.73,0,33.0,900.5,436.6,-135.3,0
13.32,.,Orange,21.59,1669.36,322.73,0,33.0,708.6,-340.8,162.4,1
14.23,kiwi-greek,Orange,135.54,421.28,610.59,0,33.0,2285.9,-1743.2,308.9,1
20.76,.,Orange,-4639.29,4406.85,150.86,0,33.0,705.5,496.1,-4551.1,0
20.86,nerve,Blue,-4558.18,2362.81,119.13,0,33.0,253.5,242.5,-4392.2,1
21.93,AirNinja 344 days till rlcs,Blue,-4456.89,464.72,268.72,1,33.0,1907.0,1099.6,-4533.9,0
26.82,kiwi-greek,Orange,-2962.18,2492.42,1696.77,0,33.0,1803.4,-1739.2,-2813.0,0
29.01,AirNinja 344 days till rlcs,Blue,-3965.2,2104.1,1853.39,1,33.0,1877.3,1281.0,-4125.8,1
32.94,AirNinja 344 days till rlcs,Blue,2622.59,265.94,1106.69,0,33.0,2167.4,2116.9,2492.0,1
34.28,AirNinja 344 days till rlcs,Blue,4963.69,1096.82,411.37,0,33.0,1970.5,1513.6,4945.4,0
37.34,kiwi-greek,Orange,3508.49,4516.82,416.68,0,33.0,2195.7,-1262.1,3645.9,1
40.01,.,Orange,-34.7,823.47,1056.68,1,33.0,1639.4,-1637.1,125.3,1
40.96,.,Orange,-1788.28,334.71,510.05,0,33.0,2163.9,-2163.3,-1634.5,0
41.13,AirNinja 344 days till rlcs,Blue,-2136.39,932.31,374.96,1,33.0,1653.1,-653.9,-2259.4,1
44.0,AirNinja 344 days till rlcs,Blue,-3519.18,900.09,2211.48,0,33.0,2093.5,1756.3,-3709.3,1
46.1,AirNinja 344 days till rlcs,Blue,-159.78,986.71,2011.65,0,33.0,1811.8,1776.7,-306.5,0
48.23,kiwi-greek,Orange,2970.81,1983.1,418.62,0,33.0,1066.1,101.1,3120.7,0
48.34,nerve,Blue,2925.34,1254.67,256.75,1,33.0,2240.4,1987.0,2885.5,1
50.1,AirNinja 344 days till rlcs,Blue,1942.38,3599.32,726.92,1,33.0,2101.5,-1764.8,2054.7,0
52.32,.,Orange,279.4,2497.61,1742.07,0,33.0,1606.0,-1275.0,492.2,1
55.0,.,Orange,-3824.01,949.65,850.95,0,33.0,1772.5,-1678.6,-3640.7,1
57.09,kiwi-greek,Orange,-4022.09,1209.6,329.59,1,33.0,774.0,-762.9,-3835.3,1
70.6,kiwi-greek,Orange,0.0,1221.3,710.9,0,33.0,2276.7,-1854.2,165.2,0
70.67,AirNinja 344 days till rlcs,Blue,-193.52,1144.02,471.89,0,33.0,1665.7,1490.9,-372.6,0
75.19,.,Orange,-2623.49,1689.05,830.74,0,33.0,1529.8,-1168.7,-2524.8,1
75.93,.,Orange,-3077.25,1164.24,1204.53,0,33.0,1482.4,-196.3,-3174.8,0
78.34,nerve,Blue,-3350.16,3339.38,287.47,0,33.0,2295.2,602.9,-3504.2,0
78.51,.,Orange,-3197.42,4284.51,284.4,0,33.0,1176.5,661.1,-3148.3,1
80.82,kiwi-greek,Orange,10.82,722.81,2588.28,0,33.0,1090.7,-1061.3,131.8,0
84.31,AirNinja 344 days till rlcs,Blue,-3299.81,1786.1,991.38,0,33.0,1907.4,1842.2,-3457.1,0
87.24,.,Orange,2525.19,2506.44,1762.04,1,33.0,581.8,406.8,2649.0,0
88.91,AirNinja 344 days till rlcs,Blue,2613.59,2211.67,604.8,0,33.0,1633.5,945.6,2531.7,0
89.01,.,Orange,2761.81,1938.43,377.96,0,33.0,870.0,-388.1,2861.8,0
91.05,nerve,Blue,3854.91,1485.46,225.05,0,33.0,1812.6,1798.8,3770.2,0
91.32,.,Orange,3745.61,1097.78,774.08,0,33.0,1161.6,280.1,3604.1,1
91.99,kiwi-greek,Orange,4186.71,272.64,1057.06,1,33.0,124.3,103.2,4288.1,0
93.86,nerve,Blue,4416.84,2835.77,380.48,0,33.0,736.9,-52.9,4353.1,0
93.93,kiwi-greek,Orange,4402.02,330.0,291.72,0,33.0,1178.3,-784.1,4578.4,1
96.67,.,Orange,1673.81,1343.03,2006.47,0,33.0,1739.6,-1441.3,1815.4,1
98.84,.,Orange,-1257.35,1477.73,803.72,0,33.0,1450.2,-1449.3,-1061.9,0
99.15,AirNinja 344 days till rlcs,Blue,-1762.53,1343.9,440.99,0,33.0,804.2,30.3,-1943.3,0
103.06,kiwi-greek,Orange,-3673.83,3229.83,1628.07,0,33.0,1590.8,-1190.4,-3574.3,0
103.71,nerve,Blue,-4810.34,132.55,1012.74,0,33.0,2191.2,910.5,-4959.5,0
107.04,.,Orange,302.15,781.92,721.81,0,33.0,2150.1,1372.2,334.1,0
107.51,nerve,Blue,900.1,3853.1,350.42,0,33.0,2297.3,2297.3,759.6,1
109.35,nerve,Blue,2929.95,2528.49,1589.62,0,33.0,1821.1,650.1,2898.3,0
110.86,.,Orange,4533.16,1031.92,465.48,1,33.0,1908.8,-610.1,4744.4,0
110.96,nerve,Blue,4443.71,933.53,380.69,0,33.0,2260.8,558.1,4322.4,0
112.33,.,Orange,2974.77,348.22,1505.12,0,33.0,1995.4,-1957.3,3119.4,1
112.4,kiwi-greek,Orange,2845.68,247.64,1480.85,1,33.0,1880.0,-1880.0,3007.4,0
114.49,AirNinja 344 days till rlcs,Blue,-3227.68,3644.82,1756.01,0,33.0,2020.7,-1836.0,-3299.1,0
116.77,.,Orange,-4393.71,1465.68,814.77,0,33.0,1566.0,-1456.7,-4493.2,1
117.71,kiwi-greek,Orange,-3940.68,1377.67,435.88,0,33.0,1723.3,-1723.3,-3745.2,0
117.74,AirNinja 344 days till rlcs,Blue,-3995.1,1134.85,435.88,0,33.0,1523.5,1402.5,-4177.4,1
120.98,nerve,Blue,-2837.91,3001.69,580.35,0,33.0,538.0,76.8,-2897.5,0
122.94,kiwi-greek,Orange,655.45,1864.28,2419.86,0,33.0,2024.5,1697.6,603.1,1
124.81,kiwi-greek,Orange,3732.86,1248.72,2075.97,1,33.0,1911.3,370.6,3637.7,1
126.15,kiwi-greek,Orange,4901.68,4763.28,2844.61,1,33.0,383.9,237.9,4957.3,1
127.59,kiwi-greek,Orange,4387.12,5315.15,2405.7,0,33.0,826.2,-666.9,4557.1,1
129.2,kiwi-greek,Orange,2330.62,2194.97,397.86,0,33.0,1662.1,-1605.8,2462.0,0
129.23,nerve,Blue,2285.12,2336.84,384.14,0,33.0,470.9,146.3,2078.2,0
131.1,.,Orange,2355.32,2323.36,1295.75,1,33.0,1294.2,-1288.7,2462.7,1
134.67,.,Orange,-3085.27,856.51,1774.78,0,33.0,1804.1,-1777.8,-3054.0,0
135.57,nerve,Blue,-4328.73,4000.43,473.53,1,33.0,2183.5,70.5,-4273.4,1
138.47,nerve,Blue,-3098.24,2059.88,404.53,0,33.0,1951.6,316.5,-3058.7,0
140.77,.,Orange,-2514.08,2330.11,1807.41,0,33.0,2083.9,-1439.7,-2350.8,0
142.89,nerve,Blue,-4969.94,1261.87,1250.11,1,33.0,285.8,37.3,-5092.9,0
145.07,kiwi-greek,Orange,-2455.62,1986.74,1564.46,0,33.0,749.3,-269.9,-2345.2,0
146.05,nerve,Blue,-2922.13,1801.7,770.57,0,33.0,1241.2,1168.6,-3076.0,1
147.62,nerve,Blue,-257.17,2425.71,2052.32,0,33.0,2257.2,2136.4,-395.2,0
149.74,.,Orange,4176.39,3299.99,380.82,1,33.0,40.3,-30.7,4299.7,0
152.09,AirNinja 344 days till rlcs,Blue,4515.41,1483.14,650.43,0,33.0,1456.8,1456.6,4349.7,0
154.13,.,Orange,2682.48,2029.46,1056.07,1,33.0,1999.6,-1917.6,2726.6,0
157.95,nerve,Blue,-4933.97,4391.06,1054.34,1,33.0,513.2,-84.4,-5100.3,1
159.09,nerve,Blue,-4696.06,3838.63,1567.24,1,33.0,1402.6,1046.2,-4863.2,1
160.94,nerve,Blue,-2210.87,982.58,1354.97,0,33.0,1932.8,1636.0,-2335.0,0
162.92,kiwi-greek,Orange,1665.35,1541.36,243.82,0,33.0,2258.4,1828.8,1564.6,1
164.03,.,Orange,4273.26,3524.08,771.39,1,33.0,1596.4,1499.8,4480.5,1
164.6,.,Orange,4892.73,4083.03,271.74,1,33.0,167.6,-73.2,5036.4,0
164.67,nerve,Blue,4859.32,3245.18,144.24,0,33.0,1491.2,809.8,4964.1,0
169.93,kiwi-greek,Orange,1807.71,868.82,352.99,0,33.0,1566.1,-1476.8,1884.3,0
170.14,AirNinja 344 days till rlcs,Blue,1595.78,3901.02,120.48,0,33.0,629.9,-623.8,1582.3,0
172.52,kiwi-greek,Orange,-1078.53,1717.52,518.56,0,33.0,1725.8,-1232.5,-981.4,1
174.03,.,Orange,-2739.87,816.96,1243.71,0,33.0,2236.9,-2227.2,-2650.5,0
174.94,nerve,Blue,-4301.28,278.58,30.16,0,33.0,1876.8,314.9,-4373.4,1
175.11,AirNinja 344 days till rlcs,Blue,-4567.19,493.28,119.37,1,33.0,2142.8,167.9,-4532.6,1
178.8,AirNinja 344 days till rlcs,Blue,-2165.83,4850.58,1445.42,0,33.0,1513.4,1494.5,-2338.1,1
180.55,AirNinja 344 days till rlcs,Blue,473.08,2864.34,2006.45,0,33.0,1810.3,1732.0,356.1,0
182.09,kiwi-greek,Orange,2909.49,1539.68,309.56,0,33.0,704.9,417.5,3142.8,1
183.78,kiwi-greek,Orange,3287.97,151.07,573.43,1,33.0,1120.3,-415.1,3435.2,1
183.78,.,Orange,3287.97,151.07,427.01,0,33.0,1417.9,-1199.3,3405.9,0
186.8,nerve,Blue,662.48,3096.18,2585.91,0,33.0,626.7,438.1,476.4,1
188.63,AirNinja 344 days till rlcs,Blue,3112.42,986.42,669.61,0,33.0,450.0,-148.4,3177.1,0
189.51,.,Orange,4714.16,406.78,1374.9,0,33.0,258.6,257.3,4820.5,1
192.52,.,Orange,3939.83,2973.66,518.21,0,33.0,2174.4,-871.8,4025.9,1
193.43,.,Orange,2726.82,1819.0,125.11,0,33.0,1626.5,-1626.5,2916.9,1
195.38,.,Orange,-251.77,1444.91,872.78,0,33.0,1762.4,-1620.0,-196.3,0
197.33,AirNinja 344 days till rlcs,Blue,-3164.81,711.0,180.72,0,33.0,834.6,-769.1,-3273.2,0
197.69,.,Orange,-3680.92,522.72,85.59,0,33.0,1164.7,-1031.9,-3664.8,1
198.57,.,Orange,-4855.6,754.39,361.57,0,33.0,1547.2,-1360.1,-4854.9,0
199.99,nerve,Blue,-4316.94,327.91,648.86,0,33.0,1170.9,1165.9,-4401.9,0
200.15,kiwi-greek,Orange,-4087.07,1069.23,339.23,0,33.0,1426.0,-1308.8,-3972.4,0
204.94,AirNinja 344 days till rlcs,Blue,-1974.53,2171.89,2098.89,0,33.0,1779.8,1257.8,-2115.5,1
206.2,AirNinja 344 days till rlcs,Blue,-324.09,3023.18,2078.04,0,33.0,1532.8,1393.8,-362.9,1
207.27,AirNinja 344 days till rlcs,Blue,1249.84,2407.16,2535.66,0,33.0,1584.3,1584.3,1134.5,0
208.55,.,Orange,3203.81,1998.32,91.28,0,33.0,337.7,189.1,3334.8,1
210.59,kiwi-greek,Orange,4362.39,619.16,738.13,0,33.0,833.3,-664.5,4482.2,1
211.99,kiwi-greek,Orange,2711.73,1502.32,695.48,0,33.0,1521.8,-1520.2,2893.3,0
214.62,nerve,Blue,-496.28,1599.87,655.97,0,33.0,1482.0,380.6,-634.6,1
216.0,AirNinja 344 days till rlcs,Blue,652.7,1290.15,2000.97,0,33.0,869.1,528.5,618.5,1
217.78,AirNinja 344 days till rlcs,Blue,2082.0,3537.94,1466.5,0,33.0,1038.6,963.0,2001.1,1
219.23,AirNinja 344 days till rlcs,Blue,3233.99,2888.34,1005.76,0,33.0,1073.9,467.0,3198.9,0
219.36,kiwi-greek,Orange,3346.35,1652.6,408.21,0,33.0,2255.6,-285.6,3448.6,1
222.38,.,Orange,4134.6,2908.72,264.73,0,33.0,2172.6,427.9,3939.2,0
222.48,AirNinja 344 days till rlcs,Blue,4154.22,3273.91,171.77,0,33.0,2187.4,-913.4,4083.2,0
223.23,.,Orange,3860.76,2576.77,687.77,0,33.0,10.8,10.7,3675.4,1
225.44,.,Orange,3666.87,2476.86,338.8,0,33.0,874.0,68.9,3758.4,0
225.54,nerve,Blue,3661.07,2858.69,208.58,0,33.0,1840.4,1523.6,3556.7,1
227.84,nerve,Blue,4451.32,874.43,1098.45,0,33.0,1588.8,529.0,4261.8,0
229.28,kiwi-greek,Orange,3745.04,1214.65,1494.6,0,33.0,2293.6,-2069.9,3906.8,0
231.06,AirNinja 344 days till rlcs,Blue,13.8,2632.49,1150.43,0,33.0,496.0,-196.7,-120.3,0
233.18,.,Orange,2037.63,509.23,2550.2,1,33.0,2279.1,-1553.0,2168.6,0
234.01,AirNinja 344 days till rlcs,Blue,716.56,3626.61,465.59,0,33.0,1899.6,1429.4,604.5,0
235.02,.,Orange,-608.41,3969.82,1755.88,0,33.0,2299.8,-1859.8,-558.0,0
237.35,nerve,Blue,-3776.68,2112.91,364.44,1,33.0,2104.0,275.1,-3909.5,1
239.32,nerve,Blue,-3258.0,1820.46,2373.41,0,33.0,1159.3,1159.0,-3408.8,1
241.2,nerve,Blue,-327.57,2861.2,1932.33,0,33.0,2007.1,1808.9,-482.5,0
243.43,.,Orange,3541.5,982.39,196.72,0,33.0,997.0,966.2,3505.6,1
244.0,kiwi-greek,Orange,4553.34,915.32,592.11,1,33.0,753.8,291.1,4714.1,1
245.71,kiwi-greek,Orange,3884.71,2848.13,662.49,0,33.0,2045.3,-1942.3,4090.0,0
245.81,AirNinja 344 days till rlcs,Blue,3601.28,2093.69,318.04,0,33.0,1977.9,620.3,3671.2,0
250.0,kiwi-greek,Orange,-4973.29,4850.8,36.87,0,33.0,1092.8,-978.1,-4985.5,1
253.52,kiwi-greek,Orange,-2770.48,2522.58,966.45,0,33.0,1247.7,1078.6,-2912.8,1
255.87,.,Orange,155.58,283.17,522.08,0,33.0,1886.3,-1650.7,312.8,0
257.89,nerve,Blue,-4524.09,2674.61,2133.88,1,33.0,1033.1,-1018.1,-4573.6,0
260.25,kiwi-greek,Orange,-1937.7,3688.46,386.56,0,33.0,783.7,-568.8,-1845.9,0
263.6,AirNinja 344 days till rlcs,Blue,-1322.91,4818.98,176.01,0,33.0,1607.3,1606.8,-1485.9,1
265.23,AirNinja 344 days till rlcs,Blue,1178.81,2983.86,1194.27,0,33.0,1918.6,1846.0,1032.7,0
267.24,.,Orange,4613.91,674.24,376.96,0,33.0,1145.9,575.1,4636.5,1
267.34,kiwi-greek,Orange,4686.36,375.33,879.97,1,33.0,2269.6,288.8,4912.1,0
268.87,nerve,Blue,4898.06,3235.02,844.63,0,33.0,1892.2,1884.1,4790.7,0
269.24,.,Orange,5020.81,3403.52,595.33,1,33.0,973.0,933.9,4977.0,1
270.87,.,Orange,4047.99,1957.04,889.42,1,33.0,1406.4,-1266.2,4269.9,1
272.35,kiwi-greek,Orange,1833.62,423.09,1530.51,0,33.0,1842.8,-1828.3,1875.8,1
274.24,kiwi-greek,Orange,-1510.01,3394.31,1200.28,0,33.0,1538.3,-1502.5,-1384.8,0
275.82,AirNinja 344 days till rlcs,Blue,-4033.7,2538.9,301.41,1,33.0,1901.3,758.6,-3953.5,0
287.0,kiwi-greek,Orange,0.0,1568.21,2427.56,0,33.0,2189.1,-2032.5,188.6,0
288.88,nerve,Blue,-3841.17,1079.51,569.99,0,33.0,2035.8,567.7,-3886.3,1
290.1,AirNinja 344 days till rlcs,Blue,-4108.69,313.64,636.72,1,33.0,1540.6,1063.9,-4162.2,0
290.93,kiwi-greek,Orange,-2719.13,2185.78,322.04,0,33.0,1118.4,-777.1,-2671.7,0
292.33,AirNinja 344 days till rlcs,Blue,-912.1,1529.12,1380.44,0,33.0,1656.9,1609.6,-1055.7,1
293.87,AirNinja 344 days till rlcs,Blue,1512.77,1189.73,805.54,0,33.0,1528.0,1248.4,1509.7,1
295.3,AirNinja 344 days till rlcs,Blue,3238.19,1620.46,886.1,0,33.0,1854.9,1242.7,3148.9,0
296.7,.,Orange,4847.06,733.46,326.31,1,33.0,708.3,325.0,4973.5,1
296.98,kiwi-greek,Orange,5023.65,428.56,739.05,1,33.0,2275.8,1096.7,5154.9,0
299.74,AirNinja 344 days till rlcs,Blue,5213.35,1710.02,783.84,0,33.0,369.0,-161.4,5121.7,0
307.09,kiwi-greek,Orange,0.0,1752.77,480.87,0,33.0,2270.8,-2220.9,175.0,0
307.12,AirNinja 344 days till rlcs,Blue,-26.56,2526.35,282.72,0,33.0,2294.9,2256.6,-87.3,1
308.07,nerve,Blue,-2793.17,1333.57,1215.64,0,33.0,1119.4,-249.4,-2888.6,1
311.69,nerve,Blue,-4771.79,1028.82,1036.29,1,33.0,828.5,708.2,-4875.4,1
313.52,nerve,Blue,-2455.0,1283.43,1763.5,0,33.0,1495.6,1445.9,-2678.5,1
314.95,nerve,Blue,-247.49,1281.84,970.98,0,33.0,1755.2,1547.0,-443.1,0
315.09,.,Orange,-43.06,1748.23,448.77,0,33.0,2229.4,-1263.2,71.6,1
317.56,kiwi-greek,Orange,3880.73,3125.14,468.52,0,33.0,1488.3,-164.1,3945.5,1
320.46,kiwi-greek,Orange,1853.95,778.49,1306.64,0,33.0,1458.4,-1398.9,1845.6,0
323.03,AirNinja 344 days till rlcs,Blue,866.76,204.42,1367.82,0,33.0,2263.0,2042.6,663.3,1
323.09,nerve,Blue,847.09,209.67,1272.28,0,33.0,1357.6,1259.9,657.2,1
324.73,nerve,Blue,2390.83,1707.25,865.18,0,33.0,1864.3,1074.2,2270.6,0
324.96,kiwi-greek,Orange,2773.17,1805.57,477.55,0,33.0,529.8,-389.4,2905.3,1
328.97,kiwi-greek,Orange,-381.47,2429.87,1435.59,0,33.0,1204.4,-1145.2,-281.2,1
330.27,kiwi-greek,Orange,-1719.81,2116.53,238.63,0,33.0,1122.0,-1015.1,-1707.8,1
331.8,kiwi-greek,Orange,-3376.12,1396.69,383.38,0,33.0,1618.4,-1480.2,-3370.2,0
331.87,AirNinja 344 days till rlcs,Blue,-3438.94,1212.14,281.58,0,33.0,1641.2,1473.6,-3645.2,0
334.44,.,Orange,1195.18,1079.34,535.12,0,33.0,1171.0,-38.3,1343.7,0
336.14,nerve,Blue,169.65,779.17,323.22,0,33.0,1298.2,1287.0,48.3,0
336.14,.,Orange,169.65,1014.1,323.22,0,33.0,1782.7,-1331.1,363.1,0
338.91,AirNinja 344 days till rlcs,Blue,444.28,2028.99,2181.14,0,33.0,1188.7,918.9,243.3,1
340.18,AirNinja 344 days till rlcs,Blue,1974.69,1741.54,714.78,0,33.0,1720.4,1591.9,1791.9,1
341.84,AirNinja 344 days till rlcs,Blue,4860.52,721.12,472.23,0,33.0,1870.7,1765.0,4789.3,0
341.98,kiwi-greek,Orange,4998.86,2045.08,339.85,1,33.0,548.8,-230.6,5133.5,1
342.48,.,Orange,4917.64,1019.64,477.02,0,33.0,2261.4,-135.3,4964.8,1
346.46,.,Orange,259.65,803.66,162.57,0,33.0,2028.9,-1829.8,324.7,0
348.32,nerve,Blue,-3857.11,2109.63,1484.81,0,33.0,1666.1,-1133.1,-3789.4,1
351.82,AirNinja 344 days till rlcs,Blue,-1733.99,1067.28,1321.76,0,33.0,1812.7,1771.1,-1865.4,1
355.14,nerve,Blue,1647.41,827.89,607.13,0,33.0,1846.6,1754.8,1496.2,0
355.37,kiwi-greek,Orange,2073.25,342.79,299.49,0,33.0,600.1,-167.2,2081.2,1
356.74,.,Orange,5008.08,1102.15,178.71,1,33.0,952.0,-7.5,5102.8,1
359.14,.,Orange,4364.63,207.57,430.59,0,33.0,2136.4,-818.0,4405.9,0
360.31,AirNinja 344 days till rlcs,Blue,2398.67,4126.88,638.36,0,33.0,1857.2,-1772.8,2395.4,0
360.71,.,Orange,1993.13,2398.93,448.93,0,33.0,1840.8,-1816.9,2147.6,0
361.31,AirNinja 344 days till rlcs,Blue,684.05,4658.26,651.29,0,33.0,2206.4,-2011.2,603.8,1
364.22,nerve,Blue,-1901.61,392.79,582.86,0,33.0,2296.2,-2137.2,-1926.8,0
364.62,.,Orange,-1741.79,2498.81,44.0,0,33.0,2300.0,-173.1,-1685.0,0
367.16,AirNinja 344 days till rlcs,Blue,-948.33,1459.28,2093.84,0,33.0,450.2,-193.7,-993.5,1
369.23,AirNinja 344 days till rlcs,Blue,-200.75,1070.24,1692.15,0,33.0,1051.3,522.9,-421.1,1
369.9,nerve,Blue,78.92,165.62,508.0,0,33.0,1354.4,677.0,-19.1,0
369.93,.,Orange,112.59,2662.3,248.43,0,33.0,2299.8,-1905.8,296.2,0
11.44,surreal,Blue,0.0,1678.18,402.26,0,33.0,2273.0,2271.2,-152.3,0
11.47,Taha (RLCS PRO BLUE TAG),Orange,26.53,1495.47,372.68,0,33.0,2279.8,-2169.7,249.8,0
12.5,ILikeFreestyling,Blue,-274.61,1135.03,771.46,1,33.0,2290.4,776.1,-417.4,1
17.64,ILikeFreestyling,Blue,1401.63,3578.22,2625.33,0,33.0,1019.8,1015.9,1199.8,1
19.4,ILikeFreestyling,Blue,1785.94,2574.26,504.39,0,33.0,595.9,-91.4,1781.0,0
19.54,eiyvull.,Orange,1639.14,3697.71,138.5,0,33.0,1949.4,-1856.9,1868.6,0
22.34,surreal,Blue,-4103.29,2732.17,1525.66,1,33.0,1424.9,-1222.7,-4034.7,1
25.2,ILikeFreestyling,Blue,209.93,4870.73,1125.25,0,33.0,1481.7,1391.1,107.2,0
25.43,Taha (RLCS PRO BLUE TAG),Orange,702.26,5825.47,524.17,1,33.0,1719.4,-1488.9,870.7,0
30.42,ILikeFreestyling,Blue,5208.87,4940.85,2724.41,0,33.0,2268.3,613.7,5422.5,0
38.91,eiyvull.,Orange,0.0,1920.21,645.71,0,33.0,2239.1,-1962.7,220.9,0
38.95,ILikeFreestyling,Blue,0.28,1727.83,377.58,0,33.0,2278.6,1590.9,-166.8,1
39.78,surreal,Blue,-14.55,1510.53,513.77,0,33.0,2286.5,1468.1,-233.0,0
42.25,Taha (RLCS PRO BLUE TAG),Orange,-199.71,2524.57,1478.74,0,33.0,1874.4,-1442.3,-14.5,0
53.51,surreal,Blue,0.0,1900.19,614.45,0,33.0,2270.3,1852.8,-160.7,0
53.54,Taha (RLCS PRO BLUE TAG),Orange,39.86,1305.91,435.41,0,33.0,2161.8,-1881.2,263.6,1
56.64,eiyvull.,Orange,-2659.99,1959.12,1416.76,0,33.0,2221.3,-2205.9,-2429.0,0
66.98,surreal,Blue,0.0,1629.47,591.78,0,33.0,2269.1,1846.6,-213.5,0
67.08,Taha (RLCS PRO BLUE TAG),Orange,81.96,1955.11,259.43,0,33.0,1857.6,-1531.3,147.0,1
73.32,Taha (RLCS PRO BLUE TAG),Orange,-1554.18,1374.78,1570.85,0,33.0,1881.8,-691.4,-1383.0,0
74.28,ILikeFreestyling,Blue,-4859.38,1945.49,1919.52,0,33.0,1925.1,182.3,-4902.5,1
76.15,ILikeFreestyling,Blue,-3151.1,1474.9,293.4,0,33.0,2200.4,1834.2,-3299.3,0
76.18,eiyvull.,Orange,-3185.99,1545.11,185.35,0,33.0,1637.7,136.9,-3045.5,1
78.25,Taha (RLCS PRO BLUE TAG),Orange,-2597.58,417.08,1256.72,0,33.0,2036.9,-1417.9,-2419.1,1
79.45,Taha (RLCS PRO BLUE TAG),Orange,-4119.15,630.36,2104.92,0,33.0,1749.5,-1235.9,-3917.8,0
81.38,surreal,Blue,-3105.06,2030.56,1121.47,1,33.0,1053.0,961.0,-3211.5,0
82.31,Taha (RLCS PRO BLUE TAG),Orange,-1817.24,1047.65,407.39,0,33.0,1298.2,1048.1,-1771.0,0
82.41,surreal,Blue,-1731.98,1316.09,325.55,1,33.0,1654.3,1654.3,-1930.6,0
85.28,eiyvull.,Orange,1660.96,1189.47,961.13,0,33.0,1401.7,-991.3,1836.4,0
88.51,ILikeFreestyling,Blue,-3391.84,1455.16,171.37,0,33.0,1904.4,-1216.4,-3477.1,1
90.21,surreal,Blue,-4904.89,831.29,798.5,0,33.0,1779.4,320.5,-5084.5,1
90.98,surreal,Blue,-4350.42,293.02,645.49,0,33.0,1120.4,792.3,-4436.7,0
91.81,eiyvull.,Orange,-3596.3,1404.79,467.74,0,33.0,514.9,-266.9,-3380.0,1
92.81,Taha (RLCS PRO BLUE TAG),Orange,-4245.37,901.45,543.93,0,33.0,2153.7,2118.5,-4314.9,0
92.84,surreal,Blue,-4266.62,777.95,381.66,1,33.0,1865.9,-1062.4,-4194.1,1
94.48,ILikeFreestyling,Blue,-4369.36,297.72,1600.46,0,33.0,2239.2,1019.8,-4466.7,0
95.91,Taha (RLCS PRO BLUE TAG),Orange,-2467.02,2391.74,799.85,0,33.0,1205.6,-230.5,-2327.0,1
97.04,Taha (RLCS PRO BLUE TAG),Orange,-2519.95,2295.56,1268.69,0,33.0,1423.1,-191.0,-2556.0,1
99.11,Taha (RLCS PRO BLUE TAG),Orange,-731.29,865.76,542.48,0,33.0,1651.6,1634.2,-948.7,1
100.88,eiyvull.,Orange,4005.13,676.48,3244.51,0,33.0,1511.8,-1097.8,4230.2,0
102.58,surreal,Blue,1035.25,1803.71,881.25,0,33.0,1456.7,1052.6,853.6,0
105.31,Taha (RLCS PRO BLUE TAG),Orange,4383.82,2412.16,914.79,1,33.0,1349.6,-1299.0,4534.6,0
105.51,ILikeFreestyling,Blue,4018.69,1620.68,321.12,0,33.0,1838.2,1391.8,4046.4,1
108.04,surreal,Blue,2917.53,1320.61,587.17,0,33.0,2298.0,1900.5,2944.9,1
110.34,ILikeFreestyling,Blue,2446.89,608.33,70.32,0,33.0,2299.5,23.5,2609.2,0
110.34,eiyvull.,Orange,2446.89,1693.8,70.32,0,33.0,1684.0,-765.5,2602.6,0
111.67,surreal,Blue,1084.58,1874.81,699.26,0,33.0,670.0,-69.3,880.6,0
111.94,eiyvull.,Orange,1181.21,2201.72,325.71,0,33.0,1170.5,-1148.8,1236.2,1
114.21,Taha (RLCS PRO BLUE TAG),Orange,3430.08,871.59,372.01,0,33.0,2265.6,2176.4,3571.4,0
114.21,surreal,Blue,3430.08,3556.47,372.01,0,33.0,1922.6,1922.5,3338.6,0
114.64,eiyvull.,Orange,4226.44,653.87,404.12,0,33.0,2079.9,2041.9,4432.1,1
115.74,Taha (RLCS PRO BLUE TAG),Orange,4697.27,1655.69,302.63,1,33.0,1246.6,-1128.2,4715.6,0
117.67,ILikeFreestyling,Blue,2222.91,438.3,571.12,0,33.0,2284.6,2229.3,2001.3,0
117.81,Taha (RLCS PRO BLUE TAG),Orange,2067.17,1540.15,272.33,0,33.0,1991.6,-1886.9,2260.4,1
119.9,eiyvull.,Orange,2488.21,2198.77,594.84,0,33.0,1541.0,-1319.8,2669.3,1
121.0,Taha (RLCS PRO BLUE TAG),Orange,133.79,1458.05,2091.95,0,33.0,1470.6,-997.3,97.2,1
123.34,Taha (RLCS PRO BLUE TAG),Orange,-4619.76,3703.84,704.3,0,33.0,2284.3,-2039.2,-4529.5,0
124.5,ILikeFreestyling,Blue,-3093.51,1818.21,152.91,0,33.0,2292.2,-1707.1,-2909.3,0
124.5,eiyvull.,Orange,-3093.51,2998.34,152.91,0,33.0,1895.1,-1790.1,-2983.4,0
126.07,surreal,Blue,-5208.9,815.93,2303.76,1,33.0,1463.3,1443.5,-5209.6,1
137.17,ILikeFreestyling,Blue,0.0,1653.9,483.86,0,33.0,2289.3,2220.8,-194.8,1
137.81,ILikeFreestyling,Blue,1916.57,898.68,2367.38,0,33.0,2284.6,2229.3,2001.3,0
138.37,Taha (RLCS PRO BLUE TAG),Orange,3527.55,2895.94,1393.12,0,33.0,2143.8,-2122.8,3754.0,0
140.24,surreal,Blue,-1294.26,1273.37,1542.81,0,33.0,1812.4,-1431.3,-1234.1,1
143.34,surreal,Blue,-4982.76,3396.64,579.1,1,33.0,1578.9,0.2,-5103.0,1
145.57,surreal,Blue,-2108.6,1779.21,1688.07,1,33.0,2050.7,1967.1,-2216.0,0
146.97,Taha (RLCS PRO BLUE TAG),Orange,1181.8,2368.32,398.38,0,33.0,549.4,508.7,1308.5,0
147.04,ILikeFreestyling,Blue,1205.76,400.0,208.79,0,33.0,2270.4,1879.0,1260.6,1
147.07,surreal,Blue,1204.4,261.91,465.07,0,33.0,2188.7,2186.7,1058.1,1
148.84,ILikeFreestyling,Blue,2635.35,1148.61,800.95,0,33.0,130.7,-129.7,2717.2,0
150.24,Taha (RLCS PRO BLUE TAG),Orange,3186.3,1778.65,839.67,0,33.0,1185.2,60.4,3279.7,0
152.87,ILikeFreestyling,Blue,1726.25,1107.5,333.64,0,33.0,478.5,101.3,1672.3,0
156.07,eiyvull.,Orange,2687.23,2972.8,406.98,0,33.0,2166.4,-2042.7,2784.2,0
156.14,ILikeFreestyling,Blue,2643.76,679.36,262.17,0,33.0,1924.3,1917.7,2522.0,0
161.57,Taha (RLCS PRO BLUE TAG),Orange,806.54,1160.1,1215.01,0,33.0,1139.1,-1126.1,945.4,1
162.7,Taha (RLCS PRO BLUE TAG),Orange,-415.92,529.18,1063.08,0,33.0,1316.5,-1183.3,-186.3,0
163.4,ILikeFreestyling,Blue,-1197.59,585.5,360.71,0,33.0,820.7,494.5,-1421.4,0
165.4,eiyvull.,Orange,744.23,908.3,1174.12,0,33.0,1837.4,1825.9,633.1,1
167.53,eiyvull.,Orange,4136.45,1958.35,578.79,0,33.0,1334.1,-850.2,4273.5,0
167.63,ILikeFreestyling,Blue,4049.8,1574.78,289.46,0,33.0,2295.7,2279.4,3906.6,1
170.5,surreal,Blue,600.31,1216.79,395.51,0,33.0,722.3,354.3,495.1,1
172.53,ILikeFreestyling,Blue,2847.29,1116.43,656.78,0,33.0,1590.1,102.9,2910.3,0
172.73,eiyvull.,Orange,3103.26,3318.78,333.04,0,33.0,1467.8,-1356.6,3235.7,1
187.42,Taha (RLCS PRO BLUE TAG),Orange,0.0,1595.36,533.34,0,33.0,2280.1,-2036.8,200.2,0
187.45,surreal,Blue,1.39,1621.5,356.93,0,33.0,1274.3,1266.9,-154.5,1
190.35,ILikeFreestyling,Blue,1331.74,624.8,39.65,0,33.0,1195.0,1128.5,1180.4,1
192.15,ILikeFreestyling,Blue,2839.56,277.95,1955.42,0,33.0,1788.5,740.0,2821.6,1
194.18,ILikeFreestyling,Blue,5094.93,538.72,862.8,0,33.0,790.4,391.7,5128.9,0
212.3,eiyvull.,Orange,38.54,483.23,429.93,0,33.0,2270.5,-1975.6,254.9,0
212.3,ILikeFreestyling,Blue,38.54,348.29,442.61,0,33.0,2280.6,1674.7,-157.4,1
213.16,surreal,Blue,-177.06,480.67,726.29,0,33.0,2300.0,1514.8,-317.9,1
216.06,surreal,Blue,3399.35,1246.88,921.19,0,33.0,1277.9,948.5,3273.2,0
217.53,Taha (RLCS PRO BLUE TAG),Orange,4803.43,1674.15,198.97,1,33.0,991.1,-437.6,4988.5,1
219.1,Taha (RLCS PRO BLUE TAG),Orange,3952.65,841.68,699.97,0,33.0,978.4,-951.8,4100.4,0
220.1,ILikeFreestyling,Blue,2671.45,581.55,477.06,0,33.0,1739.7,-892.4,2560.8,0
220.23,Taha (RLCS PRO BLUE TAG),Orange,2662.3,44.17,276.27,0,33.0,1394.2,-1387.9,2733.2,0
223.23,ILikeFreestyling,Blue,3246.39,1706.16,764.27,0,33.0,1440.3,1419.9,3159.2,0
224.03,eiyvull.,Orange,4226.3,871.59,486.53,0,33.0,2079.9,2041.9,4432.1,1
224.73,eiyvull.,Orange,5018.51,1196.04,572.91,1,33.0,1696.3,-629.1,5055.1,0
224.79,ILikeFreestyling,Blue,4972.34,1820.73,384.99,0,33.0,757.5,107.8,5102.4,1
226.56,surreal,Blue,2551.04,1270.4,705.05,0,33.0,2229.7,591.8,2439.6,0
226.63,eiyvull.,Orange,2718.09,988.1,466.41,0,33.0,2298.1,-2291.8,2908.1,0
228.06,ILikeFreestyling,Blue,2151.24,1223.61,820.69,0,33.0,1693.1,-513.0,2107.2,1
229.89,ILikeFreestyling,Blue,2068.35,1153.75,773.32,0,33.0,1351.2,1252.2,1846.2,1
230.43,surreal,Blue,2765.08,528.12,465.1,0,33.0,2298.0,1900.5,2944.9,1
231.99,ILikeFreestyling,Blue,4723.29,1780.28,534.96,0,33.0,1969.0,1347.3,4568.1,1
233.33,surreal,Blue,4280.29,535.96,1230.68,0,33.0,1046.6,1035.8,4088.5,1
234.26,surreal,Blue,4749.24,911.94,705.82,0,33.0,705.2,427.2,4590.1,1
234.99,surreal,Blue,4891.08,890.28,161.25,0,33.0,721.2,-53.1,4745.4,1
236.29,ILikeFreestyling,Blue,4808.33,186.86,333.93,0,33.0,1774.9,1238.6,4623.0,0
236.29,eiyvull.,Orange,4808.33,697.16,333.93,1,33.0,696.8,329.3,4918.0,1
238.66,Taha (RLCS PRO BLUE TAG),Orange,4103.54,801.29,316.28,0,33.0,2187.1,-281.5,4307.2,1
239.43,Taha (RLCS PRO BLUE TAG),Orange,3886.48,430.12,80.2,0,33.0,687.9,-356.0,4004.9,1
241.03,Taha (RLCS PRO BLUE TAG),Orange,2729.53,1076.6,1023.53,0,33.0,1194.3,-1157.0,2843.8,1
242.69,Taha (RLCS PRO BLUE TAG),Orange,180.63,666.53,1455.81,0,33.0,2264.0,-1989.9,334.9,0
244.02,surreal,Blue,-2865.4,1478.05,898.23,0,33.0,735.6,-734.5,-3029.5,1
245.56,surreal,Blue,-3409.3,1439.74,170.47,0,33.0,1041.3,722.2,-3610.7,0
245.72,Taha (RLCS PRO BLUE TAG),Orange,-3457.2,234.64,169.45,0,33.0,1123.4,443.9,-3647.4,0
246.46,ILikeFreestyling,Blue,-3647.93,1021.41,167.06,1,33.0,1423.9,1417.5,-3791.5,1
247.82,ILikeFreestyling,Blue,-976.78,1491.13,522.47,0,33.0,2223.0,2132.7,-1169.5,0
247.92,eiyvull.,Orange,-799.49,1241.32,340.91,0,33.0,1228.1,147.9,-634.7,0
250.92,surreal,Blue,157.6,464.89,666.59,0,33.0,872.8,674.2,-70.1,0
251.12,eiyvull.,Orange,289.91,849.68,400.69,0,33.0,1701.4,-1307.3,444.8,0
253.56,surreal,Blue,2682.19,709.31,1860.66,0,33.0,1206.4,1158.3,2541.6,0
255.19,Taha (RLCS PRO BLUE TAG),Orange,4939.76,2186.44,173.61,1,33.0,693.2,86.0,5130.2,1
256.02,eiyvull.,Orange,5017.45,832.87,454.04,0,33.0,1224.4,1222.0,4911.5,0
258.22,ILikeFreestyling,Blue,3873.68,2232.49,711.26,0,33.0,903.6,-788.3,3864.4,0
260.32,eiyvull.,Orange,4221.96,42.97,464.1,0,33.0,1311.1,-1071.9,4418.2,0
261.59,surreal,Blue,2321.91,660.06,1103.99,0,33.0,892.7,875.1,2127.6,1
263.89,surreal,Blue,4468.33,817.79,435.72,0,33.0,1567.5,1021.8,4312.9,0
263.92,Taha (RLCS PRO BLUE TAG),Orange,4563.42,913.3,390.27,1,33.0,775.4,-744.6,4739.9,0
273.6,surreal,Blue,0.0,328.04,707.78,0,33.0,2271.5,1772.3,-195.0,0
273.67,Taha (RLCS PRO BLUE TAG),Orange,17.65,494.84,443.14,0,33.0,2234.8,-1646.2,231.7,0
277.13,ILikeFreestyling,Blue,444.07,756.38,438.41,0,33.0,2088.5,2064.1,312.6,0
281.2,eiyvull.,Orange,3077.06,1904.64,679.7,0,33.0,2254.1,-1439.9,3157.8,1
282.13,Taha (RLCS PRO BLUE TAG),Orange,1655.08,837.44,792.17,0,33.0,1275.7,-465.8,1775.7,1
283.13,Taha (RLCS PRO BLUE TAG),Orange,-1073.71,1616.71,1401.08,0,33.0,2049.2,-1966.2,-1243.0,0
284.26,surreal,Blue,-4020.36,2633.65,1419.0,1,33.0,940.0,-37.5,-4227.7,0
286.13,eiyvull.,Orange,-3168.86,1984.46,1061.65,0,33.0,904.5,-173.6,-2990.2,0
287.26,ILikeFreestyling,Blue,-3830.81,880.04,697.94,0,33.0,1754.0,1554.8,-3951.3,1
289.73,ILikeFreestyling,Blue,1170.89,959.96,1046.98,0,33.0,2241.0,2209.7,994.6,1
291.16,ILikeFreestyling,Blue,4311.13,474.16,1007.19,0,33.0,2140.8,2119.8,4201.8,0
292.63,Taha (RLCS PRO BLUE TAG),Orange,4034.98,599.23,833.98,0,33.0,1680.9,-953.9,4190.6,1
295.96,Taha (RLCS PRO BLUE TAG),Orange,-1219.57,282.72,812.9,0,33.0,1855.9,-1811.7,-1191.9,1
297.13,Taha (RLCS PRO BLUE TAG),Orange,-3813.36,629.56,394.9,0,33.0,2300.0,-2263.8,-3608.4,0
297.16,surreal,Blue,-3964.6,2736.21,428.28,1,33.0,2236.5,-1890.4,-3958.0,1
299.83,surreal,Blue,-2018.19,850.87,687.38,0,33.0,1976.9,1954.1,-2217.2,0
301.96,Taha (RLCS PRO BLUE TAG),Orange,3467.83,538.11,1221.78,0,33.0,2265.6,2176.4,3571.4,1
302.16,eiyvull.,Orange,3907.7,538.11,1209.81,0,33.0,1259.3,563.1,3962.4,0
303.03,surreal,Blue,4906.97,2231.55,315.98,0,33.0,2277.0,2164.6,4700.7,0
305.29,eiyvull.,Orange,3729.35,3148.94,812.85,0,33.0,1890.7,-1361.9,3901.3,1
306.89,eiyvull.,Orange,1043.8,525.24,814.76,0,33.0,2006.8,-1873.0,1265.4,0
307.02,ILikeFreestyling,Blue,754.26,847.61,295.77,0,33.0,1359.3,971.5,621.1,0
311.46,Taha (RLCS PRO BLUE TAG),Orange,-1323.79,1064.99,1401.08,0,33.0,2049.2,-1966.2,-1243.0,0
312.36,surreal,Blue,-1471.25,1973.57,704.28,0,33.0,2264.5,2256.1,-1635.1,0
312.66,Taha (RLCS PRO BLUE TAG),Orange,-676.04,867.65,535.11,0,33.0,1556.6,131.0,-622.4,1
315.96,eiyvull.,Orange,2062.42,1574.88,778.92,0,33.0,2279.4,-2206.1,2248.7,0
318.22,ILikeFreestyling,Blue,-2314.15,582.54,762.7,0,33.0,2056.7,699.7,-2432.3,1
320.99,ILikeFreestyling,Blue,-554.99,820.3,601.1,0,33.0,2262.3,452.0,-654.7,0
321.25,eiyvull.,Orange,168.88,217.75,829.12,0,33.0,2262.3,1282.0,152.5,0
323.72,ILikeFreestyling,Blue,4893.46,538.72,1010.95,0,33.0,790.4,391.7,5128.9,1
336.64,surreal,Blue,0.0,482.95,478.29,0,33.0,2270.6,1876.7,-237.2,0
336.64,Taha (RLCS PRO BLUE TAG),Orange,0.0,1563.44,205.71,0,33.0,2268.7,-1854.1,207.4,0
338.94,ILikeFreestyling,Blue,-709.49,623.98,339.42,0,33.0,2276.6,1110.8,-809.2,0
342.58,Taha (RLCS PRO BLUE TAG),Orange,2448.31,2178.83,670.57,0,33.0,2104.4,-1077.8,2559.0,0
342.84,ILikeFreestyling,Blue,2037.09,1928.74,298.17,0,33.0,2284.6,2229.3,2001.3,0
343.44,Taha (RLCS PRO BLUE TAG),Orange,1208.61,2571.41,708.82,0,33.0,1798.8,-1739.0,1332.2,0
344.21,surreal,Blue,-467.52,891.43,776.4,0,33.0,1920.0,-1579.5,-635.2,1
344.91,ILikeFreestyling,Blue,-1693.29,36.48,769.08,0,33.0,1738.0,1099.0,-1875.9,0
347.11,eiyvull.,Orange,1427.46,1616.31,678.03,0,33.0,2073.9,-1632.7,1474.2,0
347.38,ILikeFreestyling,Blue,1312.12,1414.74,302.64,0,33.0,2279.7,1713.9,1210.3,1
349.67,ILikeFreestyling,Blue,3244.91,1233.03,880.19,0,33.0,2116.7,94.6,3201.4,0
9.75,Kapp,Orange,0.0,1480.49,346.57,0,33.0,2288.1,-2265.0,186.7,0
9.75,zarion LFT for rlcs,Blue,0.0,3248.76,346.57,0,33.0,2300.0,2236.6,-113.9,1
10.56,TIDE,Blue,-2460.65,3986.01,1304.85,1,33.0,1921.9,1798.2,-2682.4,0
14.1,Rosé,Orange,4553.56,6403.33,3168.08,1,33.0,200.6,197.2,4735.8,1
15.16,Rosé,Orange,4760.02,4236.65,1946.04,1,33.0,489.5,-288.5,4909.9,0
15.9,zarion LFT for rlcs,Blue,4429.3,4646.59,283.95,0,33.0,2299.7,1678.3,4343.1,0
16.88,Rosé,Orange,3135.93,952.64,1742.48,0,33.0,1781.3,-1593.7,3250.7,1
19.36,Kapp,Orange,-626.79,70.29,1795.78,0,33.0,1720.9,-1659.1,-607.3,0
21.01,TIDE,Blue,-2901.06,4508.42,161.97,1,33.0,585.1,90.6,-2937.6,0
32.37,Kapp,Orange,0.0,1453.94,461.59,0,33.0,2286.4,-2171.2,224.4,0
32.37,zarion LFT for rlcs,Blue,0.0,1196.95,461.59,0,33.0,2292.3,2190.6,-237.2,1
33.25,TIDE,Blue,-274.63,475.69,545.29,0,33.0,2199.1,106.8,-246.7,1
36.57,TIDE,Blue,-2278.71,2593.95,2503.23,0,33.0,500.8,358.4,-2379.7,1
38.22,TIDE,Blue,-877.52,3596.25,1370.7,0,33.0,1700.4,1366.5,-1023.9,1
39.73,TIDE,Blue,1333.25,2826.66,1088.47,0,33.0,1831.4,1644.9,1154.7,0
41.32,Kapp,Orange,4858.71,1762.9,726.7,1,33.0,419.4,203.0,4953.9,1
43.39,Rosé,Orange,4615.58,1850.16,504.51,0,33.0,787.6,403.4,4580.6,0
43.62,zarion LFT for rlcs,Blue,4655.27,2187.53,237.87,0,33.0,2212.9,1782.2,4536.6,1
45.84,zarion LFT for rlcs,Blue,3418.2,891.8,330.21,0,33.0,1987.5,-1951.8,3444.2,1
48.28,TIDE,Blue,2341.65,1065.05,1178.95,0,33.0,1970.0,1915.5,2151.1,1
61.1,zarion LFT for rlcs,Blue,0.0,1489.26,881.81,0,33.0,2298.0,1415.8,-182.8,0
61.2,Kapp,Orange,164.65,1058.18,452.95,0,33.0,1757.6,-1370.5,357.6,0
63.68,zarion LFT for rlcs,Blue,-3852.83,1231.8,1153.22,0,33.0,2214.7,-1971.6,-3796.6,0
64.55,Kapp,Orange,-4296.13,2727.6,588.29,0,33.0,284.3,246.3,-4355.1,1
67.44,Kapp,Orange,-3349.34,3155.02,1488.82,0,33.0,463.7,70.2,-3148.7,0
68.72,zarion LFT for rlcs,Blue,-4777.99,147.49,1260.97,0,33.0,381.4,198.8,-4893.4,0
71.51,Rosé,Orange,-2813.63,1898.7,599.67,0,33.0,1787.1,-1573.3,-2676.7,0
72.48,zarion LFT for rlcs,Blue,-4741.11,960.23,1735.93,1,33.0,1491.8,864.7,-4885.6,0
75.33,Kapp,Orange,93.91,548.18,362.34,0,33.0,282.5,92.7,172.1,0
75.43,zarion LFT for rlcs,Blue,264.13,1668.02,213.52,0,33.0,1998.9,1990.0,168.3,0
79.63,Rosé,Orange,4695.61,1464.57,833.8,0,33.0,1517.6,-591.3,4863.0,1
81.02,Rosé,Orange,3238.77,693.44,915.1,0,33.0,1910.1,-1463.1,3435.2,1
81.97,Rosé,Orange,2523.84,1553.61,1054.51,0,33.0,1454.6,-875.5,2619.0,0
87.4,zarion LFT for rlcs,Blue,-3022.93,1372.41,1271.8,0,33.0,1961.5,1749.4,-3193.5,0
90.87,Kapp,Orange,3798.95,255.13,516.56,0,33.0,2299.9,1189.7,3818.1,1
93.08,Kapp,Orange,3193.88,3234.27,696.39,0,33.0,2061.6,-1987.0,3382.6,0
95.49,TIDE,Blue,-1041.71,464.41,40.92,0,33.0,1185.1,1056.1,-1172.4,1
97.98,TIDE,Blue,3058.59,5919.48,380.91,0,33.0,2300.0,2196.9,2862.4,0
99.03,Kapp,Orange,4581.14,3514.45,72.14,0,33.0,1401.6,981.8,4708.0,1
99.8,Kapp,Orange,5026.7,2495.82,16.33,0,33.0,831.4,-4.5,5103.2,1
101.27,Kapp,Orange,3974.61,2250.4,618.97,0,33.0,1729.8,-1726.2,4040.1,0
102.54,zarion LFT for rlcs,Blue,1706.02,1156.95,1096.8,0,33.0,2034.0,-614.4,1597.6,1
105.51,zarion LFT for rlcs,Blue,37.54,530.63,1280.53,0,33.0,555.1,469.6,-150.3,1
106.95,zarion LFT for rlcs,Blue,1138.11,1833.38,632.83,0,33.0,1578.3,1273.9,929.6,0
108.68,Rosé,Orange,3132.77,1878.44,613.38,0,33.0,903.1,-563.1,3274.5,1
110.86,Kapp,Orange,3565.39,3258.22,999.12,0,33.0,2013.6,-966.2,3636.9,0
113.29,TIDE,Blue,1427.57,3052.26,1191.59,0,33.0,1843.5,1804.3,1242.6,0
114.35,Rosé,Orange,4079.72,1291.68,1274.71,0,33.0,1469.8,1293.0,4233.8,0
116.86,TIDE,Blue,4013.88,2081.94,156.39,0,33.0,2225.7,-1761.7,4140.2,0
116.9,Kapp,Orange,4003.53,2765.31,182.72,0,33.0,2112.5,-2059.5,4138.8,0
119.33,zarion LFT for rlcs,Blue,3042.03,237.05,1729.26,0,33.0,2223.8,2160.2,2866.2,1
120.41,zarion LFT for rlcs,Blue,4667.56,2302.05,763.31,0,33.0,2011.4,1422.2,4756.9,0
121.74,Rosé,Orange,4843.66,1959.85,1135.9,0,33.0,881.2,-497.2,4905.9,1
122.64,Rosé,Orange,4249.3,1342.61,2253.7,0,33.0,1043.2,-839.8,4390.2,1
123.86,Rosé,Orange,2925.67,414.5,2486.82,0,33.0,1369.6,-1328.5,3107.3,1
126.44,Rosé,Orange,-1735.55,3637.02,1381.78,0,33.0,1995.7,-1989.2,-1496.2,0
128.36,TIDE,Blue,-4275.32,852.27,980.88,0,33.0,699.2,-600.0,-4272.1,1
128.72,zarion LFT for rlcs,Blue,-4733.88,509.4,1210.32,1,33.0,1183.5,295.8,-4826.1,0
130.84,Kapp,Orange,-4079.78,4455.74,109.75,0,33.0,1816.1,-1772.0,-3897.5,0
131.88,zarion LFT for rlcs,Blue,-5004.91,1408.83,1357.82,1,33.0,618.3,0.3,-5103.0,1
133.26,zarion LFT for rlcs,Blue,-4129.94,829.55,979.32,0,33.0,1593.5,968.6,-4139.4,1
135.21,zarion LFT for rlcs,Blue,-3938.79,1085.24,823.88,0,33.0,2139.9,854.2,-4141.3,1
137.34,zarion LFT for rlcs,Blue,478.55,969.51,1016.5,0,33.0,2203.3,2203.3,290.6,1
138.31,TIDE,Blue,2629.92,327.45,1103.22,0,33.0,2252.9,2178.9,2656.4,1
139.28,zarion LFT for rlcs,Blue,4341.94,1736.59,833.8,0,33.0,1919.8,1242.3,4386.4,0
139.53,Kapp,Orange,4478.56,1109.8,365.1,0,33.0,2236.2,2001.7,4277.7,1
140.31,Rosé,Orange,4826.87,1124.3,607.66,0,33.0,2283.9,-843.5,5024.6,0
142.72,TIDE,Blue,2920.31,182.15,1695.84,0,33.0,2297.8,616.1,2818.5,0
145.31,Kapp,Orange,4632.34,310.47,3269.96,0,33.0,2029.8,-115.5,4746.8,1
146.81,Kapp,Orange,3075.51,1378.04,529.68,0,33.0,2180.9,-2124.5,3152.6,1
148.2,Kapp,Orange,437.17,876.77,1156.83,0,33.0,2073.9,-2040.8,561.8,0
149.58,TIDE,Blue,-2276.31,350.46,411.12,0,33.0,1575.8,-1253.6,-2287.7,1
149.65,zarion LFT for rlcs,Blue,-2408.84,213.48,525.96,0,33.0,89.6,-85.7,-2544.6,0
152.18,Rosé,Orange,-2469.31,621.26,1883.3,0,33.0,1784.2,-804.8,-2346.8,0
153.76,zarion LFT for rlcs,Blue,-5005.78,1106.52,1621.17,1,33.0,489.9,0.1,-5103.0,0
157.49,Kapp,Orange,1070.95,954.45,638.45,0,33.0,1493.7,-1432.6,1248.6,0
160.03,zarion LFT for rlcs,Blue,-1925.78,2042.7,2029.18,0,33.0,2036.1,842.5,-1976.2,0
173.61,Rosé,Orange,0.0,1297.89,615.54,0,33.0,2284.2,-2214.6,221.4,0
173.64,TIDE,Blue,0.0,1445.53,472.41,0,33.0,2194.7,1544.1,-242.0,0
174.75,Kapp,Orange,18.71,102.09,421.37,0,33.0,1310.4,-1199.5,172.5,0
174.78,zarion LFT for rlcs,Blue,21.43,710.66,238.02,0,33.0,1540.5,1524.3,-122.8,0
179.4,Rosé,Orange,1257.92,2774.39,508.39,0,33.0,633.2,-104.3,1373.4,0
179.54,zarion LFT for rlcs,Blue,1182.65,4909.25,260.4,0,33.0,1706.2,1451.1,1111.9,1
181.9,TIDE,Blue,646.92,3152.28,1609.81,0,33.0,1685.2,721.1,668.1,0
183.9,Rosé,Orange,223.78,922.55,431.65,0,33.0,2299.2,-2006.2,433.4,0
183.93,TIDE,Blue,215.13,761.87,431.65,0,33.0,1234.9,-1213.9,83.6,0
185.4,Rosé,Orange,-1972.64,2221.66,401.26,0,33.0,2113.2,-974.1,-1882.6,0
185.56,TIDE,Blue,-2285.87,1327.78,351.66,0,33.0,2060.0,-708.3,-2398.4,0
189.27,Rosé,Orange,-2490.8,756.83,182.62,0,33.0,1592.6,1083.3,-2435.8,1
191.53,Kapp,Orange,-2791.27,3065.05,1142.87,0,33.0,2045.3,-1610.1,-2692.8,0
192.45,TIDE,Blue,-4118.48,2096.43,402.49,0,33.0,2002.6,62.2,-4233.5,0
202.74,Rosé,Orange,-41.62,1229.71,455.05,0,33.0,1887.8,-1852.6,134.3,0
202.78,TIDE,Blue,-49.86,1628.4,335.4,0,33.0,765.9,327.8,-201.1,1
204.08,zarion LFT for rlcs,Blue,-1001.62,2317.88,901.26,0,33.0,2261.3,-1865.0,-813.7,1
207.12,zarion LFT for rlcs,Blue,-4349.49,582.81,2505.68,1,33.0,311.9,220.5,-4518.6,1
208.35,zarion LFT for rlcs,Blue,-3664.98,490.47,2576.33,0,33.0,852.0,738.0,-3801.7,0
210.57,Kapp,Orange,-1647.34,1875.7,306.49,0,33.0,1269.2,-970.3,-1534.2,0
212.25,zarion LFT for rlcs,Blue,539.24,1395.36,172.02,0,33.0,1697.3,1697.3,457.5,0
213.45,Rosé,Orange,2833.99,1573.27,767.96,0,33.0,1332.7,132.1,2998.8,0
213.65,zarion LFT for rlcs,Blue,2826.86,1257.46,332.91,0,33.0,2299.9,1833.8,2747.9,1
214.99,TIDE,Blue,2391.94,2062.24,902.22,0,33.0,1610.7,1569.6,2223.1,0
215.83,Kapp,Orange,4346.62,189.78,1035.32,0,33.0,1070.1,958.0,4468.1,0
227.1,zarion LFT for rlcs,Blue,47.64,1431.65,475.44,0,33.0,1976.0,1973.9,-126.6,0
227.13,Kapp,Orange,59.32,1088.25,319.5,0,33.0,351.8,-171.9,183.2,1
229.05,Rosé,Orange,148.13,562.69,329.74,0,33.0,2276.6,115.0,149.8,1
230.21,Rosé,Orange,243.5,937.67,995.13,0,33.0,811.7,58.5,303.7,1
231.98,Rosé,Orange,-293.44,915.57,1862.74,0,33.0,1052.7,-627.8,-131.8,1
233.48,Rosé,Orange,-1589.06,1101.22,1706.96,0,33.0,1448.9,-1444.6,-1489.2,1
234.83,Rosé,Orange,-3682.33,85.55,755.04,0,33.0,2153.5,-1977.3,-3688.2,0
235.23,TIDE,Blue,-4321.42,838.51,5.27,1,33.0,1199.2,983.8,-4505.2,0
239.88,Kapp,Orange,272.62,720.42,2927.23,0,33.0,2021.2,-1746.7,508.5,0
241.18,zarion LFT for rlcs,Blue,-2895.55,2290.69,1124.57,0,33.0,1374.2,-529.1,-2939.3,0
241.83,Rosé,Orange,-3543.65,2873.05,559.79,0,33.0,2297.0,-2092.8,-3640.7,0
243.17,zarion LFT for rlcs,Blue,-4668.92,351.44,2381.06,0,33.0,2229.8,-683.3,-4715.5,1
244.77,zarion LFT for rlcs,Blue,-2893.7,117.75,3422.34,0,33.0,1807.3,1807.3,-3020.7,1
246.47,zarion LFT for rlcs,Blue,-254.83,481.18,1030.63,0,33.0,1610.6,1535.4,-306.1,1
247.85,zarion LFT for rlcs,Blue,1840.01,530.2,965.46,0,33.0,1777.7,1652.3,1818.0,0
248.52,Rosé,Orange,2710.55,1990.85,487.74,0,33.0,550.7,484.7,2789.7,1
250.26,Kapp,Orange,3572.51,802.66,604.02,0,33.0,2282.0,-1343.3,3710.1,0
250.33,TIDE,Blue,3552.12,1392.32,369.12,0,33.0,1580.6,1572.1,3365.2,1
252.86,zarion LFT for rlcs,Blue,292.33,2759.68,1084.16,0,33.0,2081.5,1235.5,150.4,0
255.91,Rosé,Orange,4682.4,1387.44,689.22,0,33.0,660.7,-624.2,4799.6,0
257.91,TIDE,Blue,3047.41,1259.4,107.63,0,33.0,835.7,835.4,2899.2,0
260.61,Kapp,Orange,4927.85,878.49,1155.44,0,33.0,1516.0,258.1,4950.0,1
261.75,Kapp,Orange,4712.34,255.53,1986.68,0,33.0,2117.6,-474.6,4818.9,1
261.78,Rosé,Orange,4708.46,224.08,2098.98,0,33.0,2199.9,1444.7,4661.3,0
263.52,zarion LFT for rlcs,Blue,3769.62,977.38,792.04,0,33.0,2170.9,2169.8,3618.2,0
265.24,Kapp,Orange,5002.04,740.81,368.92,0,33.0,585.8,-426.2,4902.7,1
267.3,Rosé,Orange,4865.7,706.11,1443.29,0,33.0,1309.9,-1308.7,5064.5,0
268.33,TIDE,Blue,2844.93,1969.26,874.49,0,33.0,1805.6,1003.6,2624.6,0
268.57,Rosé,Orange,3026.55,706.17,472.48,0,33.0,1866.0,-1128.1,3188.3,1
269.47,Kapp,Orange,4050.38,1273.74,900.38,0,33.0,1914.2,-1433.7,4218.3,0
273.6,zarion LFT for rlcs,Blue,-3812.0,604.76,593.99,0,33.0,2058.7,-274.4,-3938.7,1
275.38,zarion LFT for rlcs,Blue,-1987.99,994.75,2390.04,0,33.0,1843.0,1678.3,-2143.0,1
276.92,zarion LFT for rlcs,Blue,461.04,1870.5,853.23,0,33.0,2086.8,1662.7,353.3,0
278.27,Rosé,Orange,3258.73,391.45,417.92,0,33.0,1272.6,1203.7,3257.1,0
283.04,TIDE,Blue,-1436.07,787.73,1556.52,0,33.0,1784.0,1715.5,-1621.6,0
283.74,Rosé,Orange,-934.19,910.28,1409.14,0,33.0,2294.6,-2166.3,-939.1,0
284.36,zarion LFT for rlcs,Blue,-715.8,2761.76,523.16,0,33.0,2214.9,-1043.0,-691.0,1
289.03,zarion LFT for rlcs,Blue,-1539.32,2018.08,1278.79,0,33.0,1954.4,1730.0,-1536.7,0
291.88,Kapp,Orange,-3880.87,1144.52,816.18,0,33.0,2279.2,-2231.3,-3689.4,0
292.32,TIDE,Blue,-4893.73,1805.45,616.99,1,33.0,1810.0,479.9,-5025.1,0
293.94,Rosé,Orange,-3376.51,1417.81,845.81,0,33.0,2007.5,-1803.3,-3210.5,0
296.3,zarion LFT for rlcs,Blue,-2517.39,1332.71,1380.3,0,33.0,1712.9,1634.9,-2717.7,1
297.45,zarion LFT for rlcs,Blue,-389.42,1619.45,492.76,0,33.0,2208.7,2156.0,-457.7,1
299.85,TIDE,Blue,4303.23,69.5,1255.85,0,33.0,2242.8,1680.5,4199.0,1
318.43,zarion LFT for rlcs,Blue,0.0,1697.97,728.14,0,33.0,2290.3,2202.8,-193.2,0
318.49,Kapp,Orange,179.09,862.17,460.35,0,33.0,1929.9,-1843.1,414.1,0
321.88,zarion LFT for rlcs,Blue,-1611.7,1855.69,1236.33,0,33.0,2292.8,-1815.3,-1755.6,1
324.17,TIDE,Blue,-3127.51,1071.62,272.73,0,33.0,1904.8,1604.1,-3368.8,0
327.91,Rosé,Orange,4365.66,1567.32,612.16,0,33.0,1187.2,-42.5,4503.8,1
331.27,Kapp,Orange,4521.53,480.01,1689.33,0,33.0,2125.5,-348.1,4610.3,1
332.34,Kapp,Orange,3218.46,1352.39,1258.09,0,33.0,2117.1,-2102.2,3375.6,0
334.66,TIDE,Blue,-2626.05,1114.75,339.54,0,33.0,1804.7,944.1,-2827.2,1
337.97,zarion LFT for rlcs,Blue,2070.73,1245.71,535.0,0,33.0,1918.5,1049.0,2211.0,1
339.33,zarion LFT for rlcs,Blue,3272.51,710.36,1423.31,0,33.0,499.9,149.7,3246.5,0
340.81,Rosé,Orange,4393.59,1005.82,1116.48,0,33.0,1178.4,-1178.0,4560.4,0
342.67,TIDE,Blue,639.66,755.8,13.61,0,33.0,2229.5,-2198.0,734.5,0
346.51,Rosé,Orange,-3120.56,2007.12,1338.79,0,33.0,1910.1,-1235.6,-2947.3,0
347.42,TIDE,Blue,-4319.4,645.04,1096.8,0,33.0,1700.6,1356.9,-4510.3,1
350.63,zarion LFT for rlcs,Blue,-488.27,986.11,338.87,0,33.0,2277.0,2232.1,-571.2,0
353.34,Kapp,Orange,4707.16,2402.71,269.18,0,33.0,947.9,-764.0,4839.6,0
353.34,zarion LFT for rlcs,Blue,4707.16,3197.1,269.18,0,33.0,2080.6,2005.9,4647.2,1
354.96,zarion LFT for rlcs,Blue,4175.64,783.53,1253.03,0,33.0,2194.2,-1013.8,4201.0,1
355.16,TIDE,Blue,4048.49,410.52,855.45,0,33.0,2285.1,-1675.5,3852.6,0
355.4,Rosé,Orange,3881.98,1496.16,518.13,0,33.0,1354.5,-1353.6,4056.5,1
357.28,Rosé,Orange,2920.21,2124.54,1375.56,0,33.0,1876.8,-296.0,2920.4,0
361.49,TIDE,Blue,1098.46,1500.73,619.2,0,33.0,1130.9,-115.3,938.3,0
362.47,Rosé,Orange,1466.75,585.75,287.48,0,33.0,1904.6,404.6,1347.3,1
362.61,Kapp,Orange,1549.72,500.79,360.3,0,33.0,442.0,-168.4,1778.2,0
363.61,zarion LFT for rlcs,Blue,1268.96,773.66,933.29,0,33.0,1686.9,1541.1,1042.0,0
363.95,Kapp,Orange,1697.55,1127.72,442.98,0,33.0,859.7,-328.9,1822.9,0
365.26,zarion LFT for rlcs,Blue,3492.33,920.21,403.96,0,33.0,2146.3,2090.3,3349.8,0
10.28,Taha (RLCS PRO BLUE TAG),Orange,-14.66,2120.25,596.64,0,33.0,1912.6,-1574.2,129.4,0
10.32,Kripper,Blue,-84.76,1502.37,335.6,0,33.0,1709.1,977.0,-250.3,0
14.08,Talynn,Orange,-2104.83,2847.28,1830.22,0,33.0,444.9,-444.9,-1878.4,1
15.65,Talynn,Orange,-3127.71,6752.96,1535.64,0,33.0,919.1,-685.8,-3052.9,0
16.32,deevo,Blue,-3489.56,5008.02,271.25,0,33.0,1498.4,633.2,-3530.9,1
18.95,Kripper,Blue,-4677.7,3431.08,2281.75,1,33.0,1004.8,-121.7,-4767.0,0
20.35,Taha (RLCS PRO BLUE TAG),Orange,-2109.98,1060.77,1579.67,1,33.0,1435.3,-1251.9,-1962.4,0
24.25,deevo,Blue,-4021.0,4752.6,371.03,1,33.0,729.7,518.3,-4238.7,0
26.68,Talynn,Orange,-3290.83,3700.96,960.45,0,33.0,2236.9,-1701.2,-3165.1,0
28.45,Kripper,Blue,-4588.69,1495.46,396.28,1,33.0,2258.7,1011.7,-4729.2,0
28.48,Talynn,Orange,-4510.43,5043.46,396.28,0,33.0,2141.2,-848.3,-4337.9,1
30.98,Talynn,Orange,-2827.52,2403.71,195.18,0,33.0,2094.7,2094.6,-2978.4,0
30.98,Kripper,Blue,-2827.52,1306.09,195.18,0,33.0,1192.2,1169.4,-2893.2,0
33.52,Taha (RLCS PRO BLUE TAG),Orange,2624.42,1896.18,1354.56,1,33.0,791.5,-563.6,2828.5,1
34.98,Taha (RLCS PRO BLUE TAG),Orange,901.45,2971.45,2393.64,0,33.0,1921.8,-1864.8,1022.0,1
37.28,Taha (RLCS PRO BLUE TAG),Orange,-3215.51,1791.4,1874.89,1,33.0,2045.3,-1899.8,-3143.3,0
38.22,deevo,Blue,-5007.69,1662.63,190.15,1,33.0,2245.6,-2069.4,-5194.4,1
47.82,deevo,Blue,0.0,1551.59,548.89,0,33.0,2268.5,1804.6,-180.2,0
47.88,Talynn,Orange,45.73,2001.21,290.68,0,33.0,763.8,-272.8,180.6,1
50.22,Taha (RLCS PRO BLUE TAG),Orange,551.45,4814.97,311.23,0,33.0,2077.4,-49.5,644.2,0
50.28,deevo,Blue,482.86,2918.17,281.71,0,33.0,1382.0,967.1,399.4,1
53.22,Kripper,Blue,-3577.43,1335.64,1398.9,0,33.0,1212.8,1184.8,-3772.2,0
55.68,Talynn,Orange,634.32,3047.07,234.06,0,33.0,2277.5,-2161.9,518.6,0
56.68,Kripper,Blue,2972.66,1443.69,1698.39,0,33.0,2296.0,2284.3,2772.0,0
57.21,Taha (RLCS PRO BLUE TAG),Orange,4148.33,6729.19,353.57,1,33.0,1426.5,-228.7,4291.8,0
73.23,Kripper,Blue,-9.4,1407.44,306.66,0,33.0,561.5,241.7,-142.0,0
73.23,Taha (RLCS PRO BLUE TAG),Orange,-9.4,2062.74,306.66,0,33.0,519.8,-298.9,145.3,1
76.26,Talynn,Orange,-2588.18,1524.9,1691.74,0,33.0,2022.8,-2017.2,-2443.1,0
77.29,deevo,Blue,-4694.16,1329.34,698.13,1,33.0,1153.3,-576.2,-4762.6,0
87.68,Talynn,Orange,43.11,1181.66,398.25,0,33.0,2274.5,-2229.5,239.8,0
87.68,deevo,Blue,43.11,1327.63,398.25,0,33.0,2292.3,2156.5,-157.5,1
91.94,Kripper,Blue,1507.3,2816.73,1283.84,0,33.0,1148.0,872.9,1424.9,1
94.17,Kripper,Blue,3591.58,1657.84,804.31,0,33.0,1664.1,928.0,3409.8,0
94.37,Taha (RLCS PRO BLUE TAG),Orange,3792.99,2037.42,339.28,0,33.0,928.4,-835.1,3994.3,0
96.57,deevo,Blue,1664.42,496.08,250.58,0,33.0,1781.8,1311.0,1552.8,0
99.77,Talynn,Orange,3952.18,3859.47,671.98,1,33.0,1475.0,-1472.5,4032.0,1
102.21,Taha (RLCS PRO BLUE TAG),Orange,-1054.99,1212.01,1927.51,0,33.0,2198.3,1330.6,-1141.7,1
103.94,Talynn,Orange,-3658.76,1395.37,1208.17,0,33.0,2111.4,-1485.5,-3637.9,0
104.7,deevo,Blue,-4738.63,2982.44,770.64,0,33.0,20.6,15.1,-4972.7,1
106.1,deevo,Blue,-3926.95,1505.42,1459.99,0,33.0,1575.4,1302.5,-4099.3,1
107.0,deevo,Blue,-2347.74,1198.86,1180.24,0,33.0,2145.3,2047.4,-2550.5,0
107.37,Taha (RLCS PRO BLUE TAG),Orange,-1781.81,1924.39,460.94,0,33.0,2279.5,264.6,-1664.8,1
110.97,Taha (RLCS PRO BLUE TAG),Orange,2232.98,1558.94,2088.98,0,33.0,1003.9,184.5,2360.1,1
113.77,Talynn,Orange,1437.39,963.3,2004.11,0,33.0,2285.7,-2279.3,1580.7,0
116.64,deevo,Blue,-4443.89,2020.11,969.03,0,33.0,1540.2,-1159.9,-4289.1,1
118.7,deevo,Blue,-4541.39,2291.71,610.3,0,33.0,2299.3,905.7,-4756.9,0
118.83,Talynn,Orange,-4416.25,2171.75,423.53,0,33.0,1507.0,-976.2,-4276.6,1
120.37,Talynn,Orange,-4745.24,2864.84,541.3,0,33.0,1557.8,218.2,-4870.4,0
120.5,Kripper,Blue,-4631.99,3458.13,251.08,0,33.0,1824.2,1259.0,-4839.1,0
122.13,Taha (RLCS PRO BLUE TAG),Orange,-3060.68,503.94,1163.82,0,33.0,2281.8,-694.2,-2915.3,1
124.77,Talynn,Orange,-2821.26,1592.91,1254.82,0,33.0,1717.6,25.8,-2628.4,0
126.63,Kripper,Blue,-4737.73,964.59,1341.43,0,33.0,1132.4,-870.3,-4743.1,0
128.67,Talynn,Orange,-4077.34,2146.93,663.4,0,33.0,340.2,167.9,-4061.5,0
133.0,Kripper,Blue,-3754.29,333.73,1357.21,0,33.0,2150.9,2048.5,-3878.7,0
136.36,Taha (RLCS PRO BLUE TAG),Orange,4217.27,3473.1,2000.43,1,33.0,1988.4,562.9,4345.2,1
137.76,Taha (RLCS PRO BLUE TAG),Orange,3986.09,2742.5,908.51,1,33.0,1410.2,-1037.3,4176.2,0
137.9,deevo,Blue,3866.69,1115.69,462.99,0,33.0,2261.5,2227.2,3672.3,0
141.13,Talynn,Orange,-100.52,1006.73,802.94,0,33.0,1647.7,-1447.7,-56.5,0
143.56,Kripper,Blue,-5013.21,700.64,397.06,0,33.0,1497.6,-1416.5,-4937.0,0
143.6,Talynn,Orange,-5017.58,1935.05,276.6,0,33.0,2249.3,-2238.1,-4847.5,0
147.96,deevo,Blue,-1958.44,1564.63,2951.17,0,33.0,1714.5,1592.6,-2050.1,1
149.16,deevo,Blue,-91.32,1080.88,1247.09,0,33.0,1879.3,1555.1,-144.7,0
150.89,Taha (RLCS PRO BLUE TAG),Orange,2524.92,2568.71,318.81,0,33.0,685.4,-270.1,2667.8,0
154.56,Kripper,Blue,-1215.92,2349.1,2021.66,0,33.0,1568.3,1562.2,-1402.9,1
156.19,deevo,Blue,2256.51,1075.04,2056.92,0,33.0,1346.0,953.9,2265.4,0
157.96,Talynn,Orange,4721.3,645.48,462.58,0,33.0,2299.3,258.8,4680.0,0
158.19,deevo,Blue,4713.93,1844.62,292.21,0,33.0,2269.5,1255.8,4556.2,1
160.09,Kripper,Blue,2272.4,974.81,677.69,0,33.0,1489.9,-226.1,2127.9,0
160.19,Talynn,Orange,2349.52,1658.02,308.91,0,33.0,2254.3,-1994.1,2370.2,0
161.72,Kripper,Blue,3260.23,2778.89,575.63,0,33.0,2041.2,1902.3,3143.2,0
161.82,Taha (RLCS PRO BLUE TAG),Orange,3396.47,2750.1,388.73,1,33.0,447.4,-372.2,3610.2,0
163.49,deevo,Blue,1473.39,1695.94,985.85,0,33.0,1574.3,1457.7,1291.4,0
166.36,Taha (RLCS PRO BLUE TAG),Orange,4302.78,1588.59,538.53,0,33.0,1995.6,-554.0,4371.5,0
166.46,deevo,Blue,4138.44,1062.55,375.41,0,33.0,2079.6,1417.9,3956.9,0
169.32,Talynn,Orange,3455.95,396.39,2068.94,1,33.0,1689.6,-1320.4,3561.3,1
170.09,Talynn,Orange,2427.89,421.12,2712.78,0,33.0,2083.5,-1209.3,2527.7,0
174.75,deevo,Blue,-4926.16,2382.4,1354.31,1,33.0,768.9,0.3,-5103.0,0
177.25,Talynn,Orange,-2778.19,368.72,357.03,0,33.0,2287.4,917.8,-2803.2,1
179.19,Talynn,Orange,-1614.35,2587.23,1180.77,0,33.0,1755.3,25.2,-1592.7,0
182.05,Kripper,Blue,-1675.55,1683.93,2139.67,0,33.0,1325.7,1137.0,-1774.8,0
183.99,Taha (RLCS PRO BLUE TAG),Orange,1256.38,1958.68,534.22,0,33.0,259.7,250.8,1475.5,0
184.15,Kripper,Blue,1398.34,992.08,294.05,0,33.0,1859.3,1823.9,1207.1,0
185.59,Talynn,Orange,4494.82,2790.02,1304.84,1,33.0,1856.3,65.8,4605.5,0
188.48,deevo,Blue,2616.7,2090.15,633.41,0,33.0,40.8,40.8,2448.7,1
189.58,deevo,Blue,2649.98,1438.76,124.1,0,33.0,782.0,238.9,2526.7,0
190.52,Talynn,Orange,2760.64,793.42,247.58,0,33.0,1655.8,-1549.7,2779.7,0
194.85,Kripper,Blue,4256.19,605.44,1202.13,0,33.0,2000.5,1875.4,4141.6,0
195.58,Taha (RLCS PRO BLUE TAG),Orange,4918.94,1054.8,780.35,1,33.0,1276.5,-386.2,5114.4,1
196.48,Talynn,Orange,4498.53,478.22,1888.45,0,33.0,771.4,-624.4,4596.1,1
197.45,Talynn,Orange,3464.1,1083.37,1197.71,0,33.0,1373.3,-1371.9,3606.4,0
199.35,Kripper,Blue,319.57,1160.47,195.48,0,33.0,2286.6,-1940.1,424.9,1
204.91,deevo,Blue,-4725.22,1408.56,605.5,0,33.0,551.5,543.8,-4862.6,0
206.58,Taha (RLCS PRO BLUE TAG),Orange,-3039.76,1975.36,357.88,0,33.0,2145.0,-1946.4,-2854.8,1
225.54,Talynn,Orange,6.83,1682.61,343.79,0,33.0,991.7,-927.2,163.1,0
225.54,deevo,Blue,6.83,1515.73,343.79,0,33.0,2266.8,1769.2,-160.1,1
226.81,Kripper,Blue,45.91,579.57,122.05,0,33.0,2263.5,1317.6,-51.9,0
226.81,Taha (RLCS PRO BLUE TAG),Orange,45.91,1376.79,122.05,0,33.0,2174.8,-1016.4,56.6,1
227.37,Taha (RLCS PRO BLUE TAG),Orange,-176.99,1020.87,272.32,0,33.0,1206.8,823.7,-202.2,0
230.04,deevo,Blue,-1020.69,2607.79,1421.27,0,33.0,363.7,351.1,-1142.6,0
230.64,Taha (RLCS PRO BLUE TAG),Orange,-699.07,2287.82,350.42,0,33.0,2019.7,-2004.8,-572.1,1
232.67,Taha (RLCS PRO BLUE TAG),Orange,-4134.94,981.18,1052.49,0,33.0,2243.7,-2156.8,-4178.7,0
233.31,Kripper,Blue,-4971.14,2191.99,175.24,0,33.0,1992.6,-799.5,-5069.5,0
234.71,Taha (RLCS PRO BLUE TAG),Orange,-4849.52,1377.25,736.66,0,33.0,294.1,150.7,-4745.9,0
234.91,deevo,Blue,-4821.61,716.29,257.62,0,33.0,2196.0,-1357.9,-4786.1,0
237.97,Talynn,Orange,-4576.53,1543.92,424.25,0,33.0,1741.4,794.2,-4553.2,1
239.37,Taha (RLCS PRO BLUE TAG),Orange,-4268.74,394.45,1262.02,0,33.0,486.3,-425.0,-4148.7,0
240.47,deevo,Blue,-5037.52,360.49,733.88,1,33.0,1205.3,127.0,-5148.3,0
242.97,Talynn,Orange,-2176.3,1347.09,1189.87,0,33.0,1374.9,723.3,-2046.5,0
244.94,deevo,Blue,-2797.14,2104.46,471.76,0,33.0,2214.3,2144.6,-2928.7,1
246.64,Kripper,Blue,1686.05,961.82,1500.48,0,33.0,1400.4,1325.4,1762.7,0
247.74,Talynn,Orange,3676.71,3047.02,1047.71,1,33.0,2258.5,1515.6,3637.1,0
250.1,Kripper,Blue,3075.49,2632.82,1647.84,0,33.0,1118.6,-1065.8,2868.7,0
253.14,Talynn,Orange,3727.88,1811.49,1453.63,1,33.0,1094.2,-1063.2,3902.2,1
257.14,Taha (RLCS PRO BLUE TAG),Orange,-4554.56,2678.68,509.41,0,33.0,1749.9,-1326.7,-4425.3,0
257.17,Kripper,Blue,-4660.39,614.61,465.6,0,33.0,2219.5,-855.9,-4853.7,1
260.83,Kripper,Blue,-3878.44,571.71,839.19,0,33.0,215.4,32.7,-3972.1,0
264.7,Talynn,Orange,161.61,2454.85,612.48,0,33.0,2067.5,-615.2,289.2,1
267.6,Talynn,Orange,-3288.72,2039.23,1215.48,0,33.0,2029.8,-1828.8,-3186.1,0
10.25,Taha (RLCS PRO BLUE TAG),Blue,0.0,1576.85,376.57,0,33.0,2281.3,1983.1,-176.3,0
10.25,ϟslark,Orange,0.0,1046.79,376.57,0,33.0,2286.1,-2158.7,199.9,0
27.49,hurdle,Blue,0.0,1678.85,526.76,0,33.0,2271.2,1642.9,-227.9,0
27.56,cayduh,Orange,46.26,2429.42,294.41,0,33.0,1216.8,-334.0,166.5,1
30.22,ϟslark,Orange,2198.78,1977.01,633.36,0,33.0,1918.4,-93.5,2250.2,0
30.42,hurdle,Blue,2139.83,1797.18,232.71,0,33.0,1594.1,1462.3,2069.9,0
32.02,ϟslark,Orange,1874.2,390.16,1340.34,0,33.0,1285.4,-677.6,1988.0,0
35.26,Taha (RLCS PRO BLUE TAG),Blue,-960.98,1009.13,975.73,0,33.0,2257.1,-559.1,-1093.2,1
38.12,Taha (RLCS PRO BLUE TAG),Blue,-492.43,1366.32,659.82,0,33.0,4.0,-3.2,-333.6,0
38.42,cayduh,Orange,-461.28,3846.35,102.26,0,33.0,2117.1,-515.6,-387.9,0
38.56,hurdle,Blue,-491.43,495.44,357.95,0,33.0,2299.9,2142.2,-712.4,0
43.12,cayduh,Orange,-1793.39,3065.54,358.3,0,33.0,2030.6,-1519.9,-1630.9,0
43.15,Taha (RLCS PRO BLUE TAG),Blue,-1796.65,5563.68,306.97,0,33.0,2036.9,1565.9,-1962.8,1
46.99,hurdle,Blue,-3463.51,977.3,745.47,1,33.0,650.6,-173.4,-3477.8,1
48.92,hurdle,Blue,-3532.09,1764.81,2695.16,1,33.0,497.6,127.9,-3578.8,1
51.39,Taha (RLCS PRO BLUE TAG),Blue,-3009.38,417.56,2237.45,0,33.0,1396.6,1283.5,-3080.0,0
53.58,cayduh,Orange,-425.44,214.16,1131.09,0,33.0,2280.9,-2280.6,-188.1,1
53.62,ϟslark,Orange,-467.08,58.8,993.04,0,33.0,2207.7,-1776.0,-310.5,1
56.08,ϟslark,Orange,-1712.64,1337.97,1728.17,0,33.0,1655.1,1646.2,-1779.8,0
59.85,Taha (RLCS PRO BLUE TAG),Blue,4284.59,3667.53,308.59,0,33.0,2299.9,2089.8,4106.3,0
59.85,ϟslark,Orange,4284.59,2089.47,308.59,1,33.0,74.4,67.2,4413.6,1
62.18,ϟslark,Orange,2414.39,894.67,1720.9,0,33.0,1365.1,-1240.3,2596.6,0
63.28,hurdle,Blue,-570.51,2670.35,1392.4,0,33.0,1749.3,-1577.8,-720.7,1
65.32,hurdle,Blue,-1527.36,1649.82,247.72,0,33.0,2075.8,1626.7,-1667.7,0
65.32,ϟslark,Orange,-1527.36,1979.09,247.72,0,33.0,2300.0,-151.0,-1431.5,1
67.45,cayduh,Orange,-1265.73,2202.66,1850.5,0,33.0,1975.6,-1490.2,-1132.0,1
68.88,cayduh,Orange,-2809.66,1548.73,449.09,0,33.0,2027.1,-1300.8,-2663.2,0
68.88,Taha (RLCS PRO BLUE TAG),Blue,-2809.66,2353.28,449.09,0,33.0,2299.9,793.0,-2897.9,0
69.85,cayduh,Orange,-3653.62,2867.16,1577.79,0,33.0,812.2,-768.5,-3618.6,0
70.85,hurdle,Blue,-4359.2,2221.7,274.12,1,33.0,1939.6,-795.1,-4309.2,0
72.58,ϟslark,Orange,-4761.02,222.62,957.9,0,33.0,1850.2,-1705.3,-4624.7,0
82.9,Taha (RLCS PRO BLUE TAG),Blue,0.0,1677.03,1383.52,0,33.0,2236.9,1964.8,-207.7,0
85.04,ϟslark,Orange,4899.26,2872.01,2941.1,1,33.0,367.9,-317.3,5051.5,1
86.5,ϟslark,Orange,4987.11,2551.75,5799.54,1,33.0,1384.7,138.5,5054.6,1
89.67,ϟslark,Orange,3078.97,1786.94,3364.13,0,33.0,2294.1,-1247.5,3227.8,0
91.5,Taha (RLCS PRO BLUE TAG),Blue,-1389.78,1699.12,2068.54,0,33.0,1923.4,1854.5,-1567.7,0
93.97,ϟslark,Orange,4097.93,887.32,3056.07,0,33.0,1422.2,-1259.4,4300.6,0
96.07,hurdle,Blue,1561.96,1675.3,555.73,0,33.0,2110.6,200.8,1411.0,0
96.13,cayduh,Orange,1617.07,253.53,388.33,0,33.0,1484.3,-1474.9,1749.3,1
96.2,ϟslark,Orange,1600.2,191.54,249.62,0,33.0,1771.2,-1648.9,1662.2,0
99.47,hurdle,Blue,2067.96,2601.75,114.25,0,33.0,1902.2,1901.9,1895.4,1
101.47,hurdle,Blue,3992.64,4046.34,447.45,0,33.0,1812.9,1191.5,3854.8,0
103.73,ϟslark,Orange,3543.66,2029.98,1414.02,0,33.0,2219.7,-1137.4,3718.7,1
106.36,ϟslark,Orange,33.62,776.66,397.03,0,33.0,1133.6,-650.4,43.1,0
107.4,Taha (RLCS PRO BLUE TAG),Blue,-1074.29,1374.66,273.7,0,33.0,1238.1,524.2,-1250.7,0
109.36,cayduh,Orange,1276.76,2717.92,1592.57,0,33.0,2267.6,1943.7,1166.8,0
112.5,Taha (RLCS PRO BLUE TAG),Blue,4495.01,3841.35,684.43,0,33.0,1204.2,185.3,4428.0,0
114.13,ϟslark,Orange,4444.48,546.3,90.4,0,33.0,2282.8,-1210.4,4565.0,0
117.83,hurdle,Blue,1510.52,1791.05,538.66,0,33.0,1091.5,1087.9,1361.7,0
117.96,cayduh,Orange,1652.79,389.41,321.74,0,33.0,2043.3,-1657.4,1779.0,1
121.26,ϟslark,Orange,807.9,1415.85,1930.23,0,33.0,2259.9,-1060.5,943.9,0
123.56,Taha (RLCS PRO BLUE TAG),Blue,-1815.34,303.17,2769.38,0,33.0,1166.8,1153.2,-1962.7,0
125.39,cayduh,Orange,1094.2,3083.91,454.36,0,33.0,907.4,-569.2,1183.6,0
128.43,Taha (RLCS PRO BLUE TAG),Blue,1283.32,1920.41,207.03,0,33.0,1555.6,-1554.9,1261.7,0
128.43,ϟslark,Orange,1283.32,333.37,323.77,0,33.0,2285.2,-1719.9,1402.2,0
131.22,hurdle,Blue,-1450.27,1232.73,1639.11,0,33.0,1965.9,1935.5,-1559.0,0
133.69,cayduh,Orange,4591.27,1354.75,2875.82,0,33.0,1516.2,1514.9,4605.1,1
135.36,ϟslark,Orange,3842.19,1688.17,534.56,0,33.0,1793.9,-1791.5,4074.8,0
135.46,hurdle,Blue,3696.11,3770.33,327.19,0,33.0,1210.5,1209.6,3682.8,0
136.59,ϟslark,Orange,1784.36,570.09,2108.22,0,33.0,1820.6,-1798.4,1769.3,1
137.79,ϟslark,Orange,395.79,1043.17,826.91,0,33.0,1974.3,403.9,458.4,0
139.86,Taha (RLCS PRO BLUE TAG),Blue,-1266.07,1735.57,2102.13,0,33.0,271.4,242.2,-1485.7,0
141.72,cayduh,Orange,-47.94,3050.55,250.84,0,33.0,2300.0,-1371.7,42.0,0
143.56,Taha (RLCS PRO BLUE TAG),Blue,2924.55,3549.44,980.43,0,33.0,2274.8,1968.5,2787.3,1
147.12,Taha (RLCS PRO BLUE TAG),Blue,4922.77,1098.0,108.92,0,33.0,719.2,-52.8,5092.3,0
147.12,ϟslark,Orange,4922.77,608.21,108.92,1,33.0,581.9,-59.5,5020.1,1
147.32,cayduh,Orange,4816.65,216.77,151.43,1,33.0,2296.1,-326.2,4997.1,0
147.39,hurdle,Blue,4715.93,315.94,220.76,0,33.0,2296.0,2209.3,4766.4,1
149.99,Taha (RLCS PRO BLUE TAG),Blue,1428.88,1943.95,1103.75,0,33.0,2274.7,-2254.0,1558.7,1
152.09,Taha (RLCS PRO BLUE TAG),Blue,-2500.82,982.8,2178.34,0,33.0,2123.7,-1652.1,-2507.0,1
154.82,Taha (RLCS PRO BLUE TAG),Blue,-1687.55,1206.11,2105.72,0,33.0,1822.7,1771.2,-1839.1,0
155.99,ϟslark,Orange,581.43,1642.51,252.7,0,33.0,595.0,382.1,716.9,0
158.09,hurdle,Blue,1022.73,2546.24,987.73,0,33.0,2279.7,2156.2,827.7,0
158.29,ϟslark,Orange,1544.35,1383.86,369.81,0,33.0,2299.8,-201.0,1561.6,0
172.85,Taha (RLCS PRO BLUE TAG),Blue,0.0,2111.19,539.23,0,33.0,2263.5,1770.6,-230.8,0
172.92,ϟslark,Orange,19.22,1643.69,325.1,0,33.0,2214.9,-2011.7,174.5,0
173.68,hurdle,Blue,-256.24,913.51,506.43,0,33.0,2292.8,2169.5,-473.5,0
173.72,cayduh,Orange,-217.87,214.82,413.17,0,33.0,2284.0,-2275.0,-63.8,0
174.08,Taha (RLCS PRO BLUE TAG),Blue,-183.52,1204.89,1007.0,0,33.0,1259.5,-141.0,-310.7,0
174.85,ϟslark,Orange,-54.51,2245.73,673.05,0,33.0,2239.4,2238.8,-112.3,0
178.02,Taha (RLCS PRO BLUE TAG),Blue,211.75,711.13,261.78,0,33.0,389.9,186.5,130.8,1
179.85,Taha (RLCS PRO BLUE TAG),Blue,1494.41,1343.3,495.59,0,33.0,1038.2,993.1,1379.4,0
182.32,cayduh,Orange,3503.25,784.17,423.59,0,33.0,1104.6,-1097.8,3705.8,1
183.78,ϟslark,Orange,2959.39,760.95,2017.83,0,33.0,2132.8,-1435.8,3119.7,1
184.28,cayduh,Orange,2055.43,538.65,1205.19,0,33.0,2153.4,2073.3,1874.2,1
185.71,ϟslark,Orange,116.59,446.53,989.71,0,33.0,1400.1,-1400.0,105.5,1
188.35,ϟslark,Orange,-1800.57,843.45,1377.21,0,33.0,2000.4,-1382.4,-1638.1,0
189.88,hurdle,Blue,-4682.13,2102.17,1112.9,1,33.0,1142.0,280.4,-4825.3,1
191.68,hurdle,Blue,-3273.15,2111.31,606.65,0,33.0,1122.8,999.2,-3365.9,1
192.88,hurdle,Blue,-1730.43,1615.81,1130.99,0,33.0,1640.5,1582.8,-1868.7,1
194.31,hurdle,Blue,742.05,2619.8,1171.83,0,33.0,1898.6,1874.8,602.8,0
196.15,cayduh,Orange,3966.1,2510.13,601.17,1,33.0,1206.5,674.4,4032.6,1
197.41,ϟslark,Orange,4434.32,1320.78,2529.1,0,33.0,631.0,-448.8,4617.8,1
200.08,ϟslark,Orange,1664.9,554.79,1111.41,0,33.0,1398.2,-1325.2,1772.8,1
203.21,ϟslark,Orange,-3677.24,2951.92,1522.68,0,33.0,2298.9,-2072.3,-3551.4,0
203.81,Taha (RLCS PRO BLUE TAG),Blue,-4994.48,1922.07,541.98,0,33.0,535.3,0.1,-5103.0,0
208.34,cayduh,Orange,3724.52,1392.66,1996.89,1,33.0,1656.9,1005.9,3727.5,1
209.38,cayduh,Orange,4252.97,2404.49,2367.37,1,33.0,714.6,-713.5,4402.1,1
211.61,cayduh,Orange,889.2,915.8,1214.66,0,33.0,2094.5,-1993.6,1052.4,1
213.54,ϟslark,Orange,-1407.25,1542.35,992.1,0,33.0,2189.6,-1930.8,-1228.1,0
214.74,hurdle,Blue,-4336.73,1921.83,805.25,1,33.0,699.3,698.0,-4574.1,0
214.87,ϟslark,Orange,-4213.0,3177.9,409.95,0,33.0,1998.9,-1997.7,-4074.4,1
216.87,cayduh,Orange,-3304.72,437.77,543.23,0,33.0,1087.9,-530.6,-3201.2,1
216.91,ϟslark,Orange,-3320.8,293.68,263.27,0,33.0,1924.5,714.5,-3291.5,0
217.64,Taha (RLCS PRO BLUE TAG),Blue,-5048.72,1024.29,1625.69,1,33.0,539.1,187.5,-5123.0,1
233.25,hurdle,Blue,0.0,458.95,561.65,0,33.0,2284.7,2234.8,-179.3,0
234.42,ϟslark,Orange,3233.5,2116.1,1306.43,1,33.0,2146.9,-1412.3,3407.5,1
236.45,cayduh,Orange,-319.22,1762.21,569.1,0,33.0,759.6,-759.0,-283.0,0
236.65,hurdle,Blue,-610.82,1367.7,421.99,0,33.0,2275.3,2110.9,-672.8,0
237.48,cayduh,Orange,-1630.36,1616.16,900.98,0,33.0,1027.7,-892.8,-1573.6,0
237.75,Taha (RLCS PRO BLUE TAG),Blue,-1938.72,910.62,454.48,0,33.0,2294.7,280.5,-1972.7,1
242.52,hurdle,Blue,-4830.1,565.29,441.17,1,33.0,264.4,230.1,-4985.9,1
246.35,hurdle,Blue,762.72,881.28,58.71,0,33.0,2299.7,2272.8,610.4,0
247.71,ϟslark,Orange,3668.97,1215.31,571.87,1,33.0,1198.5,-159.9,3858.6,0
250.05,Taha (RLCS PRO BLUE TAG),Blue,2099.45,1814.32,1502.93,0,33.0,1982.8,940.0,1950.8,1
251.91,Taha (RLCS PRO BLUE TAG),Blue,4245.78,2183.08,1467.4,0,33.0,1697.5,1439.4,4168.3,0
253.45,cayduh,Orange,4909.31,618.23,516.31,1,33.0,999.5,-400.6,4974.6,1
257.55,ϟslark,Orange,3885.88,1130.7,1281.09,0,33.0,1471.4,-1427.2,4075.4,0
259.51,Taha (RLCS PRO BLUE TAG),Blue,31.81,410.69,341.53,0,33.0,2176.8,2010.6,-194.5,0
262.95,cayduh,Orange,4741.68,2281.1,1267.99,1,33.0,1023.1,886.6,4671.6,1
265.08,cayduh,Orange,4227.17,2101.14,1275.5,0,33.0,1138.0,-686.0,4370.5,0
265.85,hurdle,Blue,3592.59,1365.18,600.51,0,33.0,702.9,700.9,3393.9,0
267.08,ϟslark,Orange,3523.85,1320.79,962.57,1,33.0,2053.4,-1782.0,3688.3,0
269.78,Taha (RLCS PRO BLUE TAG),Blue,-4130.64,1446.57,1687.45,1,33.0,2182.5,-1748.3,-4275.6,1
271.11,Taha (RLCS PRO BLUE TAG),Blue,-4807.3,1211.39,1029.69,1,33.0,1524.0,525.2,-4993.5,1
273.11,Taha (RLCS PRO BLUE TAG),Blue,-2793.94,1745.17,1341.25,0,33.0,1905.2,1494.3,-2997.7,0
275.11,ϟslark,Orange,-51.76,1927.17,559.02,0,33.0,827.7,-96.8,158.9,0
275.25,Taha (RLCS PRO BLUE TAG),Blue,4.76,1415.12,394.24,0,33.0,906.7,863.7,-195.5,0
276.45,cayduh,Orange,746.8,787.18,1063.5,0,33.0,1425.7,-1155.8,849.2,0
278.61,Taha (RLCS PRO BLUE TAG),Blue,-1403.65,623.19,1073.56,0,33.0,1537.8,-950.1,-1485.1,0
281.71,ϟslark,Orange,-2487.54,1414.4,941.7,0,33.0,2057.6,-2046.7,-2381.3,1
283.85,cayduh,Orange,-3369.42,34.38,398.78,0,33.0,2185.8,-1683.5,-3151.4,0
283.88,hurdle,Blue,-3367.39,497.37,250.35,0,33.0,1143.7,872.5,-3446.7,0
286.01,ϟslark,Orange,-4635.76,2886.88,1550.82,0,33.0,1689.0,-1054.2,-4426.9,0
287.41,Taha (RLCS PRO BLUE TAG),Blue,-5024.99,1847.83,577.39,1,33.0,424.4,0.3,-5103.0,0
287.51,ϟslark,Orange,-5003.57,2680.58,404.58,0,33.0,1431.2,-677.8,-4992.4,0
288.51,hurdle,Blue,-3417.69,1599.38,1561.33,0,33.0,2299.2,-1726.9,-3256.7,1
289.58,hurdle,Blue,-2101.95,1224.15,647.59,0,33.0,851.3,-135.6,-2033.5,1
291.18,Taha (RLCS PRO BLUE TAG),Blue,-440.62,723.76,303.71,0,33.0,1074.1,1031.4,-454.5,0
293.51,cayduh,Orange,1440.46,2616.09,400.66,0,33.0,1795.4,538.6,1463.5,0
295.81,Taha (RLCS PRO BLUE TAG),Blue,1261.65,158.27,885.91,0,33.0,2241.8,153.0,1154.2,0
299.34,ϟslark,Orange,4811.69,1508.1,1684.58,1,33.0,728.7,-158.0,4839.1,1
300.34,ϟslark,Orange,4412.86,1628.02,224.76,0,33.0,1125.9,-567.4,4505.4,0
303.54,hurdle,Blue,901.15,1804.52,2288.19,0,33.0,1979.2,1559.7,716.4,0
304.47,cayduh,Orange,3265.17,1597.72,1069.13,0,33.0,1008.7,-591.6,3469.7,0
307.41,Taha (RLCS PRO BLUE TAG),Blue,624.64,475.6,662.74,0,33.0,812.6,577.1,510.7,1
308.54,Taha (RLCS PRO BLUE TAG),Blue,720.16,385.39,829.66,0,33.0,449.9,90.0,655.9,1
311.77,Taha (RLCS PRO BLUE TAG),Blue,1387.85,1189.85,570.86,0,33.0,901.7,573.7,1303.4,1
313.37,Taha (RLCS PRO BLUE TAG),Blue,2887.63,2574.85,318.01,0,33.0,2027.2,1461.6,2709.7,0
314.7,ϟslark,Orange,4634.86,826.21,299.75,1,33.0,16.9,-6.0,4829.8,1
317.5,cayduh,Orange,4785.74,1381.91,1543.6,0,33.0,450.6,-103.3,4928.3,0
320.84,hurdle,Blue,1666.28,220.85,454.43,0,33.0,1823.9,-1729.7,1841.1,0
321.6,ϟslark,Orange,88.41,590.08,367.61,0,33.0,2239.4,2238.8,-112.3,0
324.07,hurdle,Blue,-4702.81,2001.13,2383.94,1,33.0,373.7,-198.9,-4849.3,1
325.97,hurdle,Blue,-3725.18,759.15,2131.6,1,33.0,1602.4,1491.2,-3878.1,1
326.77,hurdle,Blue,-2188.1,851.75,1677.9,0,33.0,2164.6,2061.7,-2405.7,1
328.7,hurdle,Blue,1875.99,1550.83,1670.06,0,33.0,2233.9,2133.2,1642.7,0
330.13,cayduh,Orange,4136.48,2659.12,354.35,0,33.0,1728.6,801.4,4213.7,1
332.07,cayduh,Orange,3970.13,1900.39,656.08,0,33.0,2242.8,-1567.8,4129.1,0
332.17,Taha (RLCS PRO BLUE TAG),Blue,3739.31,1623.91,349.48,0,33.0,966.1,404.2,3613.2,0
335.1,cayduh,Orange,-511.76,863.57,207.15,0,33.0,2287.1,-1800.0,-307.8,1
337.17,ϟslark,Orange,-4810.89,1561.11,228.56,0,33.0,1649.1,-1606.3,-4677.2,0
337.2,hurdle,Blue,-4865.09,1165.49,331.78,1,33.0,2187.8,-1812.6,-5008.9,0
355.61,ϟslark,Orange,24.75,1243.83,154.23,0,33.0,1652.6,-1612.1,118.7,0
355.61,Taha (RLCS PRO BLUE TAG),Blue,24.75,417.86,284.47,0,33.0,1575.0,1559.2,-140.6,0
356.98,ϟslark,Orange,2303.19,385.9,1623.47,0,33.0,0.0,0.0,2501.8,1
357.28,cayduh,Orange,2747.63,573.8,1555.42,0,33.0,936.8,-567.2,2881.5,1
359.48,cayduh,Orange,-119.3,1051.64,1508.12,0,33.0,1499.1,-1488.0,-6.3,1
360.91,cayduh,Orange,-2173.85,1170.65,1512.24,0,33.0,2062.9,-2018.8,-2100.6,1
363.65,ϟslark,Orange,-3577.87,470.87,487.11,0,33.0,2100.2,-2049.6,-3365.4,0
363.75,Taha (RLCS PRO BLUE TAG),Blue,-3794.31,1144.2,470.8,0,33.0,1796.8,1793.3,-4028.6,0
364.55,cayduh,Orange,-3448.25,634.89,281.57,0,33.0,2157.2,2154.0,-3606.0,1
367.81,cayduh,Orange,2501.69,448.55,1713.29,0,33.0,2251.6,2159.5,2267.4,1
369.91,cayduh,Orange,4594.46,1800.89,2421.18,1,33.0,1260.0,-486.2,4740.7,1
371.78,cayduh,Orange,2977.22,1645.7,1134.02,0,33.0,2257.4,-1201.5,3129.4,0
372.31,Taha (RLCS PRO BLUE TAG),Blue,2503.33,1224.01,371.17,0,33.0,2249.0,1772.4,2321.0,0
373.84,cayduh,Orange,1057.91,723.58,1349.99,0,33.0,2275.9,-2274.3,1179.8,0
376.34,hurdle,Blue,-4582.07,698.85,1368.3,0,33.0,2248.2,337.8,-4728.1,1
378.28,hurdle,Blue,-3793.81,2687.21,495.1,0,33.0,1842.5,854.5,-3984.1,0
378.38,cayduh,Orange,-3729.88,3695.81,289.55,0,33.0,2252.2,758.4,-3708.4,0
380.41,hurdle,Blue,-545.8,350.98,404.5,0,33.0,2003.3,1939.1,-517.1,1
381.58,hurdle,Blue,746.9,456.25,1074.68,0,33.0,687.5,575.5,912.6,1
383.08,Taha (RLCS PRO BLUE TAG),Blue,1337.69,717.5,1130.05,0,33.0,426.1,292.6,1275.3,0
383.34,ϟslark,Orange,1618.67,1256.71,423.71,0,33.0,2250.9,-2243.3,1802.2,0
385.17,hurdle,Blue,3657.01,683.18,797.62,0,33.0,1450.0,1379.0,3555.0,1
386.61,Taha (RLCS PRO BLUE TAG),Blue,4222.35,834.4,1054.83,0,33.0,1177.0,1027.8,4116.7,0
387.21,cayduh,Orange,4863.89,2683.07,906.72,1,33.0,1949.2,-330.8,5068.5,0
10.82,Taha (RLCS PRO BLUE TAG),Blue,0.0,1783.25,541.42,0,33.0,2242.3,1902.3,-192.5,0
10.89,indigo,Orange,43.99,1674.82,325.74,0,33.0,482.9,293.0,180.6,0
11.85,Kripper,Blue,22.52,1279.88,179.59,0,33.0,2031.4,1818.3,15.5,0
12.95,indigo,Orange,-28.86,1972.37,1776.16,1,33.0,963.3,-917.7,142.6,0
15.82,Taha (RLCS PRO BLUE TAG),Blue,-3535.58,4077.09,486.8,1,33.0,1745.8,-405.4,-3654.3,1
17.62,Kripper,Blue,-4595.68,344.99,294.63,0,33.0,2224.5,-1176.2,-4442.5,1
18.79,Taha (RLCS PRO BLUE TAG),Blue,-4499.3,2014.26,956.13,0,33.0,472.0,-320.5,-4559.5,1
19.75,Taha (RLCS PRO BLUE TAG),Blue,-3776.09,2082.7,541.03,0,33.0,1455.6,1451.8,-3959.4,0
19.85,cayduh,Orange,-3626.36,9999.0,359.87,0,33.0,1294.7,-1268.8,-3524.7,0
22.35,Kripper,Blue,-2393.99,2814.65,3029.05,0,33.0,1592.3,946.3,-2405.5,1
24.62,Kripper,Blue,-1063.8,2961.91,2738.85,0,33.0,1509.1,378.3,-1147.7,0
27.55,indigo,Orange,3562.11,2721.37,1624.18,1,33.0,1469.9,1469.6,3514.4,1
29.05,indigo,Orange,5026.24,992.72,1720.71,1,33.0,699.6,-0.4,5103.0,1
30.58,indigo,Orange,4627.71,2732.16,3568.99,1,33.0,570.7,-559.9,4802.6,1
32.05,indigo,Orange,2791.78,6379.92,2433.67,0,33.0,1500.3,-1467.5,2937.9,0
35.52,Taha (RLCS PRO BLUE TAG),Blue,-4698.66,4494.05,1201.88,1,33.0,588.5,-356.3,-4776.6,1
40.18,Taha (RLCS PRO BLUE TAG),Blue,-3666.56,5004.93,3681.27,0,33.0,786.3,785.9,-3832.2,0
42.48,indigo,Orange,-110.2,1838.95,1903.63,1,33.0,757.5,-613.8,86.6,0
44.15,Kripper,Blue,-1672.65,281.17,929.68,0,33.0,2181.7,533.7,-1819.5,1
47.71,Kripper,Blue,3133.66,4838.24,810.1,0,33.0,2285.0,1874.1,3006.2,1
49.05,Taha (RLCS PRO BLUE TAG),Blue,1016.15,4311.96,1498.32,1,33.0,1378.4,934.2,804.0,1
50.31,Taha (RLCS PRO BLUE TAG),Blue,1759.75,3041.47,727.34,1,33.0,841.3,625.0,1719.1,1
52.48,Taha (RLCS PRO BLUE TAG),Blue,3612.83,4681.92,1754.42,0,33.0,1635.5,1473.6,3461.8,1
53.31,Taha (RLCS PRO BLUE TAG),Blue,5024.4,4351.09,642.43,0,33.0,1643.1,1637.1,4834.0,0
55.55,cayduh,Orange,4063.48,1566.85,1592.77,0,33.0,2106.2,-1620.1,4199.7,0
57.35,Kripper,Blue,735.19,6730.98,580.67,1,33.0,1564.5,-1543.8,734.9,1
59.38,Kripper,Blue,-765.73,3936.66,1315.34,0,33.0,646.0,-366.7,-987.3,0
61.04,indigo,Orange,-595.63,971.03,768.02,0,33.0,1383.7,-1203.2,-430.2,0
63.01,Taha (RLCS PRO BLUE TAG),Blue,-2644.93,3015.27,857.12,1,33.0,635.6,82.0,-2775.5,1
65.04,Taha (RLCS PRO BLUE TAG),Blue,-1106.26,2340.18,3665.53,1,33.0,1361.0,1357.6,-1305.3,1
67.74,Taha (RLCS PRO BLUE TAG),Blue,1813.21,5068.44,2442.65,1,33.0,1705.0,1510.4,1713.5,0
69.31,indigo,Orange,5063.83,2850.26,1453.54,1,33.0,2056.7,-2052.3,5291.9,0
71.48,Kripper,Blue,1087.61,908.53,387.36,1,33.0,1868.2,-513.0,913.9,0
71.54,cayduh,Orange,1082.72,2668.82,336.39,0,33.0,2299.9,-1357.1,1168.3,0
71.78,Taha (RLCS PRO BLUE TAG),Blue,1129.54,506.02,247.73,0,33.0,2244.5,-1809.3,1184.2,1
73.51,Kripper,Blue,1294.2,3217.94,359.78,0,33.0,921.0,921.0,1136.2,1
74.81,Kripper,Blue,2592.27,6946.15,628.9,0,33.0,1614.3,1165.0,2522.3,0
76.27,indigo,Orange,4984.47,387.87,603.95,0,33.0,2220.2,218.2,5017.1,1
78.67,indigo,Orange,3418.01,3612.08,2113.53,0,33.0,1681.2,-1232.2,3547.4,1
80.74,indigo,Orange,316.27,3324.56,2779.24,0,33.0,1757.2,-1654.0,450.9,1
82.24,indigo,Orange,-2255.95,2767.48,2290.02,0,33.0,2188.7,-1982.6,-2129.9,0
83.71,Taha (RLCS PRO BLUE TAG),Blue,-4704.51,1316.76,528.58,1,33.0,1834.0,481.3,-4921.5,0
85.44,cayduh,Orange,-4194.27,3189.6,600.37,1,33.0,2261.3,-465.7,-4065.4,0
88.54,Kripper,Blue,-4595.45,2076.08,593.69,1,33.0,2240.2,0.2,-4748.8,0
88.7,cayduh,Orange,-4607.04,4021.82,250.32,0,33.0,1185.7,181.2,-4485.7,0
90.37,Kripper,Blue,-4461.4,1303.19,1224.05,0,33.0,710.5,141.9,-4530.1,1
94.1,Kripper,Blue,1320.88,1165.52,336.84,1,33.0,2200.1,2143.1,1295.2,0
94.2,indigo,Orange,1506.98,1462.06,199.26,1,33.0,1706.5,933.6,1672.2,0
96.6,Taha (RLCS PRO BLUE TAG),Blue,1648.61,3091.96,390.32,1,33.0,1323.7,1272.1,1516.4,1
109.15,Kripper,Blue,0.0,1732.54,654.57,0,33.0,2288.8,2209.3,-244.4,0
109.25,indigo,Orange,51.35,1306.66,325.36,0,33.0,1110.9,-889.7,217.9,1
109.98,cayduh,Orange,-49.55,458.69,504.45,0,33.0,2231.7,-1669.6,141.4,1
113.12,cayduh,Orange,-4844.63,3917.66,797.35,0,33.0,38.7,-27.4,-4833.2,0
115.18,Taha (RLCS PRO BLUE TAG),Blue,-3874.13,2232.25,323.12,0,33.0,1922.9,1637.0,-4074.5,0
115.62,cayduh,Orange,-3608.89,1668.41,498.74,0,33.0,1143.9,750.1,-3676.9,0
117.05,Kripper,Blue,-3115.91,2659.83,1468.26,0,33.0,1104.2,753.1,-3240.9,1
119.18,Kripper,Blue,-196.92,1478.25,848.56,0,33.0,1971.1,1829.3,-390.8,1
122.08,Kripper,Blue,3424.47,1623.6,2696.89,0,33.0,1345.8,1189.7,3437.3,0
122.98,indigo,Orange,4099.68,2619.31,251.9,1,33.0,942.0,-879.3,4264.7,1
123.78,cayduh,Orange,4692.99,2309.18,234.57,1,33.0,2260.0,1089.3,4634.0,1
126.08,cayduh,Orange,2583.16,3074.77,2009.15,1,33.0,2291.9,-1929.6,2687.7,0
127.95,Taha (RLCS PRO BLUE TAG),Blue,-2078.57,3718.49,391.96,0,33.0,1512.3,-1110.6,-2197.5,1
130.35,Kripper,Blue,-2094.59,4443.5,1039.8,0,33.0,2034.1,382.1,-2208.0,1
132.65,Kripper,Blue,1101.05,3502.28,368.09,0,33.0,1703.6,1550.5,1015.2,0
132.95,indigo,Orange,1514.6,1948.83,322.16,0,33.0,2146.0,1748.1,1514.4,0
135.15,Kripper,Blue,4080.7,3694.62,1035.47,0,33.0,1497.9,1084.5,4084.9,0
137.01,cayduh,Orange,4492.29,1020.73,1718.39,0,33.0,2044.1,-960.0,4668.8,0
137.51,Taha (RLCS PRO BLUE TAG),Blue,3942.52,1767.05,313.35,0,33.0,1887.0,1341.5,3773.4,0
139.28,cayduh,Orange,4053.47,1096.61,786.71,1,33.0,1540.4,-1038.7,4100.9,1
142.41,cayduh,Orange,900.03,1674.2,1953.61,0,33.0,1437.6,-1306.4,1045.2,1
144.31,cayduh,Orange,-1702.44,1982.44,969.68,0,33.0,2287.7,-1519.6,-1478.8,0
144.81,Taha (RLCS PRO BLUE TAG),Blue,-2610.25,1436.33,363.56,0,33.0,2296.8,1428.1,-2825.6,1
148.28,Kripper,Blue,-1092.05,3252.86,521.87,0,33.0,1404.7,1267.6,-1232.6,1
150.91,Taha (RLCS PRO BLUE TAG),Blue,4233.5,2411.94,785.23,0,33.0,755.4,576.2,4235.9,1
160.86,Kripper,Blue,0.0,1565.06,582.5,0,33.0,2264.9,1861.5,-216.7,0
160.93,indigo,Orange,30.49,1448.9,328.64,0,33.0,1567.8,-1203.8,186.2,0
161.6,Taha (RLCS PRO BLUE TAG),Blue,-489.97,1436.56,716.17,0,33.0,1823.4,1218.1,-637.5,0
161.76,indigo,Orange,-262.16,493.75,537.52,0,33.0,1053.5,-250.8,-24.3,0
164.76,Taha (RLCS PRO BLUE TAG),Blue,-566.99,974.21,835.36,0,33.0,670.0,559.5,-693.7,1
166.33,Taha (RLCS PRO BLUE TAG),Blue,413.01,443.81,877.25,0,33.0,1296.9,817.7,281.4,0
169.39,indigo,Orange,3201.79,1972.78,308.22,0,33.0,854.7,-802.6,3385.9,1
171.66,indigo,Orange,173.19,2157.32,939.12,0,33.0,1660.9,-1637.5,329.9,1
172.73,indigo,Orange,-1686.54,2183.76,310.87,0,33.0,2113.9,-2104.9,-1541.9,1
183.51,cayduh,Orange,-6.56,725.11,415.07,0,33.0,1990.4,-1618.6,135.5,0
183.55,Taha (RLCS PRO BLUE TAG),Blue,-29.49,1538.87,310.81,0,33.0,656.3,-212.3,-167.7,1
186.98,Kripper,Blue,722.5,1595.21,1315.11,0,33.0,921.7,919.0,564.1,0
188.64,indigo,Orange,3842.93,2874.33,2085.43,0,33.0,1780.8,857.3,3929.2,1
191.41,indigo,Orange,3355.17,848.2,513.5,0,33.0,1796.2,-1759.6,3532.0,1
194.21,indigo,Orange,-2368.25,1059.84,254.71,0,33.0,2216.5,-2063.7,-2324.8,0
195.38,Taha (RLCS PRO BLUE TAG),Blue,-4951.7,1466.67,610.11,1,33.0,1545.6,0.4,-5103.0,0
197.24,cayduh,Orange,-3330.5,1906.24,437.11,0,33.0,1534.9,-1368.4,-3144.5,0
197.28,Kripper,Blue,-3333.37,1750.06,280.59,0,33.0,2214.1,1377.0,-3396.1,0
199.88,cayduh,Orange,-4144.95,1187.61,982.11,0,33.0,2276.1,-1998.4,-4191.7,1
201.08,cayduh,Orange,-3535.23,828.88,1072.55,0,33.0,1127.9,-126.2,-3389.1,0
204.01,Taha (RLCS PRO BLUE TAG),Blue,-4781.3,1587.46,473.81,0,33.0,586.3,576.9,-4987.6,1
205.57,Taha (RLCS PRO BLUE TAG),Blue,-2666.44,1375.74,600.57,0,33.0,2229.7,2063.0,-2821.9,0
208.14,indigo,Orange,2971.17,2072.77,950.29,1,33.0,2206.6,2206.1,2856.5,0
208.87,Taha (RLCS PRO BLUE TAG),Blue,4482.12,2374.21,495.6,0,33.0,2278.6,2276.8,4407.1,0
212.61,indigo,Orange,1925.76,844.41,1703.14,1,33.0,1830.2,-1825.6,1976.6,0
215.01,Taha (RLCS PRO BLUE TAG),Blue,-2079.02,2173.59,203.33,0,33.0,769.1,84.4,-2214.1,1
218.04,Kripper,Blue,-1966.61,1616.35,2752.17,0,33.0,1063.3,1034.6,-2044.2,1
220.4,Kripper,Blue,796.88,1400.03,2087.35,0,33.0,1414.7,1346.4,628.3,0
222.37,indigo,Orange,2462.57,1343.91,306.77,0,33.0,770.6,-761.0,2588.6,1
223.9,indigo,Orange,951.42,992.64,1037.63,0,33.0,1242.4,-1239.7,1024.2,1
225.37,indigo,Orange,-1032.13,686.73,861.29,0,33.0,1484.4,-1484.1,-851.3,0
238.26,Kripper,Blue,0.0,701.3,501.76,0,33.0,2236.0,1820.6,-197.6,0
238.29,indigo,Orange,5.71,1236.42,309.22,0,33.0,1226.1,-879.3,146.8,0
239.22,Taha (RLCS PRO BLUE TAG),Blue,-215.14,894.3,568.01,0,33.0,1965.0,911.3,-354.7,0
242.59,cayduh,Orange,3612.17,3505.54,243.0,1,33.0,1571.5,-1568.4,3817.3,0
242.59,Taha (RLCS PRO BLUE TAG),Blue,3612.17,3395.22,243.0,0,33.0,384.0,-50.4,3620.8,0
246.42,indigo,Orange,-2854.81,2438.04,1120.46,0,33.0,2275.0,-2216.2,-2734.4,0
246.79,Kripper,Blue,-3736.85,1379.36,484.34,0,33.0,2161.4,780.4,-3780.9,0
248.79,cayduh,Orange,-4162.27,3523.52,542.99,0,33.0,2276.1,-1998.4,-4191.7,0
250.46,Taha (RLCS PRO BLUE TAG),Blue,-3234.72,860.02,909.7,0,33.0,823.3,669.1,-3282.3,1
253.19,Taha (RLCS PRO BLUE TAG),Blue,-671.82,1165.49,1058.72,0,33.0,1366.1,1193.7,-775.8,1
254.52,Taha (RLCS PRO BLUE TAG),Blue,193.54,1194.13,332.42,0,33.0,1949.4,381.6,228.8,0
256.29,indigo,Orange,645.42,1918.81,576.73,0,33.0,2207.3,-1602.9,783.3,0
256.42,Taha (RLCS PRO BLUE TAG),Blue,482.62,1192.68,357.14,0,33.0,1213.0,383.8,327.4,0
258.05,cayduh,Orange,1848.22,2019.61,1153.34,1,33.0,779.4,-747.0,1953.8,0
261.52,Kripper,Blue,1296.74,1399.37,535.2,0,33.0,2270.6,2097.7,1108.3,1
262.82,Taha (RLCS PRO BLUE TAG),Blue,4764.86,1825.1,1589.33,0,33.0,2182.8,1130.1,4706.9,0
272.11,cayduh,Orange,-16.77,1236.67,420.19,0,33.0,1969.3,-1601.3,136.0,0
272.15,Taha (RLCS PRO BLUE TAG),Blue,-36.82,692.84,304.86,0,33.0,630.1,398.5,-197.7,0
275.61,cayduh,Orange,-1198.46,939.98,1114.26,0,33.0,832.8,-832.8,-1047.8,1
276.78,cayduh,Orange,-2462.96,1783.49,2262.05,0,33.0,1796.8,-1483.5,-2409.6,0
278.28,Taha (RLCS PRO BLUE TAG),Blue,-4059.87,3468.8,472.22,0,33.0,1321.7,514.6,-4181.1,0
278.35,cayduh,Orange,-4022.53,2015.72,244.67,0,33.0,1727.1,-649.8,-4172.5,0
280.51,Taha (RLCS PRO BLUE TAG),Blue,-2003.18,1984.6,2064.06,0,33.0,2291.9,2287.4,-2128.8,0
283.88,indigo,Orange,4867.14,3862.84,1790.46,1,33.0,998.4,31.3,5086.3,0
287.08,Taha (RLCS PRO BLUE TAG),Blue,706.01,1459.19,955.62,0,33.0,1282.9,-1279.0,667.7,0
289.04,indigo,Orange,427.64,1091.51,1212.47,0,33.0,794.9,-790.4,472.9,1
291.04,indigo,Orange,-1449.94,1838.83,442.8,0,33.0,993.6,-992.8,-1323.3,0
292.44,Taha (RLCS PRO BLUE TAG),Blue,-2892.94,2125.26,289.46,0,33.0,300.8,281.0,-3008.7,1
295.01,Kripper,Blue,-4340.99,1269.69,1055.84,1,33.0,1785.8,668.7,-4488.5,1
296.07,Kripper,Blue,-2796.02,2852.95,1231.14,0,33.0,2212.0,2033.1,-2985.4,1
297.27,Taha (RLCS PRO BLUE TAG),Blue,-384.67,230.15,1029.7,0,33.0,2294.4,-2259.0,-147.7,1
298.84,Kripper,Blue,2474.52,2051.05,628.05,0,33.0,2219.1,2194.2,2344.0,0
299.01,cayduh,Orange,2973.18,1799.81,522.46,0,33.0,1757.2,1754.1,2950.3,0
301.47,Taha (RLCS PRO BLUE TAG),Blue,2820.94,2067.8,1752.12,0,33.0,2165.6,2115.2,2638.3,0
305.04,indigo,Orange,4595.14,1127.54,2925.78,0,33.0,1639.9,-653.4,4650.7,0
309.04,Taha (RLCS PRO BLUE TAG),Blue,-393.58,488.75,140.68,0,33.0,2293.9,2056.7,-504.7,0
309.31,indigo,Orange,-627.93,360.68,253.13,0,33.0,1355.0,-1235.6,-595.2,0
310.97,Kripper,Blue,-2171.51,1703.7,1714.09,0,33.0,1286.6,1141.1,-2383.4,1
313.87,Kripper,Blue,3482.26,1801.83,1683.57,0,33.0,2218.5,2218.5,3375.6,0
315.04,indigo,Orange,4316.12,1695.29,779.32,1,33.0,1348.9,-1165.0,4392.3,1
317.3,indigo,Orange,198.96,864.25,578.45,0,33.0,2112.0,-1969.4,185.8,0
317.94,Taha (RLCS PRO BLUE TAG),Blue,-784.91,1634.39,354.07,0,33.0,687.0,-683.9,-878.2,0
319.0,cayduh,Orange,-1257.41,1036.29,315.63,0,33.0,1721.9,-1717.3,-1059.3,1
321.14,cayduh,Orange,-5192.18,3311.29,1223.0,0,33.0,1068.2,1025.7,-5073.9,1
339.32,indigo,Orange,45.69,1240.6,455.61,0,33.0,1636.4,-1634.0,198.5,0
339.35,Kripper,Blue,54.91,780.25,318.45,0,33.0,586.6,156.3,-107.3,0
340.65,cayduh,Orange,-279.66,387.18,202.68,0,33.0,2040.0,-1679.9,-152.9,1
343.62,cayduh,Orange,-4435.08,818.01,76.57,0,33.0,1269.2,-447.3,-4303.3,0
343.62,Taha (RLCS PRO BLUE TAG),Blue,-4435.08,3621.33,76.57,0,33.0,761.9,-718.3,-4334.1,0
345.28,cayduh,Orange,-4518.81,901.53,522.96,0,33.0,490.9,224.8,-4648.7,0
345.52,Kripper,Blue,-4323.47,2121.25,123.79,0,33.0,2015.5,891.8,-4507.0,1
350.98,Kripper,Blue,4313.54,337.45,1586.7,0,33.0,2237.8,787.0,4295.2,0
351.55,cayduh,Orange,4628.56,510.06,762.33,0,33.0,2286.0,-121.7,4643.5,1
351.62,indigo,Orange,4634.88,480.47,160.33,1,33.0,442.4,-418.8,4845.8,0
352.05,Kripper,Blue,4640.95,1904.95,664.55,0,33.0,991.9,651.2,4545.0,0
353.35,cayduh,Orange,3481.0,2762.0,1191.92,0,33.0,1108.4,-1108.2,3595.6,1
354.61,cayduh,Orange,1648.06,2039.46,1030.83,0,33.0,1805.8,-1703.5,1759.6,1
356.28,cayduh,Orange,-1556.3,1213.59,1118.75,0,33.0,2276.9,-2031.8,-1436.9,0
356.91,Taha (RLCS PRO BLUE TAG),Blue,-2775.22,1424.85,384.77,0,33.0,898.0,-630.7,-2938.7,1
358.85,Kripper,Blue,-3374.82,853.46,843.84,0,33.0,1747.5,1747.1,-3582.0,0
361.08,indigo,Orange,1433.94,412.01,831.31,0,33.0,1684.3,1557.1,1389.5,1
362.88,indigo,Orange,4488.65,3032.2,1364.29,1,33.0,1738.3,1412.9,4404.0,1
364.48,indigo,Orange,4626.82,1872.49,596.45,0,33.0,1452.4,-610.6,4828.7,0
364.65,Kripper,Blue,4470.45,2096.98,423.88,0,33.0,826.2,445.9,4313.3,0
365.28,cayduh,Orange,4549.67,927.07,982.52,1,33.0,1999.5,-958.3,4714.4,0
368.01,Taha (RLCS PRO BLUE TAG),Blue,-392.89,300.51,140.68,0,33.0,2293.9,2056.7,-504.7,1
368.24,Kripper,Blue,-618.3,21.37,158.31,0,33.0,2224.1,-2118.6,-485.3,1
370.28,Taha (RLCS PRO BLUE TAG),Blue,482.4,590.92,1013.26,0,33.0,1171.0,763.5,316.2,0
371.51,indigo,Orange,1604.63,1561.75,434.48,0,33.0,773.8,-772.5,1763.9,0
371.54,Taha (RLCS PRO BLUE TAG),Blue,1557.95,1230.87,434.48,0,33.0,1235.9,1107.5,1330.5,1
374.18,Taha (RLCS PRO BLUE TAG),Blue,-340.81,331.08,140.68,0,33.0,2293.9,2056.7,-504.7,0
374.21,indigo,Orange,-362.05,398.71,174.72,0,33.0,2299.7,-1728.9,-178.1,0
374.21,Kripper,Blue,-362.05,197.94,91.73,0,33.0,1497.8,592.5,-517.8,0
375.81,cayduh,Orange,630.86,1597.49,650.49,0,33.0,1426.4,-1422.9,734.9,0
377.91,Taha (RLCS PRO BLUE TAG),Blue,-835.28,1831.47,713.66,0,33.0,1232.3,739.6,-1014.9,1
379.54,Taha (RLCS PRO BLUE TAG),Blue,627.17,505.26,374.43,0,33.0,1533.8,1512.5,537.3,1
380.44,Taha (RLCS PRO BLUE TAG),Blue,2042.35,1867.81,1131.68,0,33.0,1984.3,1821.0,1989.7,0
382.34,indigo,Orange,4944.29,1232.84,467.1,1,33.0,1227.9,393.2,5003.1,0
382.41,Taha (RLCS PRO BLUE TAG),Blue,4858.66,2057.24,387.9,0,33.0,1313.1,-592.9,4700.7,0
383.87,cayduh,Orange,4828.89,1481.64,512.78,1,33.0,122.2,73.2,4953.7,0
384.01,Kripper,Blue,4891.99,1647.27,335.44,0,33.0,2150.1,2008.5,4734.2,1
390.41,Kripper,Blue,46.31,778.92,304.75,0,33.0,976.5,137.2,-109.2,0
390.41,indigo,Orange,46.31,1096.33,304.75,0,33.0,862.7,-668.0,180.6,1
395.08,cayduh,Orange,-1135.32,429.95,480.91,0,33.0,1123.3,-528.8,-985.6,1
396.64,cayduh,Orange,-2010.75,1794.12,1201.97,0,33.0,1181.9,-694.2,-1881.5,0
397.27,Kripper,Blue,-2489.63,1960.74,93.81,0,33.0,1809.1,1222.5,-2479.7,0
400.67,indigo,Orange,-2103.37,1701.24,1394.73,0,33.0,1658.6,-1085.9,-1877.1,1
401.77,indigo,Orange,-3612.85,629.03,1287.28,0,33.0,1693.4,-1528.9,-3386.5,0
402.24,Taha (RLCS PRO BLUE TAG),Blue,-4357.23,1073.72,430.95,1,33.0,1120.4,193.6,-4589.1,1
404.57,Taha (RLCS PRO BLUE TAG),Blue,-3807.36,850.66,1132.8,0,33.0,2300.0,-1771.6,-3809.8,0
404.97,cayduh,Orange,-3726.29,1158.86,291.89,0,33.0,2275.8,-1352.3,-3531.0,0
405.07,Kripper,Blue,-3878.83,257.47,384.34,0,33.0,1797.7,310.8,-4054.3,1
407.07,Kripper,Blue,-2743.78,1312.97,292.32,0,33.0,2244.9,2164.4,-2778.6,0
407.27,cayduh,Orange,-2532.93,1256.55,349.34,0,33.0,1723.3,1722.2,-2762.1,0
408.07,Taha (RLCS PRO BLUE TAG),Blue,-744.74,372.73,140.68,0,33.0,2293.9,2056.7,-504.7,1
408.37,Kripper,Blue,-156.92,446.11,248.94,0,33.0,2036.9,-1679.8,-16.0,1
409.37,Taha (RLCS PRO BLUE TAG),Blue,1565.35,620.97,622.79,0,33.0,1512.3,1426.5,1731.9,0
410.81,cayduh,Orange,3578.92,3392.24,617.48,0,33.0,2180.9,2170.4,3393.2,0
410.94,Kripper,Blue,3858.04,2234.57,492.3,0,33.0,637.7,419.7,3966.4,1
413.34,Taha (RLCS PRO BLUE TAG),Blue,3966.44,217.98,1083.09,0,33.0,963.4,963.1,3744.5,0
9.5,.,Blue,0.0,1741.12,345.72,1,33.0,2231.5,-1687.3,163.5,0
9.5,TIDE,Orange,0.0,1704.06,345.72,1,33.0,2287.2,2215.4,-149.7,0
10.25,zarion LFT for rlcs,Blue,133.68,389.16,375.25,1,33.0,2077.9,-1787.6,264.6,0
10.31,Kapp,Orange,11.08,312.12,420.78,0,33.0,2175.7,938.4,-138.5,1
16.89,TIDE,Orange,-1532.81,3030.9,355.08,1,33.0,1196.5,536.3,-1689.8,1
18.46,TIDE,Orange,396.22,3635.75,582.33,1,33.0,2290.2,2125.9,202.7,0
18.66,.,Blue,838.19,1716.18,493.88,0,33.0,1976.3,1974.2,866.8,1
19.73,.,Blue,2987.33,1814.96,704.27,0,33.0,1826.9,1706.2,3063.2,1
21.21,zarion LFT for rlcs,Blue,3940.28,968.45,481.41,1,33.0,796.9,525.4,3926.9,1
22.15,.,Blue,4394.71,364.09,1840.76,0,33.0,571.2,-449.4,4638.6,0
23.05,Kapp,Orange,3872.54,2890.31,330.23,1,33.0,2023.6,2023.3,3747.1,0
24.79,.,Blue,4624.85,369.37,523.07,0,33.0,994.1,955.9,4563.2,1
26.4,.,Blue,4654.52,3647.31,1805.53,0,33.0,709.6,-660.6,4807.9,1
28.18,.,Blue,1577.42,5469.34,1442.28,1,33.0,2203.0,-2202.7,1768.4,0
29.67,TIDE,Orange,-1410.11,2431.09,874.35,1,33.0,859.8,-729.2,-1623.2,0
31.88,zarion LFT for rlcs,Blue,-2759.57,1563.44,1470.69,0,33.0,2109.0,-2103.2,-2627.9,0
32.76,TIDE,Orange,-4779.23,9999.0,1122.4,0,33.0,634.4,443.9,-4954.5,0
35.0,zarion LFT for rlcs,Blue,-3389.53,5187.04,637.98,1,33.0,2110.2,1894.0,-3527.6,1
37.9,zarion LFT for rlcs,Blue,372.46,4911.36,2368.89,1,33.0,556.3,-270.3,447.6,1
39.38,zarion LFT for rlcs,Blue,172.21,2319.51,1660.98,1,33.0,1271.8,-223.3,242.5,0
40.78,TIDE,Orange,-488.31,3274.36,598.13,1,33.0,1370.8,1358.9,-565.8,1
44.38,Kapp,Orange,2330.18,1625.2,462.21,0,33.0,2291.4,2020.6,2165.5,0
44.41,zarion LFT for rlcs,Blue,2400.83,1986.96,381.7,1,33.0,737.4,64.1,2576.3,0
45.92,Kapp,Orange,4766.04,3270.34,1006.54,1,33.0,2145.0,900.1,4606.6,0
47.32,.,Blue,4701.52,1596.12,301.55,0,33.0,805.1,-554.2,4918.2,0
47.92,Kapp,Orange,4194.47,1649.17,134.24,1,33.0,1464.9,-1408.4,4388.9,1
48.73,TIDE,Orange,2814.56,769.43,374.0,0,33.0,1218.5,342.3,2701.6,0
50.49,zarion LFT for rlcs,Blue,2702.39,2724.79,2157.8,0,33.0,863.4,-863.4,2767.1,1
52.38,zarion LFT for rlcs,Blue,1280.9,4622.16,3723.91,0,33.0,1002.2,-841.3,1397.0,1
53.75,zarion LFT for rlcs,Blue,-415.15,4478.73,3860.53,0,33.0,2034.0,-1566.4,-230.2,0
56.07,TIDE,Orange,-3605.4,1948.64,723.28,1,33.0,1677.9,1656.9,-3768.2,1
60.99,Kapp,Orange,4195.86,2589.23,622.74,1,33.0,1901.4,1378.4,3983.0,0
61.09,.,Blue,4265.57,1061.14,404.54,0,33.0,1017.3,-1013.8,4463.7,0
63.04,TIDE,Orange,4104.68,3659.36,1152.61,0,33.0,892.0,804.8,3944.7,1
65.02,TIDE,Orange,4468.56,3753.72,301.94,1,33.0,617.3,-107.6,4482.8,0
65.09,.,Blue,4480.5,1718.47,188.92,1,33.0,1339.7,-1306.2,4626.3,0
68.52,Kapp,Orange,-890.03,3117.93,1508.83,0,33.0,1567.6,1544.2,-1122.8,0
68.82,zarion LFT for rlcs,Blue,-494.93,3866.91,478.93,1,33.0,1760.2,-1609.9,-316.2,0
73.07,TIDE,Orange,-3289.56,4747.94,1972.11,1,33.0,1642.8,1605.8,-3402.9,0
76.9,.,Blue,3610.0,595.5,589.66,1,33.0,1720.0,1116.7,3660.6,0
78.74,Kapp,Orange,2938.99,3345.47,1949.87,1,33.0,1244.3,-596.0,2866.4,1
80.91,TIDE,Orange,1338.28,496.03,4009.42,1,33.0,144.9,144.4,1172.2,1
81.95,TIDE,Orange,2160.55,2231.56,2387.79,1,33.0,1629.0,1357.1,1976.1,0
82.48,zarion LFT for rlcs,Blue,2980.71,2122.72,293.62,1,33.0,1859.6,-883.0,3106.0,1
84.66,zarion LFT for rlcs,Blue,196.92,4422.58,2178.62,1,33.0,2237.6,-2043.4,352.0,1
101.89,zarion LFT for rlcs,Blue,0.0,983.45,1118.7,0,33.0,2273.8,-1969.4,168.5,0
102.09,Kapp,Orange,-422.34,1672.49,464.92,1,33.0,1205.2,802.7,-559.9,0
102.67,.,Blue,303.84,487.66,463.35,0,33.0,2098.3,-1124.6,295.0,1
103.91,.,Blue,1766.39,1638.07,797.7,0,33.0,2032.4,2018.3,1602.7,0
104.17,Kapp,Orange,2307.06,6403.84,529.17,1,33.0,2297.0,1668.2,2509.2,0
105.61,.,Blue,5026.1,4582.82,727.26,0,33.0,2292.0,2108.7,4798.4,1
108.75,zarion LFT for rlcs,Blue,3658.51,3199.47,3696.45,0,33.0,688.0,-685.0,3680.1,1
110.07,zarion LFT for rlcs,Blue,2201.58,1263.75,1546.57,0,33.0,1798.1,-1429.6,2387.1,0
111.86,Kapp,Orange,-247.79,770.05,639.53,0,33.0,1262.6,478.9,-323.0,1
114.68,Kapp,Orange,-341.45,4195.48,3410.67,1,33.0,1172.5,1003.4,-532.1,1
116.96,Kapp,Orange,2465.13,2416.91,1599.75,1,33.0,2179.9,1771.6,2293.9,0
117.3,.,Blue,3112.93,4011.7,586.19,0,33.0,1952.3,-1830.9,3287.8,0
121.63,TIDE,Orange,870.92,1038.36,2964.35,1,33.0,500.6,150.1,763.2,0
123.17,zarion LFT for rlcs,Blue,1810.51,2532.39,356.72,0,33.0,1393.0,-1380.8,1906.0,0
126.47,Kapp,Orange,2045.97,4102.96,2352.17,0,33.0,810.5,774.0,1969.0,1
128.41,Kapp,Orange,2556.12,5301.53,640.38,0,33.0,1437.3,-344.4,2654.9,1
129.77,TIDE,Orange,2055.36,720.45,414.03,0,33.0,1833.7,27.1,1911.7,0
129.77,zarion LFT for rlcs,Blue,2055.36,589.14,382.31,0,33.0,2231.3,-676.2,2225.8,0
129.94,Kapp,Orange,2075.23,353.87,429.91,1,33.0,1432.3,-373.2,2162.2,0
133.97,zarion LFT for rlcs,Blue,-522.6,879.04,1798.16,0,33.0,981.7,-636.7,-388.3,0
134.4,TIDE,Orange,-813.87,3200.59,159.8,1,33.0,2299.8,1856.1,-925.5,1
135.97,Kapp,Orange,-2360.71,3000.23,321.57,0,33.0,1928.1,1607.5,-2564.6,0
138.29,.,Blue,1983.85,2911.85,1281.75,0,33.0,1502.0,-112.2,2124.8,1
141.52,.,Blue,1329.0,2960.0,2426.96,0,33.0,994.2,-832.1,1429.2,1
144.38,zarion LFT for rlcs,Blue,-928.75,316.8,1996.72,0,33.0,1639.8,-1523.2,-839.5,1
146.4,zarion LFT for rlcs,Blue,-4149.17,937.19,932.85,1,33.0,1643.4,-1617.5,-3953.6,0
147.44,TIDE,Orange,-4975.74,727.07,1297.15,0,33.0,972.3,508.0,-5082.4,1
150.01,TIDE,Orange,-2836.8,1160.48,753.31,0,33.0,2114.4,1376.1,-2992.1,1
151.08,TIDE,Orange,-1587.94,1428.21,731.37,1,33.0,1778.8,1300.8,-1645.5,1
151.95,TIDE,Orange,-178.13,2388.82,751.35,1,33.0,2231.9,1857.2,-315.1,0
153.44,zarion LFT for rlcs,Blue,3403.25,1325.43,1185.36,0,33.0,1903.0,424.9,3456.8,1
155.4,zarion LFT for rlcs,Blue,3802.23,5644.54,1268.83,0,33.0,2299.2,-183.1,3952.6,0
158.52,TIDE,Orange,-850.94,1442.26,90.46,1,33.0,2299.6,-2296.9,-901.6,1
160.59,Kapp,Orange,-2526.96,1990.69,1244.02,0,33.0,1195.0,1188.2,-2674.7,1
162.21,Kapp,Orange,345.02,3004.52,1146.46,1,33.0,2268.9,2107.6,302.9,0
163.79,.,Blue,3022.31,444.34,135.9,0,33.0,1740.4,485.2,3023.1,1
163.92,zarion LFT for rlcs,Blue,3213.59,206.63,74.96,0,33.0,1554.7,-910.7,3305.4,1
167.18,.,Blue,3578.62,1292.11,815.92,0,33.0,1615.6,-1595.8,3672.9,0
167.55,TIDE,Orange,3578.62,2483.53,316.43,1,33.0,1978.3,1519.8,3418.7,0
168.01,zarion LFT for rlcs,Blue,3578.62,1430.76,303.53,0,33.0,1193.3,-1007.1,3756.3,0
170.22,Kapp,Orange,-444.5,6366.77,749.18,0,33.0,1173.0,-24.1,-650.7,1
173.69,TIDE,Orange,2114.34,3603.61,444.17,1,33.0,755.7,557.4,1970.9,0
173.79,zarion LFT for rlcs,Blue,2221.0,3246.24,346.42,0,33.0,1410.0,171.9,2359.2,1
176.03,.,Blue,3958.69,580.07,494.83,0,33.0,1475.3,140.1,3973.2,0
177.47,Kapp,Orange,3106.03,2607.96,899.07,0,33.0,2075.6,1922.1,2928.0,1
178.63,TIDE,Orange,4125.5,2084.29,660.96,0,33.0,883.8,766.8,3957.7,0
178.77,zarion LFT for rlcs,Blue,4399.4,2055.0,451.4,0,33.0,960.2,-957.0,4476.0,0
190.98,TIDE,Orange,-24.86,1356.97,348.04,0,33.0,2200.0,1921.3,-199.4,0
190.98,.,Blue,-24.86,1058.14,348.04,0,33.0,1683.1,-447.9,140.9,0
192.47,Kapp,Orange,790.18,1064.24,493.05,1,33.0,1880.7,1649.5,643.5,0
192.97,zarion LFT for rlcs,Blue,1727.95,1318.77,176.1,0,33.0,2155.5,1962.5,1534.1,1
204.19,.,Blue,0.0,1029.68,583.82,0,33.0,2287.5,-2215.4,212.4,0
204.23,TIDE,Orange,-21.27,1398.14,380.56,0,33.0,2288.9,2286.9,-154.4,1
205.16,Kapp,Orange,-1173.34,1108.91,1592.0,0,33.0,1326.8,831.9,-1401.0,1
207.56,Kapp,Orange,2052.62,1906.15,707.29,1,33.0,1917.7,1612.6,2016.0,0
207.73,zarion LFT for rlcs,Blue,2437.15,2408.09,436.97,0,33.0,2246.8,2225.3,2285.6,1
218.88,zarion LFT for rlcs,Blue,0.0,1113.68,516.38,0,33.0,2295.7,-1419.1,160.5,0
218.94,Kapp,Orange,-58.24,2310.83,321.92,0,33.0,1949.3,1227.2,-181.0,1
219.61,TIDE,Orange,-1179.98,1058.29,983.27,0,33.0,1755.3,1215.2,-1370.3,0
222.54,.,Blue,4321.04,2491.75,2755.04,0,33.0,1305.4,896.8,4475.2,0
224.31,TIDE,Orange,3188.93,2867.6,444.45,1,33.0,1193.1,1159.9,2979.0,0
225.99,.,Blue,3124.34,2133.88,455.65,0,33.0,1858.2,-387.3,3185.4,0
226.06,Kapp,Orange,3082.02,687.7,336.04,0,33.0,2295.5,1885.6,2861.5,0
231.66,zarion LFT for rlcs,Blue,735.35,537.04,721.26,0,33.0,2273.4,-1630.0,821.0,1
236.1,.,Blue,-2891.49,2793.08,704.34,1,33.0,1992.3,-1481.3,-2707.5,0
236.26,Kapp,Orange,-3074.07,898.68,300.85,0,33.0,1932.4,1569.9,-3110.5,0
238.24,.,Blue,-1531.14,1215.6,656.76,0,33.0,2275.7,-2199.2,-1321.7,0
238.37,TIDE,Orange,-1455.1,924.3,311.77,0,33.0,2299.6,1419.3,-1633.3,0
240.41,zarion LFT for rlcs,Blue,1248.45,946.55,1123.06,0,33.0,538.6,518.9,1321.8,1
241.68,zarion LFT for rlcs,Blue,1405.23,1179.28,1493.58,0,33.0,238.3,-235.8,1555.4,0
243.76,TIDE,Orange,459.29,196.56,764.99,0,33.0,1854.5,630.1,282.0,0
246.21,.,Blue,4367.36,2960.78,3591.35,0,33.0,2242.0,1574.6,4408.0,0
247.62,Kapp,Orange,3874.67,2768.16,373.83,1,33.0,2221.0,2201.6,3700.6,1
250.53,TIDE,Orange,413.83,2982.8,515.3,0,33.0,1511.2,-846.0,406.0,0
250.73,zarion LFT for rlcs,Blue,298.93,806.77,112.18,0,33.0,2015.8,-2014.2,318.3,1
252.37,.,Blue,-475.8,1015.15,874.15,0,33.0,2031.1,-1565.2,-340.9,0
252.97,TIDE,Orange,-1765.07,1098.4,288.78,0,33.0,2281.5,-2170.8,-1731.0,0
254.07,.,Blue,-3937.06,2563.72,255.9,1,33.0,1957.7,-1720.3,-3867.4,1
255.02,.,Blue,-4374.69,3181.37,906.54,1,33.0,1188.8,-603.7,-4199.5,0
255.6,TIDE,Orange,-4873.41,741.88,692.15,0,33.0,2147.3,825.5,-4977.6,1
259.18,TIDE,Orange,-3004.18,1577.58,1925.84,0,33.0,1172.2,738.5,-3144.0,1
260.99,TIDE,Orange,-988.43,2015.45,744.13,0,33.0,1746.5,1393.2,-1179.5,0
261.99,zarion LFT for rlcs,Blue,147.13,1423.14,327.02,0,33.0,2125.3,-1464.2,288.9,0
263.4,TIDE,Orange,1556.95,821.84,436.58,0,33.0,1310.9,1239.1,1420.1,0
265.49,.,Blue,4455.53,2715.11,252.37,0,33.0,790.7,498.0,4536.7,1
267.49,.,Blue,4392.89,2032.19,565.95,0,33.0,2149.2,-2031.8,4619.9,0
267.62,TIDE,Orange,4145.07,542.29,340.99,1,33.0,1380.8,-546.3,4040.1,1
268.46,Kapp,Orange,2383.78,666.54,395.36,0,33.0,2120.4,-2109.2,2298.8,0
269.53,.,Blue,1112.0,388.84,208.01,0,33.0,290.9,-290.9,1035.4,1
271.53,zarion LFT for rlcs,Blue,1072.13,894.62,1014.65,0,33.0,1019.3,-282.4,1111.2,1
272.84,zarion LFT for rlcs,Blue,451.48,786.52,942.95,0,33.0,906.0,-643.2,582.5,0
274.26,Kapp,Orange,-277.29,1900.51,78.2,0,33.0,857.2,-27.5,-479.8,0
280.91,zarion LFT for rlcs,Blue,3894.13,1038.53,2806.99,0,33.0,2106.7,-759.5,3985.5,1
285.38,zarion LFT for rlcs,Blue,-4650.05,2991.72,300.42,1,33.0,2288.1,-2264.4,-4423.1,0
285.51,TIDE,Orange,-4906.07,371.28,410.14,0,33.0,2261.1,-1021.5,-4783.4,1
286.63,Kapp,Orange,-4756.42,1685.0,1287.58,0,33.0,1827.1,584.1,-4912.6,0
288.21,.,Blue,-1369.66,899.91,998.07,0,33.0,2275.7,-2199.2,-1321.7,1
289.95,.,Blue,1153.14,533.29,513.61,0,33.0,1932.5,475.3,1162.7,1
291.82,.,Blue,1123.14,473.57,1005.08,0,33.0,1034.2,-412.5,1200.3,1
293.04,.,Blue,374.69,675.52,1212.35,0,33.0,1372.8,-649.7,433.5,1
294.02,zarion LFT for rlcs,Blue,-251.03,156.14,1171.81,0,33.0,2285.0,-2284.8,-62.1,0
294.19,Kapp,Orange,-670.45,2251.51,422.25,0,33.0,2261.3,2246.0,-840.0,0
295.57,zarion LFT for rlcs,Blue,915.97,1201.48,985.55,0,33.0,1966.1,-1838.2,1068.4,1
297.95,.,Blue,3082.81,2229.64,688.98,0,33.0,2062.9,1849.5,3092.1,0
302.42,Kapp,Orange,3503.9,289.14,266.04,1,33.0,1239.5,251.0,3426.6,0
304.98,.,Blue,4600.76,3118.52,1670.38,0,33.0,1143.2,-1057.4,4786.8,1
305.81,.,Blue,3840.93,2101.74,579.44,0,33.0,1472.6,-1039.6,3925.0,0
305.92,TIDE,Orange,3750.16,2271.33,258.29,1,33.0,2297.6,568.6,3575.7,0
310.02,zarion LFT for rlcs,Blue,2769.0,1597.08,3489.1,0,33.0,1321.0,-1298.8,2938.4,1
312.03,zarion LFT for rlcs,Blue,352.66,830.99,1847.5,0,33.0,1394.9,-1232.0,425.7,0
312.6,Kapp,Orange,-343.84,2922.47,345.73,0,33.0,2047.2,1775.0,-403.9,0
314.11,zarion LFT for rlcs,Blue,-2107.43,922.29,1788.11,1,33.0,1317.5,-1221.3,-1906.2,1
316.28,.,Blue,-3761.43,831.21,344.07,0,33.0,2283.2,-2270.3,-3704.9,0
317.33,TIDE,Orange,-4938.65,704.25,665.33,0,33.0,375.6,-251.4,-5054.0,0
319.6,zarion LFT for rlcs,Blue,-4248.86,472.73,550.14,1,33.0,2115.9,-349.7,-4102.1,1
321.78,zarion LFT for rlcs,Blue,-3174.63,1844.53,796.78,1,33.0,1599.0,1124.9,-3160.6,0
323.73,TIDE,Orange,-1737.02,1874.55,1031.05,0,33.0,1054.3,516.0,-1775.3,0
325.43,.,Blue,16.27,449.69,1177.0,0,33.0,1297.1,-65.5,169.3,1
326.85,.,Blue,-225.81,1664.37,365.32,0,33.0,660.5,-658.3,-154.2,0
326.92,Kapp,Orange,-225.34,589.73,145.13,0,33.0,2064.5,1804.8,-288.4,1
328.87,Kapp,Orange,1765.83,1689.26,583.79,1,33.0,2045.8,1094.6,1663.8,0
330.97,zarion LFT for rlcs,Blue,4997.36,3388.11,1308.05,0,33.0,2140.4,267.3,5016.9,1
333.14,zarion LFT for rlcs,Blue,3067.34,2054.37,915.78,0,33.0,2275.8,-1853.8,3113.5,1
334.26,zarion LFT for rlcs,Blue,1641.43,1455.21,685.74,0,33.0,1997.4,-1346.4,1715.7,0
336.54,TIDE,Orange,-1960.09,622.6,462.56,0,33.0,1449.2,1193.1,-2133.9,0
340.58,.,Blue,4974.22,4028.45,802.46,0,33.0,776.4,-243.4,5095.7,0
340.74,TIDE,Orange,4876.77,4269.54,264.51,1,33.0,2188.7,1352.6,4916.1,0
342.21,.,Blue,3461.08,2595.52,748.08,0,33.0,1939.1,-1774.2,3676.3,0
343.26,Kapp,Orange,1522.15,1407.49,598.01,0,33.0,2049.7,-1663.2,1517.0,0
343.49,.,Blue,1162.69,1050.84,286.6,0,33.0,2169.2,-1939.8,1082.1,0
344.9,Kapp,Orange,-723.53,2823.93,430.94,0,33.0,1939.4,-599.2,-876.2,0
345.0,zarion LFT for rlcs,Blue,-814.71,800.77,317.69,0,33.0,2299.9,-2211.2,-629.8,1
362.76,.,Blue,47.12,1083.79,540.15,0,33.0,2284.1,-2095.8,280.1,0
362.79,TIDE,Orange,86.7,2427.7,341.72,0,33.0,1059.4,805.6,-61.0,0
366.71,zarion LFT for rlcs,Blue,3276.68,2550.13,3308.1,0,33.0,1965.6,-1656.0,3397.7,0
369.24,TIDE,Orange,-2727.56,2263.41,1364.55,0,33.0,1735.6,-1018.0,-2839.6,0
369.64,.,Blue,-3241.1,2372.41,418.79,1,33.0,1724.0,-1657.4,-3229.2,1
372.06,zarion LFT for rlcs,Blue,-3355.72,1597.59,872.34,0,33.0,1677.9,-702.7,-3195.7,0
372.4,Kapp,Orange,-3558.37,2029.14,236.9,0,33.0,1910.5,1127.4,-3656.1,0
9.59,clankaシ,Blue,-30.18,1473.92,4301.81,1,33.0,1879.9,-1490.1,81.1,0
12.32,zarion LFT for rlcs,Orange,-4154.91,4908.76,512.2,0,33.0,1731.6,170.8,-4384.8,1
14.09,Rosé,Orange,-4992.74,1026.3,862.05,0,33.0,2278.0,-967.9,-4906.6,1
15.59,zarion LFT for rlcs,Orange,-3431.6,1196.94,2595.92,1,33.0,2298.4,2216.2,-3567.1,1
17.53,Rosé,Orange,-1532.72,747.85,3235.12,1,33.0,1762.2,1670.2,-1629.8,1
19.0,Rosé,Orange,899.52,3461.13,911.03,1,33.0,2120.1,1937.1,804.7,0
20.9,clankaシ,Blue,4673.83,2342.21,1067.63,0,33.0,1034.7,-469.1,4807.8,0
24.5,Rosé,Orange,2859.08,2125.18,2064.52,1,33.0,386.3,-7.0,2679.6,0
26.33,TIDE,Blue,2934.1,2239.75,32.2,1,33.0,2088.2,-783.9,2828.4,0
28.1,Rosé,Orange,4005.08,4267.55,211.28,1,33.0,1772.6,1598.0,3999.5,0
29.97,clankaシ,Blue,3848.67,1028.99,994.8,1,33.0,1473.6,-1398.9,4053.3,0
31.3,zarion LFT for rlcs,Orange,399.7,4150.0,1245.27,0,33.0,2026.2,-2025.4,374.0,1
35.74,zarion LFT for rlcs,Orange,-4098.33,1906.38,4559.57,0,33.0,1211.5,913.1,-4226.6,1
36.84,zarion LFT for rlcs,Orange,-3284.52,3148.45,3023.16,0,33.0,1028.6,1008.2,-3394.5,1
38.1,zarion LFT for rlcs,Orange,-1987.32,2300.64,2573.38,0,33.0,1089.0,1083.3,-1993.7,0
40.57,clankaシ,Blue,1257.02,3154.83,120.69,1,33.0,2186.7,-2048.7,1229.0,1
42.44,TIDE,Blue,4514.09,6620.99,551.42,0,33.0,969.2,-663.2,4715.1,1
44.94,TIDE,Blue,1236.7,199.61,1546.26,0,33.0,2273.0,-2237.4,1433.0,0
56.74,Rosé,Orange,0.0,1502.21,645.13,1,33.0,2270.3,1828.4,-180.6,0
56.77,TIDE,Blue,15.51,1401.95,447.69,0,33.0,2162.7,-1941.4,237.7,0
58.8,zarion LFT for rlcs,Orange,231.58,933.36,1818.45,1,33.0,2289.4,1066.4,142.6,1
61.12,zarion LFT for rlcs,Orange,197.4,4133.33,2917.14,1,33.0,2105.7,-1325.2,333.6,1
62.62,zarion LFT for rlcs,Orange,-2329.28,2276.84,1206.6,1,33.0,2245.8,-1810.2,-2280.2,1
64.08,zarion LFT for rlcs,Orange,-4744.53,790.92,2686.68,0,33.0,2096.3,-1381.5,-4653.4,1
67.69,Rosé,Orange,2758.81,2551.48,1041.95,1,33.0,2294.5,2243.7,2599.0,1
82.57,zarion LFT for rlcs,Orange,0.0,1360.44,687.96,1,33.0,2244.3,1721.9,-212.3,0
82.7,clankaシ,Blue,37.32,1060.27,306.51,0,33.0,1001.2,-525.0,197.9,0
83.44,Rosé,Orange,-256.27,1964.15,261.22,0,33.0,1956.1,288.8,-381.7,0
83.64,TIDE,Blue,-135.09,397.32,169.87,0,33.0,2300.0,-1312.8,-172.5,1
85.6,TIDE,Blue,912.16,1346.5,456.57,0,33.0,2213.6,-2184.7,1103.6,0
85.83,Rosé,Orange,978.31,4331.0,265.78,0,33.0,813.3,813.3,839.1,1
88.36,Rosé,Orange,3126.84,4223.77,1714.66,1,33.0,1313.1,1144.0,2967.3,0
89.56,clankaシ,Blue,4365.19,663.66,487.51,0,33.0,494.7,400.7,4453.2,1
90.06,TIDE,Blue,4882.64,691.8,552.18,0,33.0,624.3,-392.9,5001.5,0
90.49,Rosé,Orange,4961.59,1773.23,246.24,1,33.0,968.7,102.8,4787.4,1
91.53,zarion LFT for rlcs,Orange,4655.07,500.09,577.06,0,33.0,1517.8,1409.1,4506.8,1
101.19,Rosé,Orange,45.07,1429.05,509.78,0,33.0,1974.5,1541.6,-104.3,0
101.22,TIDE,Blue,5.08,1396.1,267.32,0,33.0,747.7,-721.1,177.4,1
104.67,clankaシ,Blue,-2096.32,438.68,671.78,0,33.0,1460.3,-1138.2,-1964.9,0
105.77,zarion LFT for rlcs,Orange,-4000.88,649.12,133.63,0,33.0,1932.8,829.9,-3923.4,1
107.67,Rosé,Orange,-3416.19,611.6,525.51,0,33.0,2171.5,1457.7,-3543.6,0
107.73,TIDE,Blue,-3401.26,1068.82,302.6,0,33.0,1194.1,-966.9,-3257.9,0
111.13,zarion LFT for rlcs,Orange,-5017.59,1229.51,1417.72,0,33.0,1483.5,-640.3,-4946.7,0
112.6,TIDE,Blue,-3850.61,2208.34,642.71,0,33.0,295.1,33.5,-3655.8,0
112.73,zarion LFT for rlcs,Orange,-3815.16,1611.44,379.3,0,33.0,1618.0,1411.5,-3920.8,1
113.83,Rosé,Orange,-4074.94,1398.31,1989.45,0,33.0,1560.1,-564.7,-4016.9,1
116.21,Rosé,Orange,-2705.73,3697.24,1455.43,0,33.0,996.4,911.9,-2842.1,1
117.44,Rosé,Orange,-1538.61,3294.85,604.46,0,33.0,1787.9,1301.9,-1593.5,1
118.55,Rosé,Orange,-37.86,1718.35,1481.27,0,33.0,1769.6,1400.2,-124.4,0
120.78,TIDE,Blue,4753.31,1058.33,947.78,0,33.0,840.7,840.6,4820.4,0
123.38,zarion LFT for rlcs,Orange,3814.8,2265.11,647.85,1,33.0,2147.0,547.6,3650.9,0
123.51,clankaシ,Blue,4065.23,838.71,365.58,0,33.0,1335.2,-941.2,4093.9,1
125.98,clankaシ,Blue,3736.1,983.72,541.8,0,33.0,1409.0,-955.4,3829.8,0
126.21,zarion LFT for rlcs,Orange,3464.89,2112.93,153.31,1,33.0,1971.7,490.1,3504.2,0
128.48,TIDE,Blue,561.83,3442.22,633.93,0,33.0,2075.8,-2070.3,730.0,0
129.95,Rosé,Orange,-3978.37,328.79,1069.9,0,33.0,2233.4,-2157.5,-4109.3,0
131.92,clankaシ,Blue,-3549.06,1918.7,391.87,0,33.0,2242.4,-2067.7,-3458.7,1
143.24,TIDE,Blue,0.0,1773.56,551.81,0,33.0,2274.4,-2274.3,226.6,0
143.3,Rosé,Orange,-133.7,1348.62,395.35,0,33.0,2300.0,2299.7,-132.3,1
144.28,zarion LFT for rlcs,Orange,-3084.75,1053.81,1300.25,0,33.0,1749.8,1746.3,-3302.0,0
146.79,clankaシ,Blue,2910.95,2992.48,1559.2,0,33.0,1445.1,-834.3,3047.8,0
149.03,Rosé,Orange,769.27,371.71,2113.73,0,33.0,1756.1,-1447.2,726.5,0
150.93,TIDE,Blue,-511.36,2072.95,2140.12,0,33.0,644.4,-641.2,-398.7,0
152.59,zarion LFT for rlcs,Orange,-2523.11,1602.8,613.39,0,33.0,1352.0,1247.3,-2721.1,0
152.73,TIDE,Blue,-2556.9,866.13,127.16,0,33.0,2298.8,-1562.6,-2447.4,1
154.76,clankaシ,Blue,-2169.29,595.73,723.79,0,33.0,2253.5,-1442.0,-1962.7,0
154.89,zarion LFT for rlcs,Orange,-2457.81,3568.17,443.26,0,33.0,768.4,678.9,-2521.4,0
157.1,clankaシ,Blue,-5010.35,3107.91,1637.57,0,33.0,1677.3,-598.9,-5044.2,0
158.2,Rosé,Orange,-4630.35,138.0,165.22,0,33.0,1625.3,1287.4,-4760.3,0
161.16,TIDE,Blue,1027.94,1628.93,238.37,0,33.0,2283.8,2241.1,932.3,0
163.23,zarion LFT for rlcs,Orange,4435.08,1575.92,344.61,1,33.0,1584.1,1117.8,4429.4,0
164.52,TIDE,Blue,4661.54,1746.83,551.9,0,33.0,1122.6,-602.0,4777.5,1
166.05,clankaシ,Blue,3192.87,300.43,1485.9,0,33.0,1670.2,-1466.9,3429.9,1
167.72,clankaシ,Blue,523.86,1325.84,664.75,0,33.0,1829.3,-1829.2,594.4,1
169.02,clankaシ,Blue,-2169.42,1740.75,855.93,0,33.0,2287.0,-2264.6,-2115.6,1
180.33,clankaシ,Blue,-35.61,1398.33,1263.94,0,33.0,1952.1,-1628.5,112.0,0
182.73,zarion LFT for rlcs,Orange,-4443.41,1956.33,1107.83,0,33.0,446.3,440.6,-4304.3,0
184.33,clankaシ,Blue,-4989.63,2313.67,1321.33,0,33.0,1242.1,-1103.9,-4828.3,1
185.44,clankaシ,Blue,-4401.35,1177.79,333.77,0,33.0,1620.4,1015.0,-4554.0,0
185.67,Rosé,Orange,-4245.28,429.72,186.39,0,33.0,1124.6,772.8,-4339.6,1
187.17,zarion LFT for rlcs,Orange,-2311.18,524.76,1144.55,0,33.0,1780.4,1603.7,-2346.9,1
189.0,Rosé,Orange,175.41,735.7,1836.91,0,33.0,1789.1,1558.6,77.9,0
191.03,TIDE,Blue,4794.08,650.5,1185.56,0,33.0,1986.4,1773.8,4798.7,1
194.21,clankaシ,Blue,1253.74,1763.03,1086.83,0,33.0,1963.2,-1690.6,1421.2,0
195.94,zarion LFT for rlcs,Orange,-2326.23,707.32,1257.42,0,33.0,1448.5,1268.0,-2554.7,1
198.5,zarion LFT for rlcs,Orange,24.93,1170.24,1839.13,0,33.0,1008.7,993.8,-60.0,0
200.04,clankaシ,Blue,1607.11,3494.66,160.75,0,33.0,2188.9,2119.4,1547.3,1
201.8,TIDE,Blue,4693.13,2065.23,2417.98,0,33.0,747.9,-531.2,4810.6,0
202.94,zarion LFT for rlcs,Orange,3898.83,1861.7,451.41,1,33.0,2244.8,-235.8,3948.6,1
205.05,zarion LFT for rlcs,Orange,668.57,698.54,673.02,0,33.0,2231.3,2092.1,640.8,0
205.41,TIDE,Blue,283.02,1377.87,179.21,0,33.0,2296.4,-2168.0,484.2,0
206.98,Rosé,Orange,-3341.06,1865.37,321.1,0,33.0,2137.5,-2137.5,-3278.6,0
207.91,TIDE,Blue,-4881.73,2829.94,273.96,0,33.0,1257.1,-812.8,-4858.0,1
209.98,clankaシ,Blue,-3589.68,906.69,604.65,0,33.0,1019.3,-698.8,-3406.1,0
223.5,Rosé,Orange,0.0,1468.37,470.37,0,33.0,2286.4,2221.8,-211.1,0
223.54,TIDE,Blue,21.84,1484.29,470.37,0,33.0,2217.1,-1917.3,247.3,0
224.37,zarion LFT for rlcs,Orange,170.52,267.44,492.25,0,33.0,2283.4,2020.0,34.5,1
227.7,zarion LFT for rlcs,Orange,3243.03,3628.13,1019.06,1,33.0,1366.4,1273.8,3116.8,0
229.77,clankaシ,Blue,4901.45,382.74,1743.99,0,33.0,906.8,-394.2,5066.8,1
230.77,clankaシ,Blue,4443.51,614.09,1131.42,0,33.0,1203.7,-716.8,4631.8,0
232.71,zarion LFT for rlcs,Orange,1848.3,805.82,322.72,1,33.0,2298.1,-2072.6,2050.7,0
234.61,clankaシ,Blue,-1873.73,408.83,506.44,0,33.0,2272.8,-2259.3,-1889.2,0
236.31,Rosé,Orange,-4417.05,776.7,320.24,0,33.0,1194.4,-969.9,-4413.4,0
238.91,TIDE,Blue,-3709.6,1842.82,1405.29,0,33.0,1236.2,-761.9,-3582.4,0
240.31,zarion LFT for rlcs,Orange,-4539.4,567.96,1727.05,0,33.0,1383.6,166.4,-4641.5,0
243.25,clankaシ,Blue,-911.09,1491.28,525.66,0,33.0,1062.7,1049.7,-747.1,1
245.82,clankaシ,Blue,4450.03,233.5,226.54,0,33.0,2283.5,2010.2,4217.6,0
246.22,zarion LFT for rlcs,Orange,4762.6,3656.46,118.52,1,33.0,915.9,853.4,4745.8,1
248.1,zarion LFT for rlcs,Orange,4735.25,2713.23,283.88,1,33.0,1738.2,-1064.3,4894.5,1
251.43,Rosé,Orange,537.51,550.94,1731.38,0,33.0,1520.0,386.5,396.3,1
253.6,Rosé,Orange,1221.52,533.21,953.36,0,33.0,923.8,711.4,1146.8,1
254.93,Rosé,Orange,2296.58,1209.44,1705.99,1,33.0,1408.3,866.0,2195.9,0
256.46,TIDE,Blue,3544.8,1291.42,432.68,0,33.0,202.5,137.4,3689.8,0
256.66,Rosé,Orange,3694.18,500.24,178.94,1,33.0,1729.7,1641.2,3553.9,0
259.41,clankaシ,Blue,3959.46,468.82,433.07,0,33.0,1387.2,-1098.7,4129.2,0
259.54,zarion LFT for rlcs,Orange,3680.35,635.27,221.09,1,33.0,273.0,255.0,3810.2,1
261.1,Rosé,Orange,-67.11,514.79,725.63,0,33.0,2300.0,-2176.5,22.3,1
261.2,zarion LFT for rlcs,Orange,-280.37,328.55,614.71,0,33.0,2282.8,2043.3,-492.4,1
264.18,Rosé,Orange,-5020.79,1759.02,535.37,0,33.0,338.0,0.4,-5103.0,0
265.28,clankaシ,Blue,-4204.7,1406.23,235.12,0,33.0,1680.5,1077.7,-4199.9,0
265.35,Rosé,Orange,-4129.97,869.7,179.22,0,33.0,1613.7,1480.5,-4298.3,0
267.73,TIDE,Blue,-2484.46,530.14,1743.14,0,33.0,1886.5,-1825.4,-2292.8,0
268.87,zarion LFT for rlcs,Orange,-4529.69,144.23,1022.91,0,33.0,1927.5,990.9,-4661.6,1
271.08,zarion LFT for rlcs,Orange,-1830.94,1114.8,1612.88,0,33.0,2020.6,1468.2,-1931.4,1
274.25,zarion LFT for rlcs,Orange,3581.24,1713.82,439.07,1,33.0,2083.5,1884.3,3484.1,0
274.42,TIDE,Blue,3817.25,1014.54,289.12,0,33.0,2292.9,2229.8,3807.5,0
278.14,Rosé,Orange,3047.66,3503.82,1157.78,0,33.0,1172.8,524.4,2983.8,1
279.61,Rosé,Orange,4221.79,3801.9,1393.91,1,33.0,1572.4,893.5,4073.1,1
280.35,Rosé,Orange,4878.21,2677.97,272.62,1,33.0,1523.7,853.8,4718.1,0
280.61,TIDE,Blue,5207.62,1022.21,351.34,0,33.0,362.2,326.7,5185.9,0
298.57,zarion LFT for rlcs,Orange,0.0,1468.74,532.18,0,33.0,2284.6,1867.5,-155.2,0
298.64,clankaシ,Blue,97.3,1149.39,387.72,0,33.0,2294.3,-2129.2,327.1,1
300.72,TIDE,Blue,1611.97,1686.8,649.3,0,33.0,2093.6,2093.5,1785.9,0
301.82,zarion LFT for rlcs,Orange,2028.38,700.91,190.5,1,33.0,841.4,841.4,1976.4,1
304.23,zarion LFT for rlcs,Orange,3346.88,1712.48,1389.38,1,33.0,1310.1,641.0,3292.4,0
305.27,TIDE,Blue,3963.16,2034.84,598.95,0,33.0,623.1,-340.3,4092.1,0
305.53,zarion LFT for rlcs,Orange,3969.57,2402.11,178.81,1,33.0,1623.0,1213.8,3912.5,0
308.15,TIDE,Blue,3471.67,1779.23,937.02,0,33.0,625.0,-491.6,3642.3,1
310.17,TIDE,Blue,1417.1,1053.19,408.18,0,33.0,1716.0,-1686.3,1557.2,0
311.21,Rosé,Orange,-307.57,1494.07,474.81,0,33.0,1259.8,-1258.7,-275.5,0
313.13,clankaシ,Blue,-2249.05,1249.07,738.24,0,33.0,2275.1,-2107.8,-2103.7,0
313.26,Rosé,Orange,-2577.94,1454.72,348.36,0,33.0,535.5,533.9,-2722.2,0
316.01,clankaシ,Blue,-4494.91,1559.38,304.0,0,33.0,2250.9,-74.7,-4437.6,0
316.01,zarion LFT for rlcs,Orange,-4494.91,137.34,331.16,0,33.0,1963.4,701.0,-4518.2,0
319.45,TIDE,Blue,-2043.85,591.99,1098.24,0,33.0,1555.9,-1537.0,-1884.0,0
321.13,zarion LFT for rlcs,Orange,-5020.53,1668.89,862.75,0,33.0,1903.6,-604.0,-5016.5,1
322.6,zarion LFT for rlcs,Orange,-3337.88,2280.08,900.99,0,33.0,1962.3,1880.5,-3555.5,0
324.88,TIDE,Blue,1326.24,239.9,464.54,0,33.0,527.3,196.3,1504.2,0
324.94,zarion LFT for rlcs,Orange,1396.77,1817.51,323.28,0,33.0,1722.5,1609.6,1297.1,1
327.66,Rosé,Orange,-485.66,1223.07,407.32,0,33.0,962.0,458.9,-579.2,0
327.76,clankaシ,Blue,-585.91,1468.15,207.97,0,33.0,2030.8,-1950.4,-394.3,1
331.69,clankaシ,Blue,-4441.26,2417.14,1104.53,0,33.0,1050.0,42.5,-4354.9,0
332.93,Rosé,Orange,-4975.88,514.13,730.65,0,33.0,1248.3,319.1,-5045.1,1
334.97,Rosé,Orange,-4466.81,856.03,481.07,0,33.0,2159.7,515.8,-4530.2,0
339.42,TIDE,Blue,2564.94,1324.79,944.52,0,33.0,1536.4,-583.7,2700.3,0
339.65,zarion LFT for rlcs,Orange,2321.05,2782.1,334.73,1,33.0,2256.3,2171.8,2281.3,0
342.03,TIDE,Blue,73.46,893.74,470.78,0,33.0,1687.8,-1412.9,194.0,0
342.74,zarion LFT for rlcs,Orange,-1115.6,1551.38,132.76,0,33.0,2283.0,-1939.8,-944.6,1
343.65,Rosé,Orange,-2812.45,618.0,1063.65,0,33.0,2047.5,1655.0,-2977.2,0
345.32,clankaシ,Blue,146.22,1961.11,779.77,0,33.0,2300.0,685.0,241.9,0
347.1,zarion LFT for rlcs,Orange,862.9,205.74,220.34,0,33.0,1054.6,1048.7,769.9,1
351.59,Rosé,Orange,1400.69,1715.35,659.98,0,33.0,2192.6,1128.9,1172.5,1
352.87,Rosé,Orange,2806.44,3114.09,1283.99,1,33.0,1465.9,1372.8,2610.5,0
353.61,clankaシ,Blue,3928.6,854.69,367.33,0,33.0,1402.0,-1127.5,4133.9,1
354.14,TIDE,Blue,4898.33,783.71,463.1,0,33.0,82.2,6.2,5099.0,1
356.22,TIDE,Blue,4467.68,1051.6,1939.02,0,33.0,2091.3,-190.3,4548.0,1
356.49,clankaシ,Blue,4208.11,660.02,3192.55,0,33.0,1402.0,-1127.5,4133.9,1
357.79,TIDE,Blue,2683.67,1422.25,2725.86,0,33.0,2203.2,-1979.1,2851.3,0
360.27,zarion LFT for rlcs,Orange,-3324.99,718.27,1345.03,0,33.0,1000.7,816.9,-3529.4,1
362.01,zarion LFT for rlcs,Orange,-559.79,1108.21,951.78,0,33.0,2297.6,2073.9,-731.4,1
366.2,zarion LFT for rlcs,Orange,-2939.23,1202.71,1670.83,0,33.0,2299.1,-1012.9,-2957.2,1
368.58,Rosé,Orange,555.43,1373.91,890.82,0,33.0,2293.9,2291.7,413.6,0
369.92,TIDE,Blue,3909.62,361.19,1574.03,0,33.0,1632.5,573.9,3977.1,1
371.73,TIDE,Blue,1275.54,238.42,158.61,0,33.0,2213.6,-2184.7,1103.6,0
372.37,Rosé,Orange,369.96,893.43,115.39,0,33.0,2195.7,-2188.8,401.0,1
372.77,zarion LFT for rlcs,Orange,-432.72,96.79,282.64,0,33.0,2282.8,2043.3,-492.4,0
373.17,clankaシ,Blue,-1223.22,315.36,450.52,0,33.0,2298.4,-2063.4,-1303.8,0
373.61,zarion LFT for rlcs,Orange,-2019.52,211.63,439.6,0,33.0,2277.2,-1498.8,-2102.0,1
376.15,zarion LFT for rlcs,Orange,-4184.94,135.78,2372.5,0,33.0,628.7,425.2,-4380.1,1
377.72,zarion LFT for rlcs,Orange,-2863.68,719.87,1199.01,0,33.0,1134.3,1106.8,-3005.4,0
380.9,clankaシ,Blue,595.29,1344.51,815.78,0,33.0,1354.3,-1327.6,789.7,1
381.78,clankaシ,Blue,-614.43,45.99,881.4,0,33.0,1700.1,-1614.2,-495.0,1
383.23,clankaシ,Blue,-3116.77,1339.61,680.37,0,33.0,1959.9,-1891.2,-3028.5,0
384.41,Rosé,Orange,-5100.11,848.26,105.11,0,33.0,1265.2,-294.3,-5248.9,1
387.29,Rosé,Orange,-4133.77,1913.09,1585.2,0,33.0,2045.3,1105.7,-4239.8,0
388.1,clankaシ,Blue,-2997.63,926.36,358.19,0,33.0,2246.7,224.2,-2869.7,1
390.37,clankaシ,Blue,-3794.96,1862.65,1512.84,0,33.0,1730.7,-1101.2,-3686.9,0
391.78,Rosé,Orange,-4919.78,394.04,660.52,0,33.0,1883.6,-731.4,-4950.0,1
394.42,zarion LFT for rlcs,Orange,-5018.98,677.16,1015.8,0,33.0,2272.5,846.3,-5058.7,0
11.03,Sik.,Blue,49.82,1282.91,449.7,0,33.0,2283.8,2166.9,-153.7,0
11.98,no friday rlcs streams :(,Orange,2799.65,4901.44,1455.68,1,33.0,1803.1,-1793.0,3034.2,0
13.91,sxnityy.,Blue,-995.31,1807.1,1189.54,1,33.0,1263.1,1186.5,-1195.0,0
16.55,Deeyko,Orange,254.32,534.19,830.28,0,33.0,610.0,-531.1,352.5,0
16.85,Sik.,Blue,97.39,5784.81,105.97,1,33.0,1632.9,1501.4,129.6,0
19.12,Deeyko,Orange,-1186.42,4632.0,4646.36,0,33.0,1153.7,-628.3,-1128.3,1
20.42,Deeyko,Orange,-2315.45,2729.99,3753.25,0,33.0,1468.5,-989.6,-2135.3,0
22.45,sxnityy.,Blue,-4656.93,3806.83,484.32,1,33.0,777.6,405.2,-4813.4,0
24.21,no friday rlcs streams :(,Orange,-4707.28,1913.56,410.55,1,33.0,1823.7,-1771.8,-4669.1,0
24.28,Sik.,Blue,-4781.8,637.27,334.66,0,33.0,2109.2,-1749.7,-4769.9,1
25.97,sxnityy.,Blue,-4041.26,353.47,545.02,1,33.0,1929.4,1678.9,-4195.2,0
28.34,no friday rlcs streams :(,Orange,67.57,446.02,166.92,0,33.0,1033.7,228.8,154.1,0
29.6,Sik.,Blue,150.06,1353.83,410.05,1,33.0,1425.2,-117.4,183.8,1
30.99,Sik.,Blue,-65.3,1701.6,1597.81,1,33.0,2049.7,-215.4,-25.1,1
32.71,Sik.,Blue,-532.3,3436.94,3167.98,0,33.0,2144.1,-162.6,-599.6,0
36.68,Deeyko,Orange,-1090.04,1644.32,1100.88,1,33.0,2259.8,-2111.7,-911.0,0
40.75,Sik.,Blue,-1268.09,1390.6,361.44,0,33.0,1872.7,1636.3,-1422.3,0
43.05,Deeyko,Orange,4319.81,6442.94,2146.57,1,33.0,1874.7,-1528.6,4531.1,0
45.79,sxnityy.,Blue,-108.84,5392.48,352.47,1,33.0,1030.2,21.2,-232.8,1
47.35,Sik.,Blue,1416.75,1951.98,884.31,0,33.0,2294.8,-648.4,1266.7,0
48.4,no friday rlcs streams :(,Orange,3715.99,7259.89,3450.69,1,33.0,2283.6,987.1,3756.5,1
51.11,no friday rlcs streams :(,Orange,4084.51,6295.84,677.41,1,33.0,577.1,-408.1,4253.3,0
51.31,Sik.,Blue,4007.61,4238.95,247.27,0,33.0,1515.5,1511.4,3939.4,1
52.69,sxnityy.,Blue,2336.21,2373.68,1771.06,1,33.0,1992.6,1783.7,2204.5,0
54.08,Deeyko,Orange,4979.51,1010.01,1676.89,1,33.0,1669.8,679.9,4864.2,0
56.34,sxnityy.,Blue,3325.79,1893.06,874.71,0,33.0,1787.2,748.5,3256.3,1
58.2,sxnityy.,Blue,4270.04,2562.39,1305.65,0,33.0,747.7,277.7,4300.1,0
60.33,Deeyko,Orange,4630.51,288.31,845.68,0,33.0,1177.0,1160.5,4502.4,1
60.39,no friday rlcs streams :(,Orange,4641.88,257.92,838.69,1,33.0,403.7,-403.1,4759.4,0
63.28,Sik.,Blue,2840.75,1287.61,2578.31,0,33.0,784.3,618.9,2642.9,1
64.19,Sik.,Blue,3239.05,3153.17,1350.96,0,33.0,1436.8,484.6,3148.7,0
64.63,no friday rlcs streams :(,Orange,3470.87,2206.71,336.61,1,33.0,1601.4,-1475.0,3685.7,0
67.1,sxnityy.,Blue,608.32,3332.91,428.64,1,33.0,2085.3,-209.8,450.9,1
69.8,sxnityy.,Blue,1989.16,2637.44,903.81,0,33.0,1128.6,1128.6,1879.1,1
71.16,sxnityy.,Blue,2899.46,4955.63,2284.8,0,33.0,1131.2,960.8,2801.9,0
72.41,Deeyko,Orange,3795.23,1229.5,254.65,0,33.0,1353.0,-1352.8,3943.5,0
74.77,Sik.,Blue,-2173.19,6901.78,1159.43,1,33.0,1767.5,-1580.1,-2255.6,1
75.82,Sik.,Blue,-3794.5,7574.86,2665.31,1,33.0,2284.9,-1394.6,-3882.5,1
77.14,Sik.,Blue,-4374.85,5210.81,3654.13,1,33.0,289.3,234.2,-4507.9,1
78.42,Sik.,Blue,-3815.62,1900.75,704.79,1,33.0,661.1,660.7,-3994.3,0
78.56,no friday rlcs streams :(,Orange,-3789.93,8068.95,325.43,0,33.0,2006.0,-2004.5,-3632.1,0
80.12,sxnityy.,Blue,-4903.21,2469.98,719.35,1,33.0,2300.0,-948.6,-4793.9,1
82.38,sxnityy.,Blue,-3265.84,2928.07,340.17,0,33.0,1217.2,1147.0,-3454.1,0
82.41,no friday rlcs streams :(,Orange,-3247.7,3167.61,340.17,0,33.0,1386.0,936.7,-3201.9,0
84.54,Sik.,Blue,-1365.87,2567.21,473.12,1,33.0,2272.5,1521.8,-1536.2,0
84.68,no friday rlcs streams :(,Orange,-1199.9,3406.14,366.16,0,33.0,2184.5,-127.9,-1102.2,1
88.26,Deeyko,Orange,-1673.59,2354.98,2216.95,0,33.0,2136.0,-788.3,-1544.3,1
89.65,Deeyko,Orange,-3334.25,3482.38,2290.63,0,33.0,1462.7,-1293.1,-3298.4,0
90.63,sxnityy.,Blue,-3648.25,1602.64,533.27,0,33.0,1500.8,1158.3,-3828.0,0
94.02,no friday rlcs streams :(,Orange,2476.47,851.56,744.88,1,33.0,1431.2,1413.7,2365.3,0
96.32,Sik.,Blue,4174.86,1482.84,731.3,0,33.0,1350.5,785.0,4114.8,0
96.83,Deeyko,Orange,4217.26,952.6,171.77,0,33.0,980.2,-836.9,4365.8,1
97.87,no friday rlcs streams :(,Orange,4315.75,1500.19,612.65,1,33.0,1661.2,-1269.4,4493.3,1
99.74,no friday rlcs streams :(,Orange,1067.47,1536.51,2663.55,1,33.0,2272.0,-2264.5,1194.3,1
101.7,no friday rlcs streams :(,Orange,-2890.94,1524.02,1259.25,1,33.0,1991.7,-1938.0,-2786.8,0
102.24,sxnityy.,Blue,-3971.86,3135.41,465.05,1,33.0,790.2,-428.6,-4121.6,0
102.41,no friday rlcs streams :(,Orange,-4071.61,388.04,410.4,1,33.0,2223.7,-2171.9,-4181.3,0
103.69,Sik.,Blue,-4274.21,1008.39,929.28,0,33.0,2300.0,-1618.9,-4175.6,1
105.45,Sik.,Blue,-3046.03,1685.17,1670.09,0,33.0,1235.9,1235.9,-3165.2,1
107.56,Sik.,Blue,-179.91,1186.85,2322.14,0,33.0,1814.2,1678.0,-358.8,0
128.35,Deeyko,Orange,0.0,928.78,457.96,0,33.0,2288.8,-2169.3,186.3,0
128.39,sxnityy.,Blue,1.6,1782.14,309.46,0,33.0,1854.9,898.2,-113.1,0
130.19,no friday rlcs streams :(,Orange,-2286.26,1732.12,801.51,0,33.0,2121.7,-2101.4,-2109.0,0
130.62,Sik.,Blue,-3503.96,2723.76,501.79,1,33.0,2143.0,-1248.3,-3522.7,1
133.62,Sik.,Blue,-2564.91,2606.84,171.55,1,33.0,2009.1,1982.1,-2697.8,0
136.41,Deeyko,Orange,2306.84,850.33,744.74,0,33.0,1018.8,637.5,2412.6,1
137.29,Deeyko,Orange,2808.15,1785.77,796.61,0,33.0,618.3,38.8,2902.0,0
137.83,Sik.,Blue,2918.48,1288.3,170.04,0,33.0,1265.8,1172.7,2741.5,1
139.39,Sik.,Blue,4690.73,1528.87,1123.44,0,33.0,2184.9,1917.1,4482.1,0
140.1,no friday rlcs streams :(,Orange,5024.83,1405.07,861.55,1,33.0,810.9,-0.5,5103.0,1
141.93,no friday rlcs streams :(,Orange,3353.77,1728.35,821.38,0,33.0,1640.7,-1639.9,3530.0,0
142.34,sxnityy.,Blue,2521.29,1318.96,527.93,0,33.0,677.8,-677.7,2313.7,1
144.37,sxnityy.,Blue,2730.13,3927.13,899.85,0,33.0,1880.3,1384.8,2570.9,1
145.05,sxnityy.,Blue,3636.4,6148.15,677.96,0,33.0,1861.7,1499.3,3574.0,0
147.89,Deeyko,Orange,3561.84,301.42,1195.26,0,33.0,1281.0,-949.2,3737.9,1
148.74,Deeyko,Orange,2495.75,956.29,1744.6,0,33.0,1720.7,-1637.6,2635.6,0
149.15,Sik.,Blue,1769.97,2147.16,269.64,0,33.0,1847.0,1742.7,1650.6,0
151.48,no friday rlcs streams :(,Orange,5029.28,2237.34,151.03,1,33.0,905.0,-391.5,5038.3,1
154.59,no friday rlcs streams :(,Orange,4251.58,637.35,2218.16,0,33.0,763.9,-738.5,4472.9,1
156.99,no friday rlcs streams :(,Orange,683.78,2921.89,856.85,0,33.0,1851.1,-1641.4,671.7,0
158.68,sxnityy.,Blue,-1622.61,868.05,478.01,0,33.0,2240.6,-26.3,-1693.9,1
160.56,sxnityy.,Blue,-2001.51,613.79,1829.2,0,33.0,2248.5,-28.6,-2060.3,1
162.19,Sik.,Blue,-283.31,924.79,1237.39,0,33.0,1639.0,1637.0,-383.6,0
164.55,no friday rlcs streams :(,Orange,4419.5,4474.85,2044.88,1,33.0,1755.3,126.2,4504.0,1
167.19,no friday rlcs streams :(,Orange,3277.73,5283.49,3008.94,1,33.0,1616.7,-1597.1,3405.9,1
168.01,no friday rlcs streams :(,Orange,1880.81,4278.51,1454.01,1,33.0,1793.6,-1793.3,1963.0,1
169.43,no friday rlcs streams :(,Orange,-800.61,149.47,166.57,0,33.0,2192.4,-2105.3,-693.2,0
171.42,Sik.,Blue,-4413.34,3928.13,486.04,1,33.0,1044.0,-106.7,-4633.4,0
171.52,no friday rlcs streams :(,Orange,-4432.43,1104.71,349.59,0,33.0,2163.0,-1367.3,-4337.5,0
174.6,sxnityy.,Blue,-2645.49,821.16,2485.04,0,33.0,1272.2,1123.0,-2780.1,1
176.6,sxnityy.,Blue,-487.27,2022.04,1695.57,0,33.0,1685.6,1557.9,-652.0,1
177.82,sxnityy.,Blue,1616.36,1337.57,895.29,0,33.0,2270.2,2100.4,1452.4,0
178.5,no friday rlcs streams :(,Orange,2837.21,317.22,228.58,0,33.0,1255.1,1253.4,2891.5,1
182.12,no friday rlcs streams :(,Orange,4420.77,2613.14,2982.37,1,33.0,332.1,-302.5,4651.4,0
183.23,Sik.,Blue,3976.93,3600.97,311.71,0,33.0,2300.0,1700.7,3799.9,0
183.54,Deeyko,Orange,4517.88,860.72,418.81,1,33.0,1188.3,981.3,4443.1,0
185.8,sxnityy.,Blue,2785.04,2745.7,273.22,0,33.0,2281.7,403.1,2672.3,1
187.91,sxnityy.,Blue,4024.15,2580.22,1181.22,0,33.0,1092.3,803.2,3865.1,0
190.04,Deeyko,Orange,4500.33,616.94,567.55,0,33.0,1368.1,-432.6,4699.7,1
192.5,Deeyko,Orange,3752.84,2035.02,1360.59,0,33.0,813.6,-711.2,3779.7,0
193.89,Sik.,Blue,3390.22,3239.37,317.61,0,33.0,1560.6,1273.9,3243.2,1
195.08,Sik.,Blue,4635.5,2582.85,1076.16,0,33.0,1395.6,1345.9,4735.9,1
197.04,sxnityy.,Blue,4212.65,1375.87,647.36,0,33.0,1990.5,1382.4,4103.4,1
212.0,Sik.,Blue,0.0,1415.43,355.17,0,33.0,2261.4,1776.9,-161.9,0
212.0,no friday rlcs streams :(,Orange,0.0,901.3,355.17,0,33.0,2287.3,-1928.3,193.1,1
213.18,Deeyko,Orange,1209.56,2290.53,792.4,1,33.0,2283.9,-2127.4,1398.1,0
214.47,sxnityy.,Blue,-2415.57,1286.69,813.36,0,33.0,881.4,-846.1,-2534.8,1
217.71,Sik.,Blue,-1676.13,900.53,774.71,0,33.0,1359.3,1045.3,-1785.1,1
220.12,sxnityy.,Blue,2933.89,528.06,514.13,0,33.0,2273.4,2240.5,2836.8,1
220.93,Sik.,Blue,4331.03,608.76,393.8,0,33.0,2127.5,2118.9,4089.8,0
221.0,no friday rlcs streams :(,Orange,4429.06,525.04,418.29,1,33.0,183.5,-0.2,4666.5,0
223.0,sxnityy.,Blue,4485.63,1831.16,1016.23,0,33.0,220.2,-219.3,4570.6,0
225.54,Deeyko,Orange,4572.41,3117.11,367.76,0,33.0,1157.0,-853.8,4720.4,0
225.71,sxnityy.,Blue,4423.39,3733.08,241.05,0,33.0,1458.8,-199.8,4343.2,1
226.99,Sik.,Blue,3212.48,942.08,560.39,0,33.0,1888.6,1858.7,2997.7,1
228.72,Sik.,Blue,3951.23,1979.49,918.72,0,33.0,765.7,761.0,3860.7,0
230.44,no friday rlcs streams :(,Orange,4427.12,4653.47,2902.28,1,33.0,2267.8,-374.1,4553.5,1
231.35,no friday rlcs streams :(,Orange,3610.07,4644.28,3026.9,1,33.0,1453.9,-1430.8,3732.1,1
232.13,no friday rlcs streams :(,Orange,2423.0,3408.56,2917.51,1,33.0,1974.1,-1919.6,2495.5,1
233.48,no friday rlcs streams :(,Orange,67.72,970.58,1420.82,0,33.0,1609.7,-1587.5,67.4,1
234.84,no friday rlcs streams :(,Orange,-2407.14,1215.77,976.59,0,33.0,1939.2,-1932.1,-2294.0,0
235.89,sxnityy.,Blue,-4414.29,1514.02,373.3,1,33.0,1111.7,-1111.7,-4476.2,1
238.11,Sik.,Blue,-3994.13,437.97,1100.37,0,33.0,1883.1,1341.6,-4077.6,1
238.93,Sik.,Blue,-2514.95,1156.39,733.11,0,33.0,1879.0,1879.0,-2581.0,1
241.09,Sik.,Blue,1436.9,3341.41,709.57,0,33.0,2247.1,1936.5,1329.4,0
242.68,Deeyko,Orange,5005.22,772.7,751.47,1,33.0,1081.2,-0.3,5103.0,0
242.82,Sik.,Blue,4642.73,2734.97,589.55,0,33.0,2272.1,1704.1,4509.5,1
245.69,sxnityy.,Blue,-1946.81,1481.67,873.96,0,33.0,2284.2,-470.1,-2067.3,0
247.72,no friday rlcs streams :(,Orange,-561.65,2331.02,1866.58,0,33.0,381.1,-144.3,-483.9,0
249.51,sxnityy.,Blue,-2172.17,798.14,1119.22,0,33.0,1519.7,-786.4,-2095.3,1
253.41,Sik.,Blue,-3032.85,512.85,1143.27,0,33.0,1817.0,1281.6,-3099.4,1
255.18,sxnityy.,Blue,-284.25,241.58,653.47,0,33.0,2199.6,2129.4,-440.2,0
257.24,Deeyko,Orange,3677.76,1293.82,461.61,0,33.0,1573.6,383.1,3839.8,1
260.96,Deeyko,Orange,2459.77,1779.49,1508.21,1,33.0,1151.0,-1151.0,2606.0,1
262.69,Deeyko,Orange,414.74,1965.94,2593.29,0,33.0,1938.1,-1631.2,502.2,1
264.01,Deeyko,Orange,-1856.15,804.48,501.72,0,33.0,2225.0,-1703.1,-1687.4,0
264.39,Sik.,Blue,-2521.88,1378.15,442.93,0,33.0,1276.1,-53.8,-2673.4,1
266.05,sxnityy.,Blue,-4728.22,2739.52,1651.8,1,33.0,343.8,88.3,-4939.4,0
267.39,no friday rlcs streams :(,Orange,-4445.53,1537.93,691.23,0,33.0,1943.5,-1434.0,-4327.0,0
270.31,sxnityy.,Blue,-4683.48,2177.61,357.26,1,33.0,986.9,135.8,-4762.2,0
270.51,no friday rlcs streams :(,Orange,-4628.33,1701.11,181.46,0,33.0,1926.4,96.4,-4571.5,1
274.08,no friday rlcs streams :(,Orange,-3516.67,1162.07,1091.86,0,33.0,1151.3,-864.7,-3361.9,0
275.5,Sik.,Blue,-4960.01,830.49,1212.92,1,33.0,993.4,0.3,-5103.0,1
277.26,Sik.,Blue,-4169.26,849.02,1021.57,1,33.0,1915.0,1277.9,-4302.2,0
280.93,Deeyko,Orange,2968.08,3550.54,485.51,0,33.0,2113.7,1038.4,3069.5,0
282.25,Sik.,Blue,3610.8,2958.0,434.0,0,33.0,2216.3,398.7,3455.1,0
282.25,no friday rlcs streams :(,Orange,3610.8,986.24,434.0,0,33.0,909.1,-637.5,3829.0,1
283.0,Deeyko,Orange,3938.37,1456.39,779.79,1,33.0,1862.1,-1579.7,4127.0,1
284.82,Deeyko,Orange,1317.12,2279.77,1194.62,0,33.0,1667.2,-1550.7,1389.5,0
285.99,sxnityy.,Blue,-1244.82,1878.26,736.44,0,33.0,1991.8,-841.6,-1393.0,0
286.95,no friday rlcs streams :(,Orange,-1839.63,1005.51,396.53,0,33.0,1693.6,-1691.2,-1677.5,0
289.05,Sik.,Blue,-4093.19,183.4,918.85,1,33.0,1443.2,-275.8,-4072.6,1
289.05,sxnityy.,Blue,-4093.19,183.4,749.87,0,33.0,1092.1,-250.2,-3894.5,1
291.66,Sik.,Blue,-1144.53,1988.66,925.93,0,33.0,2256.4,2088.7,-1323.7,0
293.16,Deeyko,Orange,1694.72,986.24,316.21,0,33.0,1906.8,380.5,1738.8,0
293.19,Sik.,Blue,1722.09,3503.2,272.95,0,33.0,2290.6,1222.3,1534.6,0
296.32,no friday rlcs streams :(,Orange,3303.04,1920.97,1302.14,0,33.0,1825.9,-1309.0,3456.5,1
297.71,no friday rlcs streams :(,Orange,1866.89,3429.36,2371.59,0,33.0,1309.1,-1266.2,1983.3,1
299.92,no friday rlcs streams :(,Orange,-1276.97,1212.93,1358.42,0,33.0,1824.8,-1617.3,-1172.7,0
300.66,sxnityy.,Blue,-2384.98,1744.29,326.93,0,33.0,369.7,119.4,-2582.8,0
302.05,Deeyko,Orange,-722.36,776.71,1163.85,0,33.0,2285.8,-2087.6,-618.2,1
304.26,Deeyko,Orange,1410.58,1463.3,1216.9,1,33.0,1193.7,-1193.3,1572.9,1
306.42,Deeyko,Orange,-1030.07,326.43,1325.61,0,33.0,1316.5,-1312.9,-911.6,0
307.17,sxnityy.,Blue,-1863.56,2159.24,381.6,0,33.0,559.1,301.0,-2042.4,0
308.66,no friday rlcs streams :(,Orange,-2785.88,603.47,1308.43,0,33.0,2287.6,-2269.9,-2551.8,0
309.55,Sik.,Blue,-5067.86,3423.47,761.07,1,33.0,2296.1,-39.6,-5100.2,0
312.3,Deeyko,Orange,-2224.75,1574.54,1627.56,0,33.0,1983.6,793.5,-2164.6,0
314.0,sxnityy.,Blue,-1344.03,3375.2,627.83,0,33.0,2132.2,-2130.3,-1317.5,0
315.05,Deeyko,Orange,-878.48,701.59,677.71,0,33.0,856.7,-139.2,-714.5,0
317.77,Sik.,Blue,-3378.63,1736.07,1313.12,0,33.0,1238.6,820.0,-3498.6,1
320.21,Sik.,Blue,-675.69,1848.81,1942.88,0,33.0,2293.4,1817.2,-846.7,0
322.41,Deeyko,Orange,4876.88,1053.63,2055.33,1,33.0,445.0,-135.8,5020.8,0
323.84,sxnityy.,Blue,1956.72,1344.59,1853.02,0,33.0,624.8,291.1,1756.0,1
329.15,sxnityy.,Blue,-4056.44,1827.5,884.74,0,33.0,1973.6,84.9,-4095.3,1
330.92,Sik.,Blue,-4257.68,1832.14,1945.03,1,33.0,1514.4,472.8,-4303.4,1
332.58,sxnityy.,Blue,-2180.84,523.03,63.89,0,33.0,1481.3,670.8,-2172.2,0
332.62,no friday rlcs streams :(,Orange,-2172.31,1948.79,187.96,0,33.0,1880.5,694.7,-2056.6,1
334.66,no friday rlcs streams :(,Orange,-3218.76,367.09,1814.43,0,33.0,2298.4,-2166.3,-3314.4,1
334.73,Deeyko,Orange,-3382.54,133.96,1812.12,0,33.0,2155.5,-1953.0,-3180.4,0
335.3,Sik.,Blue,-4997.47,3461.34,817.46,1,33.0,2281.7,-657.2,-4998.4,1
336.95,sxnityy.,Blue,-3283.44,1165.8,140.48,0,33.0,1874.9,-1672.3,-3235.9,1
339.94,sxnityy.,Blue,-3620.31,813.37,244.11,0,33.0,2020.5,1998.1,-3806.0,0
343.13,no friday rlcs streams :(,Orange,5027.27,4988.47,2563.3,1,33.0,1854.9,-8.4,5103.4,0
344.46,Sik.,Blue,1740.64,2907.61,2436.4,0,33.0,1235.7,1225.5,1543.3,0
346.9,no friday rlcs streams :(,Orange,4433.52,4411.35,1430.78,1,33.0,2299.2,167.9,4547.4,0
10.67,GarrettG,Blue,3.96,1829.4,467.31,0,33.0,2273.4,1905.3,-184.5,0
10.71,pan.,Orange,0.55,1761.04,351.68,0,33.0,885.0,-103.8,153.9,1
11.54,Tool,Orange,-100.7,331.41,590.02,0,33.0,2262.3,-1899.6,90.4,0
13.44,Taha (RLCS PRO BLUE TAG),Blue,1347.02,5823.1,755.81,0,33.0,1350.4,1254.9,1227.1,0
13.67,pan.,Orange,1654.86,1624.69,689.51,1,33.0,1051.7,830.3,1563.1,0
17.14,GarrettG,Blue,3923.07,6073.06,2411.77,1,33.0,417.6,394.4,3849.8,1
17.97,GarrettG,Blue,3555.99,5264.61,1268.27,0,33.0,1049.6,-643.7,3565.3,0
18.41,Tool,Orange,3372.64,3824.76,277.66,0,33.0,2101.0,-1847.2,3478.0,1
21.11,pan.,Orange,1839.47,3551.68,1661.62,0,33.0,1240.7,-1237.6,1964.1,1
22.24,pan.,Orange,181.59,2933.88,2942.95,0,33.0,1649.4,-1648.8,319.1,1
27.86,Tool,Orange,-5212.13,4529.26,4813.45,0,33.0,2131.6,1051.5,-5028.2,1
34.44,Tool,Orange,62.09,1164.37,360.04,0,33.0,2112.9,-2032.6,222.5,0
34.44,Taha (RLCS PRO BLUE TAG),Blue,62.09,787.23,360.04,0,33.0,1992.7,1517.8,-123.5,0
39.74,pan.,Orange,4481.8,6120.91,2125.12,1,33.0,898.2,-635.2,4678.7,1
40.87,pan.,Orange,3822.8,4345.9,1367.12,0,33.0,1236.8,-982.5,3931.4,1
41.74,pan.,Orange,2732.62,2735.51,588.29,0,33.0,1797.6,-1570.9,2835.7,0
42.11,GarrettG,Blue,2151.31,2314.08,173.58,0,33.0,1493.8,-509.2,2136.0,0
43.84,pan.,Orange,-656.51,769.8,806.66,0,33.0,1666.1,-1594.9,-549.8,0
45.74,Taha (RLCS PRO BLUE TAG),Blue,-4345.42,3108.93,256.65,1,33.0,264.9,-76.0,-4435.3,0
55.64,Tool,Orange,0.0,1051.13,476.02,0,33.0,2284.5,-2108.2,169.8,0
55.67,Taha (RLCS PRO BLUE TAG),Blue,-7.1,815.0,326.68,0,33.0,492.7,336.7,-175.9,1
56.94,GarrettG,Blue,524.17,331.07,510.24,0,33.0,1401.8,1392.1,298.8,1
58.0,GarrettG,Blue,2289.47,547.01,1099.33,0,33.0,1998.9,1997.2,2158.5,0
68.41,pan.,Orange,0.0,1400.59,564.53,0,33.0,2259.6,-1864.4,210.3,0
68.45,GarrettG,Blue,-4.01,854.56,324.12,0,33.0,500.6,-115.6,-156.1,0
69.18,Tool,Orange,151.85,440.9,732.0,0,33.0,2279.4,-2268.4,346.7,0
69.31,Taha (RLCS PRO BLUE TAG),Blue,-110.65,603.29,409.36,0,33.0,1845.2,1691.7,-247.1,0
69.48,pan.,Orange,175.45,732.44,599.04,0,33.0,705.5,-12.4,163.4,0
73.41,Taha (RLCS PRO BLUE TAG),Blue,4630.12,2830.89,550.81,0,33.0,1068.7,361.1,4727.6,0
74.88,Tool,Orange,4367.79,464.9,263.79,0,33.0,2070.5,1100.2,4353.2,1
76.21,Tool,Orange,3192.94,539.22,262.97,0,33.0,2090.4,-2004.2,3239.6,1
77.24,Tool,Orange,1884.54,1147.38,334.11,0,33.0,1588.2,-1509.8,1955.6,1
79.81,Tool,Orange,-2338.92,481.55,2361.52,0,33.0,2145.5,-2144.2,-2175.9,0
81.01,GarrettG,Blue,-4424.14,2393.18,419.34,1,33.0,1741.5,430.5,-4551.4,0
81.38,Tool,Orange,-4202.51,1419.17,449.14,0,33.0,1962.5,-535.3,-4086.8,0
81.71,GarrettG,Blue,-3977.91,915.39,814.95,0,33.0,1282.3,-326.7,-3956.7,0
83.31,Tool,Orange,-3156.28,1427.15,306.56,0,33.0,784.2,580.6,-3177.3,0
86.54,Taha (RLCS PRO BLUE TAG),Blue,-1505.12,2184.55,1373.74,0,33.0,2255.6,1759.1,-1628.0,0
88.98,pan.,Orange,1589.35,2070.43,1483.63,0,33.0,1444.3,-1308.7,1802.2,1
90.31,pan.,Orange,-254.9,3672.26,456.39,0,33.0,1612.5,-1533.0,-190.5,1
93.04,pan.,Orange,-4329.26,1007.51,1052.27,0,33.0,1389.0,-1326.9,-4175.2,1
107.88,Tool,Orange,0.0,1781.42,446.69,0,33.0,2283.2,-1849.2,155.9,0
107.92,Taha (RLCS PRO BLUE TAG),Blue,-39.66,959.37,446.69,0,33.0,2284.1,1623.8,-261.1,1
108.62,GarrettG,Blue,-535.72,1278.41,379.55,0,33.0,2054.1,998.1,-441.7,0
110.98,Tool,Orange,-4612.77,920.04,526.1,0,33.0,2238.9,1015.7,-4686.3,0
120.38,GarrettG,Blue,0.0,511.46,476.61,0,33.0,2262.5,1901.4,-176.2,0
120.41,pan.,Orange,10.03,987.03,346.96,0,33.0,909.9,-462.8,143.4,0
121.35,Taha (RLCS PRO BLUE TAG),Blue,-127.02,637.22,558.15,0,33.0,2284.3,1711.4,-363.1,0
121.45,Tool,Orange,-69.04,296.33,288.81,0,33.0,2226.6,-1395.8,73.8,1
124.41,pan.,Orange,-1649.26,1646.42,423.09,0,33.0,1226.9,-1122.0,-1563.4,0
126.01,GarrettG,Blue,-3505.53,2028.25,469.73,0,33.0,1511.8,1506.6,-3694.5,0
126.08,pan.,Orange,-3405.09,1455.96,378.09,0,33.0,1074.9,-1064.5,-3238.4,1
127.18,Tool,Orange,-1224.54,2198.06,1057.02,0,33.0,1152.9,-460.4,-1022.6,0
127.45,GarrettG,Blue,-1371.44,953.77,511.65,0,33.0,1554.5,1519.1,-1564.7,0
131.01,Tool,Orange,4310.02,1650.57,788.27,1,33.0,1965.3,797.0,4279.0,1
133.84,Tool,Orange,2301.74,1322.0,257.64,0,33.0,2201.3,-2165.5,2496.2,0
133.98,Taha (RLCS PRO BLUE TAG),Blue,1921.13,388.16,91.28,0,33.0,2281.4,2097.1,2099.7,1
138.24,GarrettG,Blue,-3585.01,1864.33,482.06,0,33.0,1656.2,1559.2,-3741.5,0
138.28,pan.,Orange,-3619.79,1441.14,291.7,0,33.0,1765.0,-1764.5,-3449.9,0
141.54,GarrettG,Blue,-3325.75,1060.16,1511.1,0,33.0,1968.9,1300.6,-3456.1,0
142.11,Tool,Orange,-1578.77,627.44,878.65,0,33.0,1287.3,1287.3,-1462.2,1
145.64,pan.,Orange,4863.21,229.7,1306.6,1,33.0,1859.5,-338.7,5075.3,1
145.68,Tool,Orange,4881.65,229.7,1142.23,0,33.0,1313.9,1018.5,4937.8,0
146.61,GarrettG,Blue,4551.3,1250.99,488.63,0,33.0,1623.2,1241.2,4378.2,1
162.53,Taha (RLCS PRO BLUE TAG),Blue,0.0,512.66,593.16,0,33.0,2264.2,1902.4,-189.6,0
162.56,Tool,Orange,39.12,964.8,363.04,0,33.0,2284.9,-1951.6,166.8,0
163.39,GarrettG,Blue,-114.19,477.69,584.07,0,33.0,1774.1,1585.5,-316.0,0
163.49,pan.,Orange,-44.17,623.05,294.13,0,33.0,1344.5,-1189.7,108.3,1
167.93,pan.,Orange,-312.19,609.91,1120.7,0,33.0,2215.4,-851.0,-237.4,1
169.06,pan.,Orange,-1239.92,611.24,520.03,0,33.0,1730.2,-867.2,-1201.7,0
170.19,Taha (RLCS PRO BLUE TAG),Blue,-2064.63,1224.64,878.21,0,33.0,1691.6,723.1,-2247.1,0
170.49,Tool,Orange,-1930.48,1592.03,134.29,0,33.0,2178.5,-1534.5,-1897.5,0
171.76,Taha (RLCS PRO BLUE TAG),Blue,-1095.08,500.83,1017.57,0,33.0,1292.9,702.7,-1114.3,1
172.09,GarrettG,Blue,-882.22,114.98,1113.81,0,33.0,1626.9,1560.9,-979.6,1
175.49,GarrettG,Blue,3469.61,93.66,1871.99,0,33.0,2028.5,1542.7,3363.1,1
189.85,Taha (RLCS PRO BLUE TAG),Blue,-16.98,482.27,447.37,0,33.0,966.2,955.8,-177.0,0
189.88,Tool,Orange,-25.72,985.45,322.01,0,33.0,381.3,-82.7,143.0,0
190.08,GarrettG,Blue,39.93,464.82,489.49,0,33.0,1819.4,1803.0,7.6,1
191.12,GarrettG,Blue,385.07,902.53,542.97,0,33.0,2258.4,1817.8,208.1,0
192.25,pan.,Orange,2023.28,1769.18,971.32,0,33.0,1700.4,1670.2,1879.0,0
193.82,GarrettG,Blue,4546.58,486.77,441.63,0,33.0,1369.6,491.8,4382.9,1
195.42,GarrettG,Blue,4508.05,1174.67,549.21,0,33.0,800.9,-693.2,4571.8,0
198.48,pan.,Orange,4750.35,2337.43,205.75,1,33.0,458.3,261.5,4783.6,1
199.78,Tool,Orange,4036.08,1088.96,377.21,0,33.0,1541.4,46.9,4076.6,0
202.28,Taha (RLCS PRO BLUE TAG),Blue,1181.6,640.05,169.52,0,33.0,1735.9,-935.3,1153.8,1
205.28,GarrettG,Blue,-410.3,877.43,1400.91,0,33.0,1228.2,968.5,-576.3,1
206.15,GarrettG,Blue,823.19,693.83,454.25,0,33.0,1714.3,1714.2,704.3,0
208.28,Tool,Orange,4722.4,2191.62,361.43,1,33.0,1222.0,892.2,4748.3,1
211.21,Tool,Orange,2887.57,1225.24,1080.95,0,33.0,1595.4,-1444.3,3012.0,1
212.18,Tool,Orange,1092.34,1894.12,1029.79,0,33.0,2173.4,-2162.8,1163.2,0
213.95,GarrettG,Blue,-2967.98,2145.17,1152.94,1,33.0,2241.2,-1511.8,-2969.4,1
216.44,Taha (RLCS PRO BLUE TAG),Blue,-2761.36,1053.53,473.22,0,33.0,2188.0,-949.7,-2645.9,0
216.54,pan.,Orange,-2641.79,1495.33,365.59,0,33.0,943.5,829.5,-2481.0,1
217.88,pan.,Orange,-1773.93,411.64,311.33,0,33.0,1315.8,-1002.1,-1546.2,0
217.94,GarrettG,Blue,-1730.18,1058.83,72.63,0,33.0,1576.2,1473.7,-1906.1,0
220.74,Tool,Orange,1815.2,1879.23,1444.35,0,33.0,658.7,-643.3,1980.4,1
222.71,Tool,Orange,111.73,626.86,719.89,0,33.0,1535.1,-1436.6,262.4,1
226.21,pan.,Orange,-3984.47,1016.09,988.05,0,33.0,1551.8,-1093.4,-3939.2,0
226.58,GarrettG,Blue,-4464.03,3480.45,452.02,1,33.0,1061.6,909.3,-4665.5,0
228.21,pan.,Orange,-1952.68,758.25,619.61,0,33.0,2281.7,2238.2,-2153.3,0
231.44,GarrettG,Blue,4608.11,790.63,529.46,0,33.0,2175.3,1529.8,4544.5,0
231.84,pan.,Orange,4848.97,935.68,230.14,0,33.0,441.4,-419.5,5063.5,0
236.17,Taha (RLCS PRO BLUE TAG),Blue,461.73,542.86,329.87,0,33.0,542.0,386.4,363.7,1
237.44,Taha (RLCS PRO BLUE TAG),Blue,912.32,670.64,341.91,0,33.0,1256.4,393.5,853.9,0
239.47,Tool,Orange,2031.48,1241.07,370.9,0,33.0,1471.9,-1048.1,2216.2,0
241.27,GarrettG,Blue,1612.9,1187.81,1007.23,0,33.0,792.9,333.9,1411.3,0
242.97,pan.,Orange,2623.33,1222.19,392.71,0,33.0,280.7,77.2,2767.1,1
247.1,pan.,Orange,3875.66,357.88,1909.36,0,33.0,1529.2,-446.7,3945.2,1
247.14,Tool,Orange,3846.46,357.88,1588.8,0,33.0,2263.1,1905.5,3701.2,0
249.34,GarrettG,Blue,226.19,105.96,251.6,0,33.0,2243.6,176.1,135.4,1
249.34,Taha (RLCS PRO BLUE TAG),Blue,226.19,105.96,355.72,0,33.0,2272.2,1915.3,29.8,0
252.97,Tool,Orange,4481.61,650.3,793.62,0,33.0,63.0,-44.6,4521.3,0
254.24,GarrettG,Blue,3804.02,1140.08,412.44,0,33.0,1827.8,1803.8,3612.7,1
256.1,Taha (RLCS PRO BLUE TAG),Blue,1233.12,1845.48,1941.98,0,33.0,1736.5,99.7,1098.2,0
259.4,pan.,Orange,5023.32,121.51,1628.51,1,33.0,719.4,-5.4,5103.2,0
261.33,Taha (RLCS PRO BLUE TAG),Blue,3099.14,1009.43,696.75,0,33.0,954.9,-314.8,2987.2,1
263.93,Taha (RLCS PRO BLUE TAG),Blue,4044.16,903.97,882.16,0,33.0,1286.6,1194.2,3921.1,0
265.07,Tool,Orange,4936.92,1002.13,480.44,1,33.0,606.8,-88.3,4988.0,0
265.17,Taha (RLCS PRO BLUE TAG),Blue,4888.83,881.31,374.49,0,33.0,603.0,-141.3,4907.3,0
266.3,pan.,Orange,4122.64,1383.58,466.73,0,33.0,2294.2,-283.6,4090.4,1
267.5,Tool,Orange,3748.67,936.44,1588.8,0,33.0,2263.1,1905.5,3701.2,1
268.67,pan.,Orange,3430.79,1768.28,840.55,0,33.0,2291.4,-138.8,3459.7,0
269.67,GarrettG,Blue,415.31,1745.4,375.17,0,33.0,2296.9,-2181.4,310.4,1
272.93,Taha (RLCS PRO BLUE TAG),Blue,-3016.94,1300.09,806.43,0,33.0,2177.4,2141.1,-3192.9,0
275.47,pan.,Orange,3316.67,925.75,1399.84,0,33.0,1278.3,1260.7,3393.2,1
277.4,pan.,Orange,4920.66,1587.27,1170.66,1,33.0,774.3,-230.9,5062.3,0
278.03,Taha (RLCS PRO BLUE TAG),Blue,4688.49,3301.2,488.61,0,33.0,1057.3,747.6,4598.3,0
279.06,Tool,Orange,4578.96,852.5,1087.58,1,33.0,1942.1,191.8,4514.2,0
279.3,Taha (RLCS PRO BLUE TAG),Blue,4992.93,2894.47,576.08,0,33.0,1450.0,-301.8,5100.8,0
280.53,Tool,Orange,3683.39,742.07,2233.14,0,33.0,1743.5,-1692.7,3800.5,1
283.2,Tool,Orange,-1610.7,360.04,512.28,0,33.0,2275.1,-1488.0,-1436.0,0
285.03,Taha (RLCS PRO BLUE TAG),Blue,-3961.85,1116.16,1741.47,0,33.0,1675.2,-100.1,-4109.6,1
286.3,Taha (RLCS PRO BLUE TAG),Blue,-3323.32,2030.03,1762.73,0,33.0,1672.6,1672.6,-3478.0,1
288.13,Taha (RLCS PRO BLUE TAG),Blue,-853.26,1609.11,725.3,0,33.0,2039.7,1404.8,-935.2,0
289.66,Tool,Orange,1387.01,435.8,205.78,0,33.0,2095.6,-1165.9,1556.8,0
292.99,GarrettG,Blue,-1692.78,1703.55,1508.58,0,33.0,2093.6,727.7,-1804.0,0
294.86,pan.,Orange,-7.19,470.97,240.07,0,33.0,1970.0,-507.2,113.4,0
296.49,Taha (RLCS PRO BLUE TAG),Blue,-2107.34,303.38,1090.28,1,33.0,636.1,84.4,-2199.8,1
299.43,GarrettG,Blue,7.09,1361.24,714.69,0,33.0,966.6,913.7,-120.2,0
300.83,Tool,Orange,1981.4,1639.06,246.28,0,33.0,1154.7,-553.8,1965.2,1
302.73,pan.,Orange,4824.74,2240.36,526.59,1,33.0,693.1,-682.8,5012.6,0
302.79,GarrettG,Blue,4783.96,1342.79,418.38,0,33.0,1141.2,1120.7,4613.7,1
305.59,Taha (RLCS PRO BLUE TAG),Blue,1756.08,2151.42,792.44,0,33.0,2294.1,603.4,1580.0,0
307.36,Tool,Orange,3471.68,752.66,506.0,0,33.0,1414.8,-1357.4,3612.7,1
309.46,Tool,Orange,486.77,1177.47,207.4,0,33.0,2021.5,-1905.1,512.1,0
309.49,GarrettG,Blue,436.79,402.01,173.9,0,33.0,781.5,747.7,313.0,0
311.99,pan.,Orange,-187.66,1278.28,321.26,0,33.0,1813.8,-1515.9,-28.9,0
312.16,GarrettG,Blue,-454.73,824.64,422.19,0,33.0,2019.8,-961.8,-528.4,0
313.52,Tool,Orange,-1287.02,1247.51,1416.01,0,33.0,2287.8,1534.2,-1404.2,1
315.09,pan.,Orange,-282.35,796.63,619.74,0,33.0,729.0,-698.3,-233.4,1
317.06,pan.,Orange,-574.92,1503.41,1131.26,0,33.0,1571.0,-197.1,-530.9,1
318.26,pan.,Orange,-1109.27,749.09,882.14,0,33.0,2213.3,-699.9,-986.0,1
319.79,pan.,Orange,-2253.42,447.98,290.1,0,33.0,2223.4,-849.6,-2191.3,1
320.85,Tool,Orange,-2852.16,1521.85,1384.28,0,33.0,2283.9,-2268.5,-2672.2,1
321.52,Tool,Orange,-4859.42,970.36,1074.36,0,33.0,1788.2,767.9,-4940.7,0
322.39,Taha (RLCS PRO BLUE TAG),Blue,-3632.7,2193.0,674.21,0,33.0,1393.9,984.7,-3669.1,0
322.65,pan.,Orange,-3205.84,1708.84,156.27,0,33.0,2026.5,-600.0,-3233.0,0
325.35,GarrettG,Blue,916.75,796.56,1312.08,0,33.0,2284.5,2244.5,802.8,1
337.37,GarrettG,Blue,0.0,383.45,925.49,0,33.0,2267.1,1847.0,-167.9,0
337.61,Tool,Orange,621.34,339.14,692.76,0,33.0,2284.5,-2204.7,820.3,1
338.74,pan.,Orange,3662.36,621.44,1644.57,0,33.0,1064.1,-552.5,3838.0,1
341.17,pan.,Orange,308.73,742.98,432.44,0,33.0,2035.6,-1918.3,451.6,1
343.04,pan.,Orange,-2545.38,1257.39,1751.49,0,33.0,2275.1,-2272.3,-2389.2,1
344.1,pan.,Orange,-4849.74,523.13,219.17,0,33.0,2227.1,-2221.1,-4663.2,0
344.1,Taha (RLCS PRO BLUE TAG),Blue,-4849.74,505.13,219.17,0,33.0,1163.7,-583.4,-4848.2,1
345.9,GarrettG,Blue,-3116.12,1911.47,1626.69,0,33.0,2293.2,1775.3,-3319.7,0
347.4,Tool,Orange,-190.42,1065.95,607.6,0,33.0,360.5,327.4,-10.7,1
349.9,Tool,Orange,552.65,1461.02,1876.46,0,33.0,1032.2,-394.2,713.6,1
351.14,Tool,Orange,-240.5,631.96,1127.4,0,33.0,1253.0,-793.3,-62.0,1
352.4,Tool,Orange,-1570.99,1164.61,737.26,0,33.0,1816.5,-1778.4,-1361.1,0
353.5,Taha (RLCS PRO BLUE TAG),Blue,-4083.35,1049.1,657.3,1,33.0,1302.7,-1246.8,-4143.1,0
355.83,pan.,Orange,-3680.75,1314.37,1510.6,0,33.0,454.4,-441.1,-3480.9,0
357.27,GarrettG,Blue,-4369.98,595.19,243.94,0,33.0,1790.6,1167.1,-4503.8,1
358.03,GarrettG,Blue,-3316.18,1422.57,1445.09,0,33.0,1969.4,1488.3,-3405.5,0
359.63,Tool,Orange,-1425.25,913.66,201.54,0,33.0,1038.4,-956.9,-1217.4,1
362.97,Tool,Orange,-4077.53,833.0,800.84,0,33.0,2296.3,-1953.5,-3893.2,1
372.95,Tool,Orange,0.0,885.58,485.5,0,33.0,2286.2,-1908.8,243.0,0
373.02,Taha (RLCS PRO BLUE TAG),Blue,-4.41,398.57,436.17,0,33.0,2277.2,2042.5,-186.4,0
374.32,pan.,Orange,1742.4,971.57,309.03,0,33.0,2104.6,-979.4,1881.2,1
378.19,Tool,Orange,-2133.51,950.99,322.73,0,33.0,2282.4,-1016.6,-1981.1,0
378.19,GarrettG,Blue,-2133.51,1738.88,322.73,0,33.0,807.5,807.4,-2290.0,1
380.69,Taha (RLCS PRO BLUE TAG),Blue,-4090.03,2093.01,705.14,0,33.0,1798.8,714.6,-4222.9,0
382.42,pan.,Orange,-457.84,253.39,536.17,0,33.0,1695.4,-197.5,-463.9,0
384.92,Taha (RLCS PRO BLUE TAG),Blue,1420.59,575.73,508.41,0,33.0,2270.7,1999.4,1239.2,0
385.02,Tool,Orange,1641.52,939.36,224.36,0,33.0,1939.2,397.0,1622.9,1
388.05,pan.,Orange,4797.82,1612.45,1030.08,1,33.0,2143.0,2084.0,4592.5,0
388.78,GarrettG,Blue,4165.91,563.17,823.08,0,33.0,1186.3,543.7,3998.6,1
391.52,GarrettG,Blue,3570.73,1204.28,1071.51,0,33.0,1953.9,-954.7,3516.8,0
393.02,Tool,Orange,3504.3,617.51,1075.28,0,33.0,1383.7,-927.4,3573.2,0
397.15,GarrettG,Blue,-3244.5,2332.95,1364.11,0,33.0,1831.7,1632.0,-3380.8,0
399.48,Tool,Orange,-561.35,754.57,310.64,0,33.0,2294.3,-2111.2,-355.1,0
401.91,GarrettG,Blue,2851.87,1907.24,752.6,0,33.0,2283.1,1884.0,2737.3,0
406.65,Tool,Orange,4613.1,373.52,403.34,0,33.0,953.5,731.0,4407.6,0
409.25,Taha (RLCS PRO BLUE TAG),Blue,4699.03,778.95,660.98,0,33.0,871.1,109.3,4752.9,0
409.88,pan.,Orange,4616.88,1550.47,378.12,1,33.0,1076.5,271.7,4615.7,0
413.58,Taha (RLCS PRO BLUE TAG),Blue,2247.99,1677.19,388.41,0,33.0,1649.7,-1415.4,2343.0,0
413.98,pan.,Orange,2125.35,1119.05,622.5,0,33.0,1661.1,-524.3,2252.5,1
416.24,pan.,Orange,-948.98,1706.98,1059.12,0,33.0,2063.2,-2063.0,-803.3,0
10.36,ceeebzz,Blue,-15.68,1936.29,477.75,0,33.0,2229.6,1706.7,-163.2,0
10.4,Buffy ._.,Orange,0.39,1448.09,318.13,0,33.0,1245.7,35.2,138.2,1
11.1,dry,Orange,-70.39,443.07,782.39,0,33.0,2283.5,-2095.3,134.6,0
11.23,Taha (RLCS PRO BLUE TAG),Blue,-292.65,1062.42,481.12,1,33.0,2292.7,2128.3,-472.4,1
15.43,Taha (RLCS PRO BLUE TAG),Blue,4000.6,7143.16,135.02,0,33.0,476.3,-164.7,4104.7,0
15.53,Buffy ._.,Orange,4009.81,242.57,179.19,0,33.0,1284.1,-1109.3,4118.6,0
18.26,Taha (RLCS PRO BLUE TAG),Blue,1634.22,1362.19,1340.59,0,33.0,2085.6,-1525.8,1692.2,1
20.1,ceeebzz,Blue,212.9,1689.38,400.4,0,33.0,1302.0,727.8,74.6,0
20.16,dry,Orange,201.99,2334.45,216.91,0,33.0,2054.3,-1297.7,330.0,1
22.8,Buffy ._.,Orange,1016.5,841.85,1094.08,1,33.0,1352.8,575.4,1020.3,1
24.9,Buffy ._.,Orange,993.37,2609.48,1213.96,0,33.0,942.5,-942.5,1157.5,0
26.73,ceeebzz,Blue,-943.27,3034.64,550.03,0,33.0,427.5,-289.8,-1042.0,1
28.26,ceeebzz,Blue,-757.78,2145.61,471.1,0,33.0,851.4,606.7,-863.0,1
30.83,Taha (RLCS PRO BLUE TAG),Blue,1199.21,185.16,1834.52,0,33.0,2046.8,2003.6,1095.3,0
32.53,Buffy ._.,Orange,4891.07,222.41,419.74,1,33.0,641.8,417.5,4687.1,0
49.93,ceeebzz,Blue,0.0,1505.01,335.12,0,33.0,2288.0,1866.0,-163.5,0
49.93,Buffy ._.,Orange,0.0,1307.66,335.12,0,33.0,2263.5,-1909.7,156.2,1
50.8,dry,Orange,-4.04,1226.81,640.96,0,33.0,1845.5,-1634.4,191.8,0
50.93,Taha (RLCS PRO BLUE TAG),Blue,-225.18,307.99,290.33,0,33.0,1568.4,1034.7,-283.1,1
50.97,ceeebzz,Blue,-243.05,307.99,496.61,0,33.0,816.7,-302.3,-454.1,0
54.67,Buffy ._.,Orange,-1467.32,3399.7,1730.54,0,33.0,2299.9,-1289.3,-1302.7,0
55.7,ceeebzz,Blue,-4531.47,649.92,1697.84,0,33.0,508.6,-252.6,-4532.1,1
55.8,Taha (RLCS PRO BLUE TAG),Blue,-4852.57,493.34,2158.07,1,33.0,2197.4,836.2,-5018.4,0
57.37,dry,Orange,-4145.91,5048.44,1008.84,0,33.0,2177.3,-1954.0,-3926.6,0
58.84,Taha (RLCS PRO BLUE TAG),Blue,-3724.08,891.43,1591.33,0,33.0,2285.3,861.6,-3720.9,0
64.17,dry,Orange,4304.34,3504.56,1997.85,1,33.0,1223.6,431.4,4284.7,1
67.57,Buffy ._.,Orange,2615.44,1532.09,284.66,1,33.0,1864.7,129.2,2612.5,0
67.6,ceeebzz,Blue,2607.96,1288.84,150.22,0,33.0,2299.8,2138.4,2473.7,0
70.13,dry,Orange,2073.98,1707.66,981.24,0,33.0,1903.2,-1761.0,2202.2,1
82.64,dry,Orange,-22.11,1325.7,309.62,0,33.0,1965.6,-1931.3,138.0,0
82.64,Taha (RLCS PRO BLUE TAG),Blue,-22.11,1749.89,309.62,0,33.0,2254.9,1876.6,-168.6,1
83.47,ceeebzz,Blue,-210.12,901.69,374.82,0,33.0,1787.2,1660.7,-373.9,0
83.47,dry,Orange,-210.12,96.67,374.82,0,33.0,1545.0,-1543.8,-0.3,1
83.51,Buffy ._.,Orange,-134.31,96.67,469.65,0,33.0,1659.7,-1659.7,95.5,0
85.11,ceeebzz,Blue,-401.23,1165.6,1722.71,0,33.0,999.1,912.6,-488.2,1
85.87,Taha (RLCS PRO BLUE TAG),Blue,-562.18,554.31,1170.58,0,33.0,951.5,15.0,-696.9,0
88.64,Buffy ._.,Orange,-804.5,973.56,593.13,0,33.0,1689.0,-1261.3,-573.4,0
88.91,Taha (RLCS PRO BLUE TAG),Blue,-1013.15,2709.6,407.28,0,33.0,1615.3,-1112.5,-1045.8,1
90.71,ceeebzz,Blue,-2440.53,587.08,305.87,0,33.0,2285.3,-1922.6,-2395.4,1
90.87,Taha (RLCS PRO BLUE TAG),Blue,-2554.58,362.57,519.28,0,33.0,1539.4,760.0,-2731.4,0
90.91,dry,Orange,-2573.54,2581.26,238.03,0,33.0,1566.9,-1384.1,-2477.1,0
95.51,ceeebzz,Blue,3787.72,898.56,725.88,0,33.0,2300.0,2298.4,3590.8,0
95.77,Buffy ._.,Orange,4488.23,2711.93,532.63,1,33.0,2296.4,2286.8,4513.8,0
99.5,ceeebzz,Blue,4273.44,4625.63,979.54,0,33.0,1083.7,61.2,4118.0,0
100.4,Buffy ._.,Orange,4502.56,1532.76,893.43,0,33.0,903.9,-839.9,4618.7,1
102.4,Buffy ._.,Orange,2440.22,1485.74,1914.86,0,33.0,1340.3,-1205.6,2576.8,1
105.34,Buffy ._.,Orange,-1579.02,2222.52,2266.06,0,33.0,1831.6,-1755.1,-1491.1,0
110.17,ceeebzz,Blue,-3748.58,2126.99,968.32,1,33.0,1009.6,702.4,-3848.4,1
111.63,ceeebzz,Blue,-2305.34,1250.72,567.93,0,33.0,2112.3,1861.1,-2431.1,0
113.83,dry,Orange,2533.7,2024.06,1722.87,1,33.0,1100.7,-1010.0,2717.9,1
116.2,dry,Orange,-23.72,2467.42,2316.38,0,33.0,1345.0,-1337.6,107.4,0
117.9,Taha (RLCS PRO BLUE TAG),Blue,-2992.75,2061.61,1237.62,0,33.0,770.4,-571.0,-3147.8,1
119.23,ceeebzz,Blue,-2985.91,1082.21,373.91,0,33.0,1227.5,1226.9,-3220.8,0
119.23,Buffy ._.,Orange,-2985.91,1473.58,373.91,0,33.0,2173.5,-1610.2,-2854.2,1
121.93,Buffy ._.,Orange,-1944.87,2293.17,326.85,0,33.0,433.4,316.6,-1889.7,0
122.1,ceeebzz,Blue,-1973.95,1464.74,147.27,0,33.0,1608.3,1228.1,-1936.9,1
124.57,Taha (RLCS PRO BLUE TAG),Blue,-2458.7,3034.93,1724.6,1,33.0,948.9,539.4,-2610.8,1
126.83,Taha (RLCS PRO BLUE TAG),Blue,1005.86,695.83,913.34,0,33.0,2174.5,2048.8,787.0,0
127.56,dry,Orange,2599.87,3503.54,535.6,0,33.0,1328.1,465.6,2635.8,0
129.53,Taha (RLCS PRO BLUE TAG),Blue,4237.13,2035.64,1160.83,0,33.0,361.0,-337.6,4242.6,1
131.36,Taha (RLCS PRO BLUE TAG),Blue,3755.15,2098.71,694.72,0,33.0,1290.8,-94.6,3673.9,0
132.53,Buffy ._.,Orange,3890.16,1101.22,270.51,0,33.0,2211.5,-2173.5,4005.1,0
132.56,Taha (RLCS PRO BLUE TAG),Blue,3827.33,2790.2,211.31,0,33.0,1077.7,246.6,3793.8,0
134.23,dry,Orange,805.14,290.16,730.82,0,33.0,2290.3,2257.9,884.0,1
134.3,Buffy ._.,Orange,653.05,290.16,649.77,0,33.0,2286.2,-2284.4,612.1,0
135.6,ceeebzz,Blue,-956.72,1706.87,791.18,0,33.0,1041.4,973.2,-1066.5,1
138.46,ceeebzz,Blue,2052.7,2160.47,2038.08,0,33.0,1929.2,1615.8,1879.9,0
139.5,dry,Orange,3519.58,1664.05,545.07,0,33.0,610.2,-610.2,3636.5,1
142.49,Buffy ._.,Orange,4787.98,4769.88,1307.67,1,33.0,531.1,-201.4,4974.9,0
143.83,Taha (RLCS PRO BLUE TAG),Blue,3996.75,3318.01,89.48,0,33.0,1440.8,-187.4,3957.5,1
146.59,ceeebzz,Blue,3344.11,1803.76,1006.7,0,33.0,1008.2,804.3,3239.7,0
147.29,dry,Orange,3956.29,1049.21,545.72,0,33.0,493.5,-443.8,4166.4,0
147.43,ceeebzz,Blue,3963.32,2028.57,384.92,0,33.0,1140.6,856.8,3931.3,0
148.39,Buffy ._.,Orange,3438.7,686.1,922.02,0,33.0,1506.5,-1420.8,3614.2,1
149.69,dry,Orange,1318.82,453.51,1299.62,0,33.0,2297.4,-2168.5,1118.3,1
149.73,Buffy ._.,Orange,1230.41,310.39,1711.6,0,33.0,1787.8,-1726.8,1408.5,0
153.39,Taha (RLCS PRO BLUE TAG),Blue,-4130.25,2359.19,798.71,0,33.0,2053.6,491.9,-4260.8,1
154.83,Taha (RLCS PRO BLUE TAG),Blue,-2867.71,1548.79,470.26,0,33.0,2160.9,1202.8,-3068.3,0
156.46,dry,Orange,12.95,890.15,396.49,0,33.0,1685.5,-1525.6,128.2,0
158.76,ceeebzz,Blue,-4973.1,2772.53,2473.49,1,33.0,547.2,0.0,-5103.0,1
160.49,ceeebzz,Blue,-4263.56,2193.4,1130.4,1,33.0,1005.9,992.5,-4474.5,0
162.59,Buffy ._.,Orange,-459.85,1902.91,592.27,0,33.0,586.3,-551.2,-379.0,0
165.16,Taha (RLCS PRO BLUE TAG),Blue,-2233.43,1007.13,187.46,0,33.0,1985.6,1676.8,-2375.3,0
167.56,Buffy ._.,Orange,3269.6,2198.46,815.07,1,33.0,730.3,-723.4,3426.2,1
169.12,Buffy ._.,Orange,674.26,3037.5,1904.56,0,33.0,2299.9,-2275.5,855.1,0
170.22,ceeebzz,Blue,-1990.04,2695.33,743.12,0,33.0,1038.4,-987.8,-2165.7,0
170.42,Buffy ._.,Orange,-2144.67,3733.27,375.42,0,33.0,2267.5,-2245.7,-1998.8,1
172.09,Buffy ._.,Orange,-4987.23,2790.25,495.03,0,33.0,1939.3,-1927.5,-4764.2,0
172.19,Taha (RLCS PRO BLUE TAG),Blue,-5124.55,1896.87,356.78,1,33.0,572.5,-336.4,-5282.1,0
181.84,dry,Orange,0.0,1889.9,468.19,0,33.0,2286.2,-2286.2,212.8,0
181.87,Taha (RLCS PRO BLUE TAG),Blue,8.84,1417.42,317.44,0,33.0,1480.8,1317.9,-142.8,1
185.54,ceeebzz,Blue,2392.88,119.02,1529.01,0,33.0,849.4,753.0,2339.9,1
188.14,ceeebzz,Blue,3186.76,2205.73,1209.59,0,33.0,1315.2,-81.4,3268.6,0
190.47,dry,Orange,2800.59,1717.79,534.74,0,33.0,2299.8,-1093.6,3007.3,0
190.54,ceeebzz,Blue,2768.08,2558.72,509.05,0,33.0,2283.6,1215.5,2533.3,1
193.81,ceeebzz,Blue,2962.71,1280.27,1722.2,0,33.0,1170.8,446.2,2802.3,0
195.01,Buffy ._.,Orange,3933.64,2039.62,132.66,0,33.0,704.5,-289.3,3941.6,1
196.11,dry,Orange,5030.6,816.12,858.74,1,33.0,709.3,-30.5,5104.6,1
198.2,dry,Orange,2667.0,1272.36,815.19,0,33.0,1832.7,-1658.9,2839.5,1
199.47,dry,Orange,446.5,1589.11,1868.21,0,33.0,1789.8,-1786.4,561.3,0
201.1,Taha (RLCS PRO BLUE TAG),Blue,-3297.03,1353.15,1112.88,0,33.0,2249.2,-1370.4,-3393.9,0
201.74,dry,Orange,-3277.29,1540.26,557.2,0,33.0,2297.3,-1430.1,-3348.0,1
202.9,dry,Orange,-3163.75,2557.02,679.46,0,33.0,2014.6,2014.5,-3351.9,1
204.87,Buffy ._.,Orange,117.01,1358.86,772.62,0,33.0,996.8,-714.2,245.5,1
206.5,Buffy ._.,Orange,-895.99,1008.74,1501.73,0,33.0,894.1,-873.5,-807.1,1
207.6,Buffy ._.,Orange,-2095.92,240.82,420.95,0,33.0,1437.3,-1266.0,-2012.0,1
211.4,dry,Orange,-1703.05,1064.33,2463.44,0,33.0,1226.7,980.1,-1673.7,1
213.5,dry,Orange,-921.41,1732.18,380.03,0,33.0,1939.3,-1676.2,-703.2,0
213.57,ceeebzz,Blue,-958.03,691.47,468.12,0,33.0,2257.4,1516.1,-1153.9,0
215.23,Buffy ._.,Orange,-618.12,1672.35,58.48,0,33.0,177.4,170.7,-533.1,1
216.6,dry,Orange,-1278.83,741.0,137.91,0,33.0,2112.7,1952.8,-1328.2,0
216.6,Taha (RLCS PRO BLUE TAG),Blue,-1278.83,1371.75,137.91,0,33.0,1369.3,1146.8,-1384.0,0
219.2,dry,Orange,2858.33,2111.13,671.56,1,33.0,2167.6,691.9,2922.3,0
221.77,Taha (RLCS PRO BLUE TAG),Blue,2635.46,3120.04,1365.46,0,33.0,843.4,-843.4,2610.8,1
224.47,ceeebzz,Blue,2119.98,435.47,1041.53,0,33.0,2043.5,2009.1,1977.0,0
227.06,dry,Orange,4825.59,3309.0,1556.44,1,33.0,838.2,-118.8,4902.1,1
228.13,dry,Orange,3835.44,2380.16,905.14,1,33.0,2196.6,-1969.7,3992.7,0
230.46,ceeebzz,Blue,-646.79,403.69,381.76,0,33.0,2055.1,1844.1,-867.2,1
233.96,ceeebzz,Blue,4239.78,2209.54,467.22,0,33.0,445.6,319.3,4059.1,1
234.8,ceeebzz,Blue,4270.46,1836.72,647.82,0,33.0,1133.8,103.5,4199.7,0
235.73,Buffy ._.,Orange,4943.63,349.82,624.23,1,33.0,1333.2,-99.5,5031.1,1
245.48,dry,Orange,0.0,1346.73,500.58,0,33.0,2284.1,-2281.0,172.2,0
245.51,Taha (RLCS PRO BLUE TAG),Blue,-125.83,2874.71,370.15,0,33.0,2119.5,1479.1,-207.2,1
246.61,ceeebzz,Blue,-3180.38,1181.91,991.85,0,33.0,1720.1,1316.0,-3387.5,0
247.37,dry,Orange,-1977.54,1393.8,584.12,0,33.0,1355.0,52.3,-1812.6,0
248.74,Taha (RLCS PRO BLUE TAG),Blue,26.92,1107.43,876.28,0,33.0,762.9,762.9,-166.5,1
249.97,Taha (RLCS PRO BLUE TAG),Blue,1314.94,853.45,613.37,0,33.0,1409.7,1409.7,1234.7,1
251.41,Taha (RLCS PRO BLUE TAG),Blue,2747.74,2003.68,1386.37,0,33.0,1618.0,1036.2,2701.2,0
253.24,Buffy ._.,Orange,4626.72,2113.89,192.25,0,33.0,2017.2,-1099.2,4832.1,0
257.27,ceeebzz,Blue,-216.29,1272.9,625.04,0,33.0,1825.9,1696.2,-411.7,0
257.34,dry,Orange,-86.01,1307.84,389.58,0,33.0,2279.3,-1988.9,85.3,0
260.14,ceeebzz,Blue,2897.98,3139.72,894.34,0,33.0,1374.9,1360.6,2825.7,0
260.64,Buffy ._.,Orange,3261.2,2485.18,177.56,1,33.0,479.7,-468.5,3473.4,1
263.24,dry,Orange,3961.82,1801.99,660.4,1,33.0,1275.1,-31.5,4142.9,1
265.44,Buffy ._.,Orange,1090.06,251.2,1109.75,0,33.0,1961.3,-1900.8,1240.6,0
268.37,ceeebzz,Blue,-3083.92,2043.74,546.23,0,33.0,1280.1,862.6,-3261.7,0
268.44,dry,Orange,-3025.35,2208.9,361.38,0,33.0,1508.4,-1299.2,-2834.4,0
270.61,Taha (RLCS PRO BLUE TAG),Blue,-4622.01,1707.31,1824.7,1,33.0,1816.8,1438.8,-4776.6,1
273.6,ceeebzz,Blue,390.97,456.73,283.9,0,33.0,1161.3,968.2,329.2,0
274.97,Buffy ._.,Orange,2193.24,2566.37,1007.78,0,33.0,1879.7,-1828.1,2345.2,0
277.5,Taha (RLCS PRO BLUE TAG),Blue,-4704.05,1662.61,1867.95,1,33.0,1747.4,-1617.4,-4842.7,1
281.2,Taha (RLCS PRO BLUE TAG),Blue,-3452.5,1301.19,447.71,0,33.0,949.7,665.3,-3548.9,0
281.3,Buffy ._.,Orange,-3383.95,1967.08,197.16,0,33.0,1202.2,93.2,-3359.3,1
284.4,dry,Orange,-1489.54,300.3,392.5,0,33.0,1560.1,-779.0,-1367.2,0
284.47,ceeebzz,Blue,-1583.81,2983.21,137.53,0,33.0,2243.9,2111.5,-1549.0,1
287.37,Taha (RLCS PRO BLUE TAG),Blue,-3517.33,1025.46,1170.68,0,33.0,2182.2,475.0,-3634.2,1
288.47,ceeebzz,Blue,-1280.44,1245.46,2215.65,0,33.0,396.6,-305.6,-1138.7,0
291.23,dry,Orange,-259.62,1307.45,1046.98,0,33.0,1387.2,-1261.3,-104.7,0
292.3,ceeebzz,Blue,-1831.8,1385.41,193.41,0,33.0,2279.9,-1019.7,-1780.6,1
292.73,Taha (RLCS PRO BLUE TAG),Blue,-2548.26,565.68,125.48,0,33.0,852.6,845.4,-2739.2,0
294.03,Buffy ._.,Orange,-864.32,553.36,827.93,0,33.0,452.1,-451.3,-757.4,1
295.63,Buffy ._.,Orange,-2043.84,443.36,1476.24,0,33.0,1015.5,-1005.9,-1869.3,0
309.38,ceeebzz,Blue,0.0,1755.71,504.19,0,33.0,2225.0,1946.3,-242.3,0
309.45,Buffy ._.,Orange,9.1,1319.37,296.55,0,33.0,1465.8,246.1,120.0,1
312.08,dry,Orange,268.54,1187.59,565.32,0,33.0,388.5,148.3,408.1,0
314.45,Taha (RLCS PRO BLUE TAG),Blue,350.9,452.72,1101.14,0,33.0,1258.5,1078.5,265.1,0
315.25,dry,Orange,899.3,1575.4,296.82,0,33.0,2297.4,-2168.5,1118.3,0
318.68,ceeebzz,Blue,299.44,620.12,957.11,0,33.0,2159.9,1928.3,163.2,0
321.51,Buffy ._.,Orange,4807.88,702.22,762.1,1,33.0,2090.5,-1045.4,4962.3,0
323.91,Taha (RLCS PRO BLUE TAG),Blue,-426.62,753.22,1347.42,0,33.0,2102.3,-2090.0,-291.4,0
326.61,Buffy ._.,Orange,-3622.44,1682.15,781.89,0,33.0,2100.3,-2002.2,-3436.5,0
327.85,ceeebzz,Blue,-4664.75,393.74,921.96,0,33.0,1499.6,303.8,-4793.6,0
332.61,dry,Orange,3889.15,3161.78,221.35,0,33.0,1254.5,-971.1,3955.0,0
332.61,ceeebzz,Blue,3889.15,3106.77,221.35,0,33.0,2033.7,2012.4,3787.8,1
335.58,Taha (RLCS PRO BLUE TAG),Blue,3539.46,2235.52,754.3,0,33.0,1080.9,965.2,3387.9,1
336.64,Taha (RLCS PRO BLUE TAG),Blue,4922.16,2517.61,438.41,0,33.0,1610.5,1588.0,4757.7,1
341.24,ceeebzz,Blue,3368.56,2519.92,2327.55,0,33.0,911.4,840.3,3201.2,0
343.18,dry,Orange,3925.73,1545.59,827.3,0,33.0,846.7,-384.1,4021.5,0
345.24,ceeebzz,Blue,3046.06,2255.79,1497.34,0,33.0,602.6,602.5,2864.5,0
346.88,dry,Orange,4172.59,1047.74,382.03,0,33.0,1991.3,-1989.3,4381.4,0
346.88,ceeebzz,Blue,4172.59,2482.66,382.03,0,33.0,2286.3,261.5,4070.4,1
349.71,Taha (RLCS PRO BLUE TAG),Blue,-431.51,1037.07,956.63,0,33.0,2277.1,448.5,-492.8,0
353.11,Buffy ._.,Orange,905.07,2161.37,1913.44,0,33.0,1297.4,-1039.5,1047.0,0
355.47,Taha (RLCS PRO BLUE TAG),Blue,-4657.85,861.88,1341.43,0,33.0,2183.0,-1294.5,-4689.6,0
359.17,dry,Orange,-1540.73,1697.15,582.93,0,33.0,1869.7,-1784.7,-1383.5,0
361.34,ceeebzz,Blue,-4983.8,1345.2,622.33,1,33.0,1881.8,-1843.9,-5002.0,0
361.41,dry,Orange,-4980.09,2564.73,517.14,0,33.0,1211.9,580.6,-4973.5,0
364.01,Taha (RLCS PRO BLUE TAG),Blue,-3446.6,1013.05,357.07,0,33.0,2271.6,-167.2,-3489.8,0
364.04,Buffy ._.,Orange,-3427.44,1097.72,357.07,0,33.0,2174.0,-985.7,-3338.8,0
9.49,Mint,Blue,0.0,1416.28,1580.21,0,33.0,2227.6,2086.3,-227.5,0
11.13,zarion LFT for rlcs,Orange,4107.76,5062.38,2189.02,1,33.0,1547.1,-645.1,4231.1,1
13.24,zarion LFT for rlcs,Orange,2998.27,3877.87,1346.0,1,33.0,1795.8,-730.6,3163.6,0
14.14,TIDE,Blue,2084.84,1711.89,357.56,0,33.0,706.5,706.5,1900.7,0
16.28,Kapp,Orange,1545.94,772.9,605.65,0,33.0,1296.1,-1284.5,1728.5,0
16.58,TIDE,Blue,1102.44,3589.72,97.0,0,33.0,2294.3,-1079.2,1221.0,1
19.25,Mint,Blue,-2812.88,3605.72,1389.97,1,33.0,1240.8,1110.2,-3023.8,1
21.85,Mint,Blue,258.73,3305.19,3165.33,1,33.0,1745.0,1738.6,89.5,1
23.15,Mint,Blue,2512.55,1406.67,2514.07,1,33.0,1930.8,1917.7,2420.5,0
34.22,Kapp,Orange,0.0,1902.86,505.26,0,33.0,2250.6,-1930.9,178.7,0
34.25,TIDE,Blue,-10.7,143.03,352.98,0,33.0,2221.8,1964.2,-192.8,0
39.2,zarion LFT for rlcs,Orange,4236.38,3483.4,1232.19,1,33.0,1519.6,-1065.6,4353.3,1
40.37,zarion LFT for rlcs,Orange,3102.25,2481.23,1627.66,0,33.0,973.2,-973.2,3141.2,0
43.74,TIDE,Blue,-1639.8,1527.39,615.75,0,33.0,555.5,-527.6,-1746.3,0
43.94,zarion LFT for rlcs,Orange,-1654.19,2049.88,161.67,0,33.0,2289.6,-1475.0,-1699.9,0
46.05,Mint,Blue,-1408.14,1325.45,1908.51,0,33.0,1450.2,1385.5,-1624.2,1
47.38,Mint,Blue,1054.9,1740.4,1603.01,0,33.0,2295.7,2293.9,913.9,0
48.15,Kapp,Orange,2635.81,3667.88,580.97,1,33.0,1540.9,1540.4,2854.5,1
50.71,Kapp,Orange,4405.64,2797.15,313.53,0,33.0,1373.2,620.9,4341.6,0
52.41,TIDE,Blue,2422.81,2101.08,599.79,0,33.0,1028.1,320.1,2226.8,0
52.51,Kapp,Orange,2432.22,975.52,320.57,0,33.0,2211.0,-2208.6,2577.4,0
58.46,Mint,Blue,2999.46,2528.36,2341.89,0,33.0,815.9,418.9,2920.6,1
61.0,Mint,Blue,4570.32,2632.07,918.13,0,33.0,1520.5,868.8,4363.5,0
61.56,Kapp,Orange,5071.97,1970.85,371.09,1,33.0,1984.5,-1933.8,5226.6,0
73.0,Mint,Blue,0.0,269.23,605.77,0,33.0,2276.8,2265.5,-229.6,0
73.07,zarion LFT for rlcs,Orange,43.69,1777.94,389.78,0,33.0,2300.0,-2292.9,158.4,1
73.57,Kapp,Orange,1396.17,1541.84,627.65,1,33.0,1385.6,-765.9,1410.8,1
76.93,Kapp,Orange,4975.54,4083.01,2616.53,1,33.0,573.6,-210.6,5079.2,0
79.57,TIDE,Blue,1892.09,2055.75,478.83,0,33.0,1245.5,1225.8,1733.2,0
82.18,zarion LFT for rlcs,Orange,2699.12,439.16,128.81,1,33.0,1707.4,-1028.2,2758.7,0
83.44,Mint,Blue,464.46,499.22,771.44,0,33.0,1591.1,1564.4,258.4,0
96.67,zarion LFT for rlcs,Orange,-33.09,1316.54,382.58,0,33.0,2010.1,-1152.8,123.3,0
96.74,Mint,Blue,-136.25,412.45,512.32,0,33.0,1843.4,1381.9,-318.6,0
97.31,Kapp,Orange,188.67,1072.65,618.01,0,33.0,2288.4,-2138.6,389.3,0
97.47,TIDE,Blue,-96.3,180.46,451.22,0,33.0,1887.1,1886.1,-219.3,0
100.47,Kapp,Orange,4786.59,2699.69,1288.58,1,33.0,1147.2,7.5,4744.4,0
102.07,Mint,Blue,3069.71,2205.45,140.8,0,33.0,1211.0,-420.0,3045.6,0
102.07,Kapp,Orange,3069.71,2281.07,140.8,0,33.0,1335.2,-1225.2,3177.2,0
105.14,TIDE,Blue,2492.98,1586.42,1418.37,0,33.0,2285.1,1963.9,2316.2,0
106.88,zarion LFT for rlcs,Orange,4867.53,1888.08,95.36,1,33.0,1369.8,49.8,4832.3,0
108.71,Mint,Blue,3749.56,741.01,691.81,0,33.0,602.4,-170.5,3631.8,0
108.84,Kapp,Orange,3939.64,42.9,310.47,1,33.0,2224.3,-335.6,3870.5,1
111.18,Kapp,Orange,4955.89,1700.14,279.98,1,33.0,1846.6,698.9,5014.6,1
112.62,Kapp,Orange,3827.49,1412.81,1533.19,0,33.0,2266.7,-1363.5,4056.7,0
112.95,TIDE,Blue,3266.55,3525.07,207.62,0,33.0,2287.6,2215.1,3228.4,0
114.18,zarion LFT for rlcs,Orange,1122.66,1289.16,940.62,0,33.0,0.0,0.0,1036.5,1
115.98,zarion LFT for rlcs,Orange,-1302.74,1664.35,910.57,0,33.0,1964.6,-1928.0,-1256.7,0
116.51,TIDE,Blue,-1881.64,1834.84,354.11,0,33.0,1166.6,-927.6,-1819.7,1
118.18,Mint,Blue,-4967.07,1739.26,1081.64,1,33.0,1483.5,82.5,-5098.7,0
118.51,zarion LFT for rlcs,Orange,-4652.66,845.1,535.83,0,33.0,2295.1,-1640.4,-4569.5,1
119.18,Kapp,Orange,-4025.39,668.13,559.8,0,33.0,2281.2,-2132.2,-3829.2,0
120.25,TIDE,Blue,-4450.39,1039.73,1047.08,1,33.0,1026.8,-863.5,-4531.8,1
123.35,Mint,Blue,-4635.23,1979.64,451.22,0,33.0,1798.1,-1759.4,-4715.8,0
123.39,zarion LFT for rlcs,Orange,-4643.78,2847.22,329.39,0,33.0,2131.6,-1592.8,-4569.4,1
126.19,zarion LFT for rlcs,Orange,-3145.09,1600.99,889.6,0,33.0,1102.7,831.4,-3324.2,1
130.16,Kapp,Orange,1791.21,1821.08,608.72,0,33.0,1947.8,1690.6,1761.1,0
131.97,Mint,Blue,3428.48,1376.24,1504.66,0,33.0,2233.7,770.2,3329.8,0
145.08,Kapp,Orange,0.0,1376.46,465.59,0,33.0,2215.3,-1715.7,211.8,0
145.15,TIDE,Blue,-8.16,250.34,312.69,0,33.0,776.7,162.1,-155.8,1
146.05,Mint,Blue,115.55,396.87,350.59,0,33.0,2217.3,232.3,19.4,0
146.08,zarion LFT for rlcs,Orange,119.46,1002.05,104.03,0,33.0,2288.8,-412.4,279.4,1
148.45,zarion LFT for rlcs,Orange,-648.92,929.5,840.71,0,33.0,463.8,-463.8,-566.6,1
150.12,zarion LFT for rlcs,Orange,-1131.04,1147.74,1021.39,0,33.0,1484.0,-795.7,-1025.7,1
151.34,zarion LFT for rlcs,Orange,-2014.58,1310.25,704.62,0,33.0,1418.0,-992.2,-1894.3,0
152.54,Mint,Blue,-3382.88,884.65,643.12,0,33.0,2241.4,-2196.4,-3561.7,0
152.81,zarion LFT for rlcs,Orange,-3679.27,1680.25,110.34,0,33.0,1849.9,-1828.9,-3463.8,0
152.88,TIDE,Blue,-3773.32,385.16,454.11,0,33.0,1947.7,1943.1,-3946.7,0
154.78,Kapp,Orange,-3463.47,1124.42,594.27,0,33.0,867.1,-387.2,-3272.3,0
155.08,Mint,Blue,-3630.22,462.46,414.42,1,33.0,1637.0,1210.7,-3851.0,0
158.11,zarion LFT for rlcs,Orange,-4807.88,2088.42,639.32,0,33.0,2216.4,-405.2,-4707.0,1
160.88,zarion LFT for rlcs,Orange,-4453.01,2775.15,554.67,0,33.0,2200.8,806.3,-4492.4,1
166.12,Kapp,Orange,691.57,874.51,902.94,0,33.0,1126.9,456.8,825.3,0
167.38,Mint,Blue,-200.07,1347.91,1013.35,0,33.0,2300.0,-717.3,-278.4,0
168.55,Kapp,Orange,-223.68,805.9,304.92,0,33.0,2038.1,-100.6,-69.8,1
170.62,zarion LFT for rlcs,Orange,1164.38,587.88,465.39,0,33.0,1008.3,-934.3,1334.9,0
170.68,Mint,Blue,1154.26,278.88,201.94,0,33.0,1358.1,1209.1,999.9,0
172.95,Kapp,Orange,3722.89,2781.48,636.26,1,33.0,2207.6,187.6,3883.3,0
173.15,Mint,Blue,3660.08,1520.67,290.68,0,33.0,1255.9,1104.9,3535.2,0
176.18,Kapp,Orange,1786.2,759.16,1770.81,0,33.0,1689.4,-1673.9,1928.8,0
177.15,Mint,Blue,-143.46,599.59,313.4,0,33.0,2296.0,-2290.2,-231.2,1
179.28,TIDE,Blue,-4901.08,472.07,592.64,1,33.0,1010.1,27.4,-4974.3,1
181.95,TIDE,Blue,-3897.8,2329.16,137.08,0,33.0,449.2,414.8,-3841.2,0
181.98,Kapp,Orange,-3870.63,2312.84,104.1,0,33.0,424.1,409.6,-3705.5,0
183.32,Mint,Blue,-3410.35,474.24,734.58,1,33.0,1428.2,1098.2,-3563.8,1
185.12,Mint,Blue,-770.41,896.93,377.24,0,33.0,1930.3,1892.6,-913.9,1
186.92,Mint,Blue,2368.6,2334.65,936.72,0,33.0,2228.2,1872.4,2268.4,0
187.62,zarion LFT for rlcs,Orange,4159.31,1284.97,538.85,1,33.0,1101.4,429.2,4284.1,1
190.89,Kapp,Orange,4232.33,1780.59,1574.34,1,33.0,1128.6,-826.2,4424.1,0
191.8,TIDE,Blue,2940.94,2442.46,315.04,0,33.0,2098.1,435.4,2802.3,0
191.8,Kapp,Orange,2940.94,516.29,328.42,0,33.0,2293.0,-2197.6,3123.5,1
194.66,Kapp,Orange,-757.13,953.39,706.5,0,33.0,2056.3,-1898.5,-576.2,0
195.23,Mint,Blue,-1825.81,253.51,432.24,0,33.0,1683.8,-1665.8,-1963.5,1
197.3,Mint,Blue,-4011.99,2004.32,535.46,0,33.0,815.1,-302.9,-4102.9,0
197.63,Kapp,Orange,-4186.94,472.42,427.65,0,33.0,985.8,-250.3,-4176.5,1
198.93,Kapp,Orange,-4135.81,386.83,687.52,0,33.0,1164.8,523.0,-4094.6,0
200.36,TIDE,Blue,-4033.76,716.93,779.47,1,33.0,1570.1,1330.9,-4264.2,1
200.66,Mint,Blue,-4046.17,430.41,622.84,1,33.0,1765.5,-795.5,-4134.4,0
201.46,Kapp,Orange,-3886.85,1330.33,352.1,0,33.0,547.6,-313.7,-3714.8,0
202.83,TIDE,Blue,-4735.69,974.88,464.65,1,33.0,2104.8,-1689.2,-4579.3,0
203.13,zarion LFT for rlcs,Orange,-5023.95,1488.13,344.75,0,33.0,2247.0,-1965.4,-4860.0,0
204.33,TIDE,Blue,-4799.26,1305.12,392.59,1,33.0,1445.5,672.4,-4989.9,0
207.5,zarion LFT for rlcs,Orange,821.21,255.55,174.5,0,33.0,1485.3,49.0,995.0,0
209.63,Mint,Blue,594.18,1669.66,592.02,0,33.0,1258.2,1217.3,444.5,0
209.83,Kapp,Orange,873.03,41.0,369.16,0,33.0,2293.5,-2248.8,1014.9,0
213.2,Mint,Blue,-2903.32,1923.12,1518.23,0,33.0,1450.4,-1450.4,-2758.2,0
214.46,Kapp,Orange,-3762.35,827.93,368.09,0,33.0,2281.2,-2132.2,-3829.2,0
214.76,Mint,Blue,-3947.61,527.08,349.05,0,33.0,856.5,-73.2,-4173.4,1
214.93,TIDE,Blue,-3950.26,98.38,316.89,0,33.0,1248.4,981.0,-4110.5,0
218.56,zarion LFT for rlcs,Orange,744.36,924.53,500.33,0,33.0,2068.2,-1745.1,899.0,0
218.83,TIDE,Blue,1134.9,760.08,262.8,0,33.0,2256.1,1863.5,1150.9,0
222.56,Kapp,Orange,3886.2,1492.26,1182.24,0,33.0,2216.4,-1162.8,4015.8,0
224.43,Mint,Blue,1285.37,1012.98,208.18,0,33.0,1936.5,1438.1,1087.8,0
224.5,Kapp,Orange,1360.09,464.9,195.59,0,33.0,2260.9,-1633.2,1364.7,0
226.76,Mint,Blue,4494.9,4272.35,361.59,0,33.0,2103.8,1050.0,4274.5,1
237.89,Mint,Blue,13.34,220.69,1198.81,0,33.0,2026.0,1701.5,-161.6,0
239.65,zarion LFT for rlcs,Orange,4696.97,2303.95,1228.77,1,33.0,1902.6,-464.1,4882.1,1
242.99,zarion LFT for rlcs,Orange,3614.69,1063.54,1799.27,1,33.0,1378.6,-1296.9,3708.7,1
244.73,zarion LFT for rlcs,Orange,1231.28,957.26,940.94,0,33.0,1300.3,-1285.0,1289.4,1
246.73,zarion LFT for rlcs,Orange,-1318.06,397.03,843.97,0,33.0,1060.3,-1015.0,-1142.0,0
248.86,Mint,Blue,-3382.07,166.46,329.39,0,33.0,1207.3,1171.8,-3550.4,1
251.3,Mint,Blue,-190.91,932.78,426.73,0,33.0,1642.6,1642.5,-333.1,1
253.46,Mint,Blue,3040.94,665.94,596.05,0,33.0,1729.3,1712.3,2891.2,0
254.46,Kapp,Orange,4675.51,2278.82,710.23,1,33.0,890.4,-412.5,4906.1,0
257.06,Mint,Blue,2898.68,1426.9,283.58,0,33.0,2185.0,-1759.7,2830.6,0
257.1,Kapp,Orange,2875.64,892.98,166.97,0,33.0,1580.8,-1510.0,2997.2,1
257.83,zarion LFT for rlcs,Orange,1736.29,119.85,899.79,0,33.0,2300.0,-2117.5,1930.0,1
259.07,Kapp,Orange,-532.22,207.65,345.52,0,33.0,2157.1,-1989.5,-455.5,0
259.07,TIDE,Blue,-532.22,1490.81,345.52,0,33.0,2290.1,1868.8,-741.8,0
10.87,rush,Blue,0.0,1852.07,846.03,0,33.0,2267.7,1938.9,-204.4,0
10.97,ZAŦH,Orange,89.02,1963.19,357.12,0,33.0,425.7,-167.2,248.7,0
13.94,Proto,Blue,558.16,2636.51,965.13,0,33.0,1135.6,1097.8,375.2,1
15.84,Proto,Blue,2186.19,6610.98,1309.52,0,33.0,889.5,783.0,2119.3,0
16.5,Taha (RLCS PRO BLUE TAG),Orange,2780.46,4136.72,316.46,0,33.0,1126.3,-706.9,2892.6,1
18.47,Taha (RLCS PRO BLUE TAG),Orange,1267.02,1643.83,1445.07,0,33.0,1423.8,-1199.9,1416.5,1
20.64,Taha (RLCS PRO BLUE TAG),Orange,-1842.98,3807.88,918.46,0,33.0,2003.4,-1697.6,-1724.7,0
21.74,rush,Blue,-3784.18,2644.24,149.79,1,33.0,1448.8,-724.0,-3920.6,0
23.47,ZAŦH,Orange,-4094.02,2093.78,1079.2,1,33.0,506.1,-501.4,-4011.9,1
24.47,ZAŦH,Orange,-4708.99,1786.97,1322.37,0,33.0,920.7,-545.5,-4522.2,1
25.7,ZAŦH,Orange,-4885.69,2806.11,1062.98,0,33.0,1237.2,-29.8,-4748.3,0
28.2,rush,Blue,-4092.08,851.66,1986.95,0,33.0,1896.3,1118.0,-4147.3,0
30.77,Taha (RLCS PRO BLUE TAG),Orange,-318.82,2049.22,892.49,0,33.0,900.1,-829.0,-206.9,0
33.97,Proto,Blue,-4240.55,1791.67,2092.55,0,33.0,1523.3,1388.2,-4400.2,1
35.43,Proto,Blue,-1933.84,3128.75,1968.69,0,33.0,1584.6,1584.5,-2004.4,1
37.37,Proto,Blue,1606.71,2301.98,1943.63,0,33.0,2286.2,2097.5,1469.2,0
38.7,Taha (RLCS PRO BLUE TAG),Orange,4981.0,1031.49,1123.87,1,33.0,1395.7,-0.5,5103.0,1
39.77,Taha (RLCS PRO BLUE TAG),Orange,4757.02,1490.21,1189.63,1,33.0,753.5,-626.3,4992.6,1
42.1,Taha (RLCS PRO BLUE TAG),Orange,3210.08,606.06,3009.19,1,33.0,1320.1,-1160.0,3309.2,0
44.46,rush,Blue,455.75,3552.65,396.29,0,33.0,867.4,783.7,340.2,0
44.5,Taha (RLCS PRO BLUE TAG),Orange,487.55,2656.46,164.42,0,33.0,2043.2,-1221.5,475.0,0
47.13,Proto,Blue,2580.02,281.32,1523.08,0,33.0,2071.9,1890.4,2461.0,1
49.23,rush,Blue,3870.06,1378.42,409.72,1,33.0,1865.3,632.6,3696.3,0
49.26,ZAŦH,Orange,3872.42,4481.56,300.86,1,33.0,2289.1,-1153.2,3980.1,1
52.06,ZAŦH,Orange,1806.55,2756.15,1107.06,0,33.0,1732.5,-690.5,1806.2,1
53.4,Taha (RLCS PRO BLUE TAG),Orange,-275.3,783.85,610.64,0,33.0,1987.9,-1979.3,-118.6,0
55.26,rush,Blue,-4845.94,2356.22,850.79,1,33.0,2216.7,-1465.4,-4760.8,0
55.69,Taha (RLCS PRO BLUE TAG),Orange,-4858.22,5206.03,203.52,0,33.0,2251.5,-1984.4,-4850.7,1
57.36,ZAŦH,Orange,-3755.08,1236.27,1272.66,1,33.0,1424.9,-1363.9,-3640.0,0
59.83,Proto,Blue,-4452.16,1186.81,433.53,1,33.0,1236.8,1212.9,-4617.3,1
61.99,Proto,Blue,-716.17,1961.0,2868.02,0,33.0,2141.1,2136.2,-842.9,1
63.83,Proto,Blue,2716.26,3250.49,1550.06,0,33.0,1622.6,1302.8,2641.8,0
67.73,Taha (RLCS PRO BLUE TAG),Orange,4289.99,3626.59,973.56,1,33.0,1065.1,-1019.4,4438.8,1
69.26,ZAŦH,Orange,3163.2,2022.08,392.29,1,33.0,1048.7,770.8,3124.7,0
69.33,Proto,Blue,3128.28,2102.22,331.48,0,33.0,1875.5,-45.3,2921.2,0
71.02,ZAŦH,Orange,1923.68,2131.98,2841.8,1,33.0,2011.9,-1904.9,2108.0,1
87.96,ZAŦH,Orange,6.85,1382.47,274.04,0,33.0,1552.2,-1323.0,150.1,0
87.96,rush,Blue,6.85,1718.47,274.04,0,33.0,1966.7,1755.6,-112.3,0
91.0,Taha (RLCS PRO BLUE TAG),Orange,-781.28,960.76,2062.3,0,33.0,1465.5,-828.6,-670.9,0
93.16,Proto,Blue,-4900.03,4163.95,2006.9,1,33.0,591.7,380.9,-5070.2,0
95.73,ZAŦH,Orange,1035.27,3665.29,729.37,0,33.0,789.0,-785.8,1214.5,1
98.63,ZAŦH,Orange,-678.18,2510.02,1106.85,0,33.0,1213.9,-1204.7,-466.3,0
99.09,rush,Blue,-1392.87,2719.08,523.14,0,33.0,866.9,91.2,-1516.4,1
101.33,rush,Blue,-286.18,2741.56,316.93,0,33.0,1596.8,711.2,-263.9,0
101.73,Taha (RLCS PRO BLUE TAG),Orange,-150.34,380.1,367.15,0,33.0,2043.2,859.3,-65.7,1
102.56,Taha (RLCS PRO BLUE TAG),Orange,-0.4,151.75,701.48,0,33.0,55.5,-55.5,232.1,0
103.86,Proto,Blue,-127.23,3200.38,184.63,1,33.0,1858.2,1690.0,-340.4,0
104.69,ZAŦH,Orange,397.46,520.26,122.08,0,33.0,2256.9,2110.3,304.5,1
105.59,Taha (RLCS PRO BLUE TAG),Orange,1249.12,1130.71,466.59,0,33.0,978.7,978.4,1368.9,0
105.79,Proto,Blue,1406.89,1786.28,331.71,0,33.0,1219.7,1100.2,1316.0,1
107.23,Proto,Blue,1826.64,1138.76,1144.33,0,33.0,591.2,-581.4,1948.5,0
108.39,ZAŦH,Orange,1497.08,1348.08,200.78,0,33.0,1825.7,-1291.6,1651.5,0
111.72,rush,Blue,-4504.77,1949.66,2074.79,1,33.0,1338.5,1311.8,-4710.2,1
114.22,rush,Blue,-1653.41,4206.56,1600.36,0,33.0,1464.8,1248.0,-1777.4,0
115.06,Taha (RLCS PRO BLUE TAG),Orange,-138.45,464.25,204.7,0,33.0,1896.0,-1739.1,12.4,0
118.19,Proto,Blue,-5017.19,2738.71,952.36,1,33.0,867.4,0.1,-5103.0,0
121.06,ZAŦH,Orange,433.57,442.08,757.4,1,33.0,1543.7,-1171.5,574.5,0
124.29,rush,Blue,-4041.36,2067.05,770.49,1,33.0,1310.8,-465.4,-4072.8,0
125.49,Taha (RLCS PRO BLUE TAG),Orange,-4594.7,2661.48,491.85,0,33.0,1242.3,1099.3,-4626.2,0
127.45,Proto,Blue,-4124.43,1289.64,998.19,1,33.0,2063.7,1594.2,-4340.9,0
128.65,ZAŦH,Orange,-1143.11,1062.35,1929.05,0,33.0,900.2,-886.7,-968.7,1
131.62,ZAŦH,Orange,-5023.03,1561.28,164.69,0,33.0,1695.1,-1491.5,-4988.1,0
135.19,Proto,Blue,-4526.08,649.82,1799.72,0,33.0,1093.9,1074.8,-4663.8,1
137.02,Proto,Blue,-2728.74,1177.95,1002.28,0,33.0,1237.1,1237.0,-2802.3,1
138.69,Proto,Blue,31.57,1782.03,1339.1,0,33.0,2154.6,2079.5,-126.0,0
140.12,Taha (RLCS PRO BLUE TAG),Orange,2815.02,1663.09,158.0,0,33.0,1953.4,855.4,2911.1,1
143.32,Taha (RLCS PRO BLUE TAG),Orange,3706.76,3477.29,390.5,0,33.0,682.5,-668.7,3847.5,1
145.22,Taha (RLCS PRO BLUE TAG),Orange,2239.81,2457.74,2288.89,1,33.0,1315.4,-995.2,2373.2,1
146.85,ZAŦH,Orange,439.0,316.06,761.57,0,33.0,1932.6,-1269.8,509.1,0
148.78,Proto,Blue,-4739.0,5200.91,379.7,1,33.0,1894.4,325.3,-4843.5,1
150.65,Proto,Blue,-4464.57,3402.58,2708.3,1,33.0,1871.7,404.6,-4542.4,1
151.95,Proto,Blue,-3474.03,2737.25,2237.08,1,33.0,1164.2,1164.0,-3590.9,1
153.58,Proto,Blue,-1266.31,1648.17,1188.23,0,33.0,1905.3,1785.3,-1360.9,1
154.81,rush,Blue,790.4,370.83,540.31,1,33.0,1976.6,1887.8,713.9,0
157.81,ZAŦH,Orange,5008.44,4005.61,2076.84,1,33.0,194.4,-0.1,5103.0,0
159.58,rush,Blue,2480.53,1408.65,888.01,0,33.0,620.3,403.1,2281.8,0
162.41,Taha (RLCS PRO BLUE TAG),Orange,3735.54,1390.23,1493.26,1,33.0,372.4,168.0,3807.6,0
165.28,Proto,Blue,3479.9,650.59,331.16,0,33.0,1474.6,1182.1,3325.8,0
165.38,Taha (RLCS PRO BLUE TAG),Orange,3531.0,3656.17,250.75,0,33.0,523.2,-81.9,3650.7,0
167.45,rush,Blue,3222.21,353.74,1888.8,0,33.0,2111.3,1958.3,3075.4,0
170.31,Taha (RLCS PRO BLUE TAG),Orange,4012.39,4095.3,1742.5,1,33.0,1900.3,-237.1,4021.0,1
172.11,Taha (RLCS PRO BLUE TAG),Orange,2013.73,3577.89,2301.31,0,33.0,1377.0,-1282.3,2116.6,0
174.81,rush,Blue,-1938.54,1526.44,238.39,0,33.0,1183.4,-910.5,-1917.7,1
176.34,Proto,Blue,-4592.65,2494.6,1466.37,1,33.0,913.7,-902.2,-4700.5,1
178.08,Proto,Blue,-4760.82,882.28,1928.87,1,33.0,486.1,486.1,-4888.8,1
180.64,Proto,Blue,-2272.61,996.23,1020.15,0,33.0,1197.6,1085.2,-2381.3,0
181.11,Taha (RLCS PRO BLUE TAG),Orange,-1773.93,3273.78,315.73,0,33.0,1598.4,-38.7,-1676.5,1
184.04,Taha (RLCS PRO BLUE TAG),Orange,-2781.7,2200.15,1668.63,0,33.0,907.4,-634.4,-2678.1,0
195.22,Proto,Blue,0.0,1450.14,630.37,0,33.0,2238.2,2054.2,-203.4,0
195.29,Taha (RLCS PRO BLUE TAG),Orange,58.06,1363.44,428.36,0,33.0,2238.0,-1880.4,218.2,0
198.72,rush,Blue,852.05,2329.39,402.2,0,33.0,912.1,796.8,690.5,1
200.92,rush,Blue,4060.66,2047.44,1430.62,0,33.0,2146.5,1565.3,3955.4,0
201.29,Taha (RLCS PRO BLUE TAG),Orange,4602.03,2910.56,470.87,1,33.0,969.9,-71.9,4680.1,1
211.2,Taha (RLCS PRO BLUE TAG),Orange,-4.3,1424.9,433.37,0,33.0,626.1,-321.7,147.7,0
211.23,Proto,Blue,-3.14,1806.14,317.77,0,33.0,218.7,72.5,-162.6,0
212.4,ZAŦH,Orange,-69.1,490.84,952.74,0,33.0,1907.3,-1444.8,34.2,1
215.47,ZAŦH,Orange,-4412.06,3024.61,963.04,0,33.0,785.5,-768.8,-4410.1,1
216.33,ZAŦH,Orange,-4974.14,2429.72,874.55,0,33.0,1176.3,-336.5,-4978.3,0
217.0,rush,Blue,-5000.99,1882.28,604.3,0,33.0,228.5,-115.3,-4930.9,0
219.0,Taha (RLCS PRO BLUE TAG),Orange,-4103.18,933.12,915.59,0,33.0,601.4,-516.0,-3882.8,0
220.47,rush,Blue,-5001.74,2426.83,871.03,1,33.0,306.9,129.6,-5097.2,0
223.47,Taha (RLCS PRO BLUE TAG),Orange,-1054.51,2909.12,212.03,0,33.0,2252.1,2252.1,-1187.9,0
224.87,Proto,Blue,1425.84,1032.84,1136.29,0,33.0,2286.6,2271.4,1655.5,0
225.2,ZAŦH,Orange,1990.13,2124.06,518.18,1,33.0,1740.1,-1519.2,2117.5,1
226.63,Taha (RLCS PRO BLUE TAG),Orange,-423.07,743.64,241.16,0,33.0,2035.3,-1571.2,-437.9,0
227.46,rush,Blue,-1439.65,1971.24,253.22,1,33.0,1763.0,819.5,-1545.7,1
228.3,Proto,Blue,-220.03,1946.51,504.93,0,33.0,1481.4,-1479.0,-198.2,0
232.03,Taha (RLCS PRO BLUE TAG),Orange,4068.41,3418.06,381.82,1,33.0,2272.1,2198.0,3844.7,0
233.86,Proto,Blue,2757.98,311.66,859.84,0,33.0,905.5,504.4,2566.9,0
235.2,Taha (RLCS PRO BLUE TAG),Orange,4102.1,1040.3,1696.49,0,33.0,1717.3,-826.1,4240.0,0
239.36,rush,Blue,605.45,845.58,1905.02,0,33.0,2071.6,1992.1,499.8,1
242.43,Proto,Blue,3829.2,2083.18,2591.24,0,33.0,1800.5,1762.8,3622.7,1
252.79,Proto,Blue,147.91,1635.21,389.33,0,33.0,1985.2,1878.9,-69.6,0
252.79,Taha (RLCS PRO BLUE TAG),Orange,147.91,1755.26,389.33,0,33.0,2300.0,-2210.5,241.9,1
253.49,ZAŦH,Orange,2263.11,2849.28,926.85,1,33.0,1570.0,-1564.6,2495.2,1
257.03,ZAŦH,Orange,-3890.83,1095.25,1491.59,0,33.0,2277.0,-2210.7,-3720.8,0
257.36,rush,Blue,-4850.21,5818.27,528.43,1,33.0,1936.6,-195.7,-4920.4,1
267.49,rush,Blue,49.71,1716.04,415.25,0,33.0,2280.5,1455.1,-100.1,0
267.53,ZAŦH,Orange,63.85,915.05,288.99,0,33.0,1143.0,-975.3,187.2,1
268.79,Taha (RLCS PRO BLUE TAG),Orange,780.86,1260.38,995.16,0,33.0,2279.9,-2244.7,707.5,0
270.59,Proto,Blue,1322.24,1598.73,603.77,0,33.0,490.0,490.0,1236.6,1
272.89,Proto,Blue,2557.57,1164.35,1811.54,0,33.0,1393.8,938.9,2400.3,0
274.26,Taha (RLCS PRO BLUE TAG),Orange,4457.56,1807.71,573.19,0,33.0,638.5,-580.3,4610.1,0
274.36,Proto,Blue,4464.6,2827.93,289.5,0,33.0,1687.1,1489.1,4298.6,1
276.66,rush,Blue,3705.36,1325.0,1108.23,0,33.0,1257.4,1193.3,3549.4,0
277.99,Taha (RLCS PRO BLUE TAG),Orange,4853.96,2146.15,1657.86,1,33.0,1838.0,-692.4,4874.5,1
278.99,Taha (RLCS PRO BLUE TAG),Orange,4183.25,1045.33,1241.42,1,33.0,2188.2,-587.5,4228.2,1
281.09,Taha (RLCS PRO BLUE TAG),Orange,1375.91,542.94,983.72,0,33.0,2297.0,-1900.1,1513.7,0
282.46,Proto,Blue,-1733.69,940.79,1056.84,0,33.0,2300.0,2268.7,-1926.4,1
283.59,Proto,Blue,-3919.75,1133.57,485.14,1,33.0,2222.4,-682.0,-4055.9,1
285.99,Proto,Blue,-2879.39,2912.41,1354.35,0,33.0,1386.2,1385.8,-3109.9,1
288.06,Proto,Blue,331.4,1098.57,634.09,0,33.0,2078.0,1841.4,231.6,0
289.46,ZAŦH,Orange,3083.42,2649.9,507.96,1,33.0,558.1,302.2,3284.2,0
291.09,rush,Blue,4348.3,180.15,372.22,0,33.0,2250.6,2098.4,4151.0,1
291.26,Proto,Blue,4156.85,472.33,298.76,0,33.0,103.7,99.5,3988.7,1
292.99,Proto,Blue,3451.91,1566.79,389.94,0,33.0,1754.7,-1055.3,3471.2,0
293.12,ZAŦH,Orange,3409.5,2428.58,290.64,0,33.0,2191.9,-2169.5,3609.5,1
294.86,Taha (RLCS PRO BLUE TAG),Orange,1636.78,1423.32,980.22,0,33.0,1848.1,-1149.1,1761.9,0
295.36,rush,Blue,901.97,536.97,227.78,0,33.0,2233.2,336.5,915.7,0
296.92,ZAŦH,Orange,-2344.35,833.56,1710.52,0,33.0,1884.7,-1865.5,-2176.9,0
307.48,rush,Blue,0.0,1839.86,1197.89,0,33.0,2273.0,1956.8,-216.5,0
309.34,ZAŦH,Orange,4752.31,2085.95,1615.03,1,33.0,2214.2,-217.7,4884.2,1
310.81,Taha (RLCS PRO BLUE TAG),Orange,4033.56,1636.57,1574.93,0,33.0,567.2,-471.4,3980.9,1
312.44,Taha (RLCS PRO BLUE TAG),Orange,2069.91,898.74,1265.41,0,33.0,2287.7,-1894.2,2211.4,1
313.74,Taha (RLCS PRO BLUE TAG),Orange,-418.98,1305.04,761.86,0,33.0,2263.7,-2092.2,-360.1,0
315.78,Proto,Blue,-4833.42,1389.63,328.65,1,33.0,2226.5,-799.6,-4907.8,0
317.81,ZAŦH,Orange,-3563.79,1560.53,554.93,0,33.0,1713.0,-1692.5,-3334.6,1
320.34,Taha (RLCS PRO BLUE TAG),Orange,-4854.23,479.82,362.46,0,33.0,2299.9,532.8,-4829.9,0
320.37,Proto,Blue,-4842.7,802.06,222.81,1,33.0,1639.4,594.1,-4948.9,0
322.41,Taha (RLCS PRO BLUE TAG),Orange,-1881.23,1878.43,801.03,0,33.0,2112.1,2111.5,-2076.4,0
322.84,rush,Blue,-547.46,473.46,734.74,0,33.0,2086.3,-2021.2,-407.1,0
326.11,ZAŦH,Orange,5004.02,3815.61,2465.55,1,33.0,169.8,-0.5,5103.0,1
327.44,ZAŦH,Orange,4247.65,2828.21,961.84,0,33.0,1586.5,-1002.2,4358.4,1
328.34,ZAŦH,Orange,3048.24,1610.41,663.78,0,33.0,2265.8,-1445.1,3262.1,0
328.71,rush,Blue,2514.37,1135.73,390.62,0,33.0,1422.4,148.8,2379.7,1
330.74,rush,Blue,2031.52,1069.22,1717.34,0,33.0,1406.7,165.4,1945.4,1
333.74,Proto,Blue,1613.19,810.66,770.41,0,33.0,849.3,557.9,1409.4,0
334.84,Taha (RLCS PRO BLUE TAG),Orange,2304.51,1953.47,320.73,0,33.0,1749.1,-973.8,2443.0,0
335.64,Proto,Blue,1422.72,1691.16,1134.19,0,33.0,2252.5,2241.1,1239.1,0
336.14,Taha (RLCS PRO BLUE TAG),Orange,883.88,155.97,995.16,0,33.0,2279.9,-2244.7,707.5,1
336.14,ZAŦH,Orange,883.88,155.97,1139.38,0,33.0,2248.0,2093.7,805.6,1
337.8,Taha (RLCS PRO BLUE TAG),Orange,-192.42,850.77,417.29,0,33.0,711.3,-592.9,-105.2,1
339.54,Taha (RLCS PRO BLUE TAG),Orange,-2005.65,2152.96,282.41,0,33.0,1377.9,-1083.0,-1805.9,0
340.5,Proto,Blue,-2956.27,868.36,395.49,0,33.0,2283.5,1963.6,-3151.6,1
342.0,rush,Blue,-3202.02,1072.21,194.67,0,33.0,1086.4,-760.4,-3191.5,0
344.37,ZAŦH,Orange,-4171.97,147.73,340.31,0,33.0,1522.7,-891.0,-3927.4,0
345.97,Proto,Blue,-4588.86,1694.0,221.3,0,33.0,872.5,168.9,-4692.4,0
349.24,ZAŦH,Orange,-2941.4,1893.24,401.83,0,33.0,2172.6,-2136.2,-2819.1,0
349.34,Proto,Blue,-2998.96,539.92,295.4,0,33.0,1893.7,559.8,-3140.9,0
365.73,Taha (RLCS PRO BLUE TAG),Orange,0.0,492.4,398.06,0,33.0,2247.5,-1973.2,169.4,1
367.53,Taha (RLCS PRO BLUE TAG),Orange,-4672.44,2545.83,1399.99,0,33.0,2299.9,532.8,-4829.9,0
11.4,AlphaKep,Orange,13.76,1518.82,449.28,0,33.0,2231.1,-1933.5,169.8,0
11.43,Taha (RLCS PRO BLUE TAG),Blue,9.9,1558.11,315.24,0,33.0,780.0,118.5,-146.4,0
14.4,guh,Orange,-1979.09,1961.77,2058.33,0,33.0,1800.9,-1529.8,-1829.6,1
15.37,guh,Orange,-3175.48,1840.56,1889.22,0,33.0,1497.4,-1320.4,-3185.5,1
18.37,AlphaKep,Orange,-4814.81,1455.12,760.66,1,33.0,1691.9,-1269.1,-4597.0,0
18.67,Taha (RLCS PRO BLUE TAG),Blue,-5197.32,647.88,547.32,1,33.0,309.0,123.4,-5323.6,0
32.35,AlphaKep,Orange,0.0,1897.91,377.09,0,33.0,2286.3,-2120.6,149.3,0
32.35,Taha (RLCS PRO BLUE TAG),Blue,0.0,1350.73,377.09,0,33.0,2224.3,2202.5,-221.5,0
35.15,guh,Orange,-1559.05,1697.48,171.17,0,33.0,1426.6,-1372.2,-1491.9,1
36.51,guh,Orange,-3127.17,5447.59,1777.56,0,33.0,2145.5,-972.6,-3022.2,0
37.48,Ulttor,Blue,-4816.92,601.07,994.5,1,33.0,1410.9,-332.0,-4964.1,1
39.91,Ulttor,Blue,-4696.14,307.44,1145.83,1,33.0,420.5,321.6,-4926.3,1
41.78,Ulttor,Blue,-4622.18,325.57,1383.63,1,33.0,783.6,42.7,-4706.6,0
42.18,guh,Orange,-4383.13,2009.97,280.79,0,33.0,1554.4,-657.3,-4416.8,1
43.34,AlphaKep,Orange,-3630.82,3029.93,934.76,0,33.0,1696.3,-921.7,-3453.2,0
44.31,Ulttor,Blue,-4338.91,1773.78,450.51,0,33.0,941.2,541.4,-4578.8,0
47.31,guh,Orange,-1205.16,3079.83,556.55,0,33.0,1783.3,-1462.5,-1014.4,0
47.41,Taha (RLCS PRO BLUE TAG),Blue,-1432.33,1617.94,450.97,0,33.0,2180.6,2174.5,-1570.5,1
48.84,Taha (RLCS PRO BLUE TAG),Blue,-4896.45,1981.15,2427.63,1,33.0,1663.3,-1324.4,-4919.3,0
49.81,guh,Orange,-3783.5,990.59,2019.01,0,33.0,2114.0,-1349.2,-3593.9,1
64.86,guh,Orange,0.0,1061.45,659.63,0,33.0,2297.7,-2237.6,211.2,0
64.93,Ulttor,Blue,-31.14,1314.5,472.89,0,33.0,2285.6,2208.1,-257.9,0
65.66,AlphaKep,Orange,-151.73,159.34,594.15,0,33.0,2279.4,-2271.0,71.2,0
65.76,Taha (RLCS PRO BLUE TAG),Blue,-230.39,569.32,357.83,0,33.0,2103.7,1959.0,-358.4,1
70.53,Taha (RLCS PRO BLUE TAG),Blue,-1901.42,1581.76,1666.91,0,33.0,2024.1,-819.1,-2006.1,1
72.49,Ulttor,Blue,-2402.7,1072.0,2334.78,0,33.0,2287.4,709.4,-2586.6,0
75.86,guh,Orange,-3206.52,3366.79,504.98,0,33.0,1132.4,-960.3,-3011.9,0
77.09,Taha (RLCS PRO BLUE TAG),Blue,-5068.42,2528.05,273.5,1,33.0,526.4,74.1,-5127.6,0
88.03,guh,Orange,0.0,921.23,684.83,0,33.0,2282.5,-1712.4,172.5,0
88.07,Ulttor,Blue,-47.47,1236.4,485.57,0,33.0,2174.3,1815.7,-237.1,1
88.9,Taha (RLCS PRO BLUE TAG),Blue,-320.29,459.09,937.55,0,33.0,803.2,755.9,-544.5,0
89.1,AlphaKep,Orange,-200.99,681.26,439.48,0,33.0,2299.3,-1972.7,-45.2,1
91.1,guh,Orange,1475.14,1785.74,799.01,0,33.0,408.1,290.6,1597.0,0
91.33,Taha (RLCS PRO BLUE TAG),Blue,1624.92,1305.9,371.87,0,33.0,2266.3,2146.7,1435.1,1
94.03,Taha (RLCS PRO BLUE TAG),Blue,4327.08,2630.06,639.24,0,33.0,2259.0,-129.4,4189.9,0
96.13,guh,Orange,3444.97,944.53,447.23,1,33.0,1383.8,-342.0,3629.9,0
96.23,Ulttor,Blue,3458.29,1362.74,334.51,0,33.0,2091.6,1110.8,3283.6,0
96.4,AlphaKep,Orange,3384.57,350.73,151.2,0,33.0,1113.9,200.8,3396.4,0
98.63,Ulttor,Blue,2358.54,2466.07,694.04,0,33.0,2244.8,708.3,2231.5,0
98.83,AlphaKep,Orange,2459.07,1150.47,239.18,0,33.0,2292.4,-1585.8,2531.4,1
101.9,AlphaKep,Orange,877.77,1810.49,997.27,0,33.0,1509.3,1472.2,848.4,0
104.83,Taha (RLCS PRO BLUE TAG),Blue,725.21,1179.27,1688.43,0,33.0,1350.6,1150.2,597.3,1
106.36,Taha (RLCS PRO BLUE TAG),Blue,2588.97,863.08,1357.32,0,33.0,1351.9,1279.7,2421.8,0
107.23,guh,Orange,3588.47,1376.54,426.02,0,33.0,42.8,41.2,3727.3,1
110.36,AlphaKep,Orange,3659.52,1844.89,709.08,0,33.0,1757.2,-1736.5,3845.7,0
110.46,Ulttor,Blue,3430.36,773.08,465.64,0,33.0,1126.0,1077.6,3255.6,0
112.89,AlphaKep,Orange,-1258.16,1720.88,742.57,0,33.0,2286.8,-2286.1,-1113.3,0
114.59,Taha (RLCS PRO BLUE TAG),Blue,-4784.32,3561.76,511.1,1,33.0,837.1,-813.4,-4964.0,0
114.69,AlphaKep,Orange,-4893.86,2260.99,421.59,0,33.0,2067.7,-2042.5,-4713.8,0
116.93,Taha (RLCS PRO BLUE TAG),Blue,-3027.46,383.55,411.36,0,33.0,2031.8,1752.8,-3215.3,1
117.89,Taha (RLCS PRO BLUE TAG),Blue,-1330.44,473.33,1620.98,0,33.0,2120.1,1961.8,-1373.9,0
119.69,guh,Orange,2299.58,2469.43,178.03,1,33.0,1064.3,767.9,2475.5,0
119.73,Taha (RLCS PRO BLUE TAG),Blue,2365.56,2555.79,143.0,0,33.0,1424.6,1030.1,2427.6,0
121.69,guh,Orange,2576.39,1451.57,422.03,0,33.0,2287.3,-1024.9,2742.4,0
121.79,Ulttor,Blue,2415.69,543.99,411.96,0,33.0,830.2,-535.4,2263.4,1
123.73,Taha (RLCS PRO BLUE TAG),Blue,-2426.28,1436.75,765.28,0,33.0,2214.0,-2171.6,-2329.3,1
125.06,Taha (RLCS PRO BLUE TAG),Blue,-4798.9,1091.69,1597.77,1,33.0,2040.3,-1553.5,-4786.3,1
125.82,Ulttor,Blue,-4498.0,788.82,295.83,0,33.0,2232.7,-460.0,-4278.2,0
126.19,guh,Orange,-4384.51,1132.59,493.22,0,33.0,1864.1,-851.6,-4167.6,1
140.35,AlphaKep,Orange,-20.14,978.93,937.35,0,33.0,1996.6,-1571.3,125.9,0
142.08,Taha (RLCS PRO BLUE TAG),Blue,-4211.87,2990.8,1918.86,1,33.0,787.3,768.8,-4352.6,1
144.25,Taha (RLCS PRO BLUE TAG),Blue,-1310.72,1969.88,1558.5,0,33.0,1791.0,1785.1,-1403.3,1
145.92,Ulttor,Blue,2489.97,916.32,1020.65,0,33.0,1879.4,1275.9,2447.9,0
146.32,guh,Orange,3369.9,969.31,689.56,0,33.0,380.2,150.5,3564.1,1
148.05,guh,Orange,2358.11,1035.13,1041.24,0,33.0,1769.4,-1768.2,2526.8,1
149.35,guh,Orange,2.13,638.55,608.74,0,33.0,1831.2,-1815.3,157.2,1
169.69,AlphaKep,Orange,0.0,940.48,902.59,0,33.0,214.7,-193.3,209.5,1
171.12,AlphaKep,Orange,0.0,913.26,917.81,0,33.0,302.0,-296.4,201.5,1
173.53,AlphaKep,Orange,463.78,846.46,807.31,0,33.0,1355.0,281.8,642.0,0
10.9,luc^^,Blue,0.0,9999.0,503.84,0,33.0,2283.9,2195.6,-174.2,0
10.97,Tfzu,Orange,27.3,1395.14,362.51,0,33.0,1024.4,280.5,173.9,1
12.27,iwishbesleepin,Orange,268.48,271.5,1048.67,0,33.0,2029.6,-207.0,416.6,1
13.65,iwishbesleepin,Orange,-854.75,3385.08,4358.93,0,33.0,1533.5,-1319.3,-683.3,1
17.74,iwishbesleepin,Orange,-3515.87,2801.77,943.77,0,33.0,1804.2,1668.4,-3707.9,1
18.56,Tfzu,Orange,-1908.48,839.99,1605.75,1,33.0,2236.0,-370.4,-1790.8,1
20.1,Tfzu,Orange,-2894.99,3006.06,1632.82,0,33.0,924.3,-709.4,-2831.9,1
21.41,Tfzu,Orange,-4087.09,4954.14,799.68,0,33.0,1201.2,-1190.5,-3964.0,1
27.8,iwishbesleepin,Orange,4036.28,4369.9,7088.63,1,33.0,1227.8,556.2,4105.9,0
30.87,luc^^,Blue,1633.03,9999.0,3241.18,0,33.0,2221.9,1467.8,1505.2,0
35.68,iwishbesleepin,Orange,4363.29,4651.75,4011.71,1,33.0,2279.6,-445.8,4408.3,1
37.22,iwishbesleepin,Orange,2442.5,3919.01,4043.21,1,33.0,1748.5,-1628.8,2508.7,1
38.74,iwishbesleepin,Orange,247.13,3367.66,2779.96,1,33.0,1939.6,-1281.5,216.0,1
42.29,Tfzu,Orange,-1051.4,3154.14,2949.03,1,33.0,2278.6,922.9,-828.2,1
47.17,Tfzu,Orange,3590.51,1349.02,3015.96,0,33.0,1635.4,-1560.3,3771.5,0
49.31,luc^^,Blue,101.19,9999.0,200.27,0,33.0,462.6,145.3,-86.8,0
55.17,iwishbesleepin,Orange,3688.78,3153.13,5148.22,1,33.0,1106.7,-1064.3,3818.4,0
58.19,luc^^,Blue,-2139.91,9999.0,503.13,0,33.0,940.1,-741.7,-2195.6,0
61.01,iwishbesleepin,Orange,-1327.54,2620.66,4587.28,1,33.0,2189.9,115.0,-1196.3,1
67.12,iwishbesleepin,Orange,2371.49,2541.24,3229.3,0,33.0,2073.7,976.7,2510.5,0
70.06,luc^^,Blue,2191.99,9999.0,515.11,0,33.0,2284.9,142.4,2225.5,0
72.17,Tfzu,Orange,-364.56,1918.53,1240.99,0,33.0,2001.7,-1876.0,-255.7,0
88.01,luc^^,Blue,0.0,4240.61,454.83,0,33.0,2272.9,2269.7,-179.5,0
88.05,Tfzu,Orange,21.27,1372.16,302.89,0,33.0,378.4,-119.4,164.0,1
90.59,iwishbesleepin,Orange,2529.48,744.67,2240.53,1,33.0,1877.3,1794.0,2515.6,1
92.92,iwishbesleepin,Orange,4941.8,2482.73,2197.86,1,33.0,751.1,-626.7,5016.1,0
95.16,luc^^,Blue,1536.62,6324.6,802.14,0,33.0,1093.3,-5.9,1405.1,0
95.27,iwishbesleepin,Orange,1618.05,642.08,446.87,0,33.0,2004.1,-2002.4,1736.1,1
97.47,Tfzu,Orange,2831.03,1923.12,6107.49,1,33.0,1674.5,-1641.8,2990.3,0
101.21,luc^^,Blue,-1623.74,2996.13,4277.31,0,33.0,1559.8,624.0,-1754.9,0
102.28,iwishbesleepin,Orange,-274.02,2579.83,453.65,0,33.0,2299.5,-2299.2,-115.6,0
102.32,luc^^,Blue,-309.33,3532.27,423.54,0,33.0,1769.7,1564.4,-529.1,1
104.35,luc^^,Blue,2835.35,6797.31,1046.73,0,33.0,2297.9,2026.7,2727.8,0
118.27,iwishbesleepin,Orange,11.58,1618.99,1867.02,0,33.0,538.3,-340.9,169.3,1
119.34,Tfzu,Orange,-235.17,1018.91,306.93,0,33.0,2193.4,-1267.0,-135.6,1
127.94,iwishbesleepin,Orange,1059.42,1792.8,3042.41,0,33.0,1225.8,688.9,1094.9,1
129.85,Tfzu,Orange,4881.31,2333.56,2949.83,1,33.0,82.2,0.1,5103.0,1
130.63,Tfzu,Orange,4256.47,1418.24,2922.59,1,33.0,1285.9,-1233.2,4430.2,1
131.8,Tfzu,Orange,4253.63,1481.3,1201.18,0,33.0,2124.1,292.2,4291.8,1
133.69,Tfzu,Orange,3716.39,2460.26,2702.41,1,33.0,1787.5,-1700.8,3856.6,1
135.67,Tfzu,Orange,-229.29,1881.83,828.47,0,33.0,2292.2,-2235.3,-104.2,1
137.32,Tfzu,Orange,-3367.5,2553.49,930.81,0,33.0,2076.1,-2013.1,-3235.9,0
139.35,luc^^,Blue,-2882.72,1029.34,2497.01,0,33.0,1398.1,1357.6,-3080.9,1
140.49,luc^^,Blue,-837.01,2913.89,1299.91,0,33.0,2047.6,2006.9,-1052.9,0
141.82,iwishbesleepin,Orange,1417.11,695.35,484.49,0,33.0,1488.8,1304.4,1490.4,0
143.99,luc^^,Blue,3133.04,7372.57,242.26,0,33.0,1516.7,-1515.8,3089.8,1
145.71,luc^^,Blue,2022.33,6186.14,1238.04,0,33.0,688.0,564.9,1859.3,1
147.41,luc^^,Blue,3348.63,7224.04,1311.65,0,33.0,1834.4,1064.8,3244.2,0
159.62,Tfzu,Orange,0.0,1768.12,452.34,0,33.0,2244.6,-2140.7,-101.5,1
160.9,iwishbesleepin,Orange,-89.52,1485.42,2826.02,0,33.0,2028.1,-1940.0,86.8,1
167.52,iwishbesleepin,Orange,3603.54,2497.16,592.27,1,33.0,890.8,263.3,3712.8,0
169.04,luc^^,Blue,2661.93,5705.92,324.48,0,33.0,1329.5,1055.9,2526.4,0
169.11,Tfzu,Orange,2753.09,2032.7,166.9,0,33.0,1749.2,-1437.8,2668.3,1
172.23,iwishbesleepin,Orange,5205.3,3798.78,1710.18,1,33.0,1731.7,-1728.9,5281.6,1
181.69,iwishbesleepin,Orange,13.63,585.13,2175.76,0,33.0,897.8,-30.0,165.5,0
182.55,luc^^,Blue,45.6,3421.13,291.28,0,33.0,2048.2,2042.1,-60.5,0
182.58,Tfzu,Orange,118.63,652.35,291.28,0,33.0,2067.2,-2067.1,230.7,1
188.86,iwishbesleepin,Orange,4281.91,1041.4,2348.11,0,33.0,1118.8,-1040.6,4403.7,0
191.48,luc^^,Blue,1832.58,2232.09,1703.39,0,33.0,734.3,634.5,1731.6,1
192.71,luc^^,Blue,2124.43,2698.93,1211.84,0,33.0,1336.8,5.5,2207.8,0
195.49,Tfzu,Orange,3638.21,1822.8,2904.42,0,33.0,1222.6,-30.0,3751.6,1
200.05,iwishbesleepin,Orange,4440.46,31.13,777.39,0,33.0,1790.6,-737.5,4613.2,1
200.43,Tfzu,Orange,4227.93,56.38,189.81,0,33.0,1829.5,-1025.2,4362.4,0
202.08,luc^^,Blue,1805.62,5575.45,449.07,0,33.0,2295.8,1394.0,1612.5,0
202.08,Tfzu,Orange,1805.62,278.06,449.07,0,33.0,1477.1,-1475.2,2012.6,1
204.69,Tfzu,Orange,230.71,358.77,2917.2,0,33.0,2300.0,-625.4,259.1,1
207.21,Tfzu,Orange,-2578.11,1565.29,756.52,0,33.0,2109.5,-2109.1,-2496.1,1
208.03,Tfzu,Orange,-3837.87,2786.27,910.57,0,33.0,1832.1,-1352.1,-3909.5,1
210.24,iwishbesleepin,Orange,-3893.43,723.56,1066.93,0,33.0,420.3,-373.2,-3710.0,0
212.41,luc^^,Blue,-4084.11,1562.71,499.2,1,33.0,366.4,-217.2,-3975.8,0
218.48,iwishbesleepin,Orange,-720.93,2423.92,1978.88,0,33.0,1684.6,-1060.2,-574.1,1
219.61,Tfzu,Orange,1224.43,1528.12,2976.72,0,33.0,1200.0,500.2,1317.1,1
220.44,Tfzu,Orange,743.47,1160.79,2249.69,0,33.0,1230.3,-1039.8,905.5,0
222.99,luc^^,Blue,-2438.49,1441.23,347.6,0,33.0,639.0,599.4,-2576.8,1
226.27,luc^^,Blue,748.0,4568.82,704.6,0,33.0,1830.7,1829.2,607.5,1
239.92,luc^^,Blue,0.0,3333.91,458.73,0,33.0,2284.2,2233.7,-231.8,0
239.92,Tfzu,Orange,0.0,612.79,458.73,0,33.0,2258.1,-1928.2,221.3,0
244.04,luc^^,Blue,3394.26,2216.01,604.41,0,33.0,1922.7,1919.7,3319.7,0
244.24,iwishbesleepin,Orange,3786.74,1560.09,225.5,0,33.0,1298.9,-11.1,3770.7,0
12.31,Aabdullahh7,Orange,29.51,1476.53,2391.1,1,33.0,2275.2,1871.0,-152.4,1
13.6,Aabdullahh7,Orange,2720.85,2852.79,737.05,1,33.0,2298.7,2178.9,2557.0,0
13.81,no friday rlcs streams :(,Blue,3180.44,2264.58,450.35,1,33.0,466.6,456.7,3370.3,0
15.43,Aabdullahh7,Orange,4317.22,2139.29,1022.51,1,33.0,1471.6,767.0,4107.5,0
16.8,! Ravan,Blue,4624.44,814.44,648.32,1,33.0,549.8,-540.0,4765.5,0
18.42,Aabdullahh7,Orange,2446.19,2560.22,120.18,1,33.0,2165.9,-1548.0,2590.0,0
20.34,! Ravan,Blue,559.0,662.02,2561.65,1,33.0,1100.5,-700.0,633.7,0
21.84,yukokoninho.,Orange,-1797.91,4551.33,288.93,1,33.0,2273.9,2191.3,-1922.6,1
39.87,yukokoninho.,Orange,0.0,1415.32,407.49,0,33.0,2269.1,1874.0,-202.9,0
39.87,no friday rlcs streams :(,Blue,0.0,1657.13,407.49,0,33.0,2274.1,-1904.0,179.6,0
43.2,yukokoninho.,Orange,-2467.31,1869.75,404.41,0,33.0,2021.1,-1470.5,-2408.4,0
43.24,! Ravan,Blue,-2554.18,6268.28,201.95,1,33.0,2139.6,-1993.9,-2442.6,0
45.71,Aabdullahh7,Orange,-3880.97,5307.54,1059.73,0,33.0,1797.4,1580.3,-4002.0,1
47.78,Aabdullahh7,Orange,-157.36,4180.7,1496.76,0,33.0,2275.1,2004.2,-263.2,1
48.94,Aabdullahh7,Orange,2027.07,3191.12,1430.69,0,33.0,2124.7,2079.9,1951.1,0
50.19,no friday rlcs streams :(,Blue,4661.4,5528.4,603.61,0,33.0,1381.0,1193.6,4729.3,0
50.29,Aabdullahh7,Orange,4809.51,2116.33,399.81,1,33.0,1949.7,1938.7,4620.7,0
52.38,no friday rlcs streams :(,Blue,3915.14,4250.88,342.72,0,33.0,1528.7,-518.7,4013.9,1
55.96,no friday rlcs streams :(,Blue,-2251.5,3134.36,1836.41,1,33.0,1887.0,-1626.5,-2233.8,0
57.44,yukokoninho.,Orange,-4347.52,330.41,878.75,0,33.0,1741.6,1006.9,-4481.7,1
61.31,yukokoninho.,Orange,-518.34,863.0,2337.23,0,33.0,1352.7,1206.0,-714.9,0
62.14,! Ravan,Blue,658.22,3747.04,531.94,0,33.0,1759.4,-1283.0,835.1,0
62.2,yukokoninho.,Orange,586.95,1183.66,243.71,0,33.0,1641.9,1375.9,469.2,0
63.55,! Ravan,Blue,1591.8,2966.66,882.68,0,33.0,2293.1,778.5,1410.8,0
64.52,Aabdullahh7,Orange,2227.83,1903.34,451.34,0,33.0,2112.8,1617.9,2054.6,0
67.14,no friday rlcs streams :(,Blue,3650.08,1067.24,278.73,0,33.0,1777.6,-1550.1,3808.3,0
68.38,yukokoninho.,Orange,1085.77,3515.35,1194.81,0,33.0,2043.5,-323.1,965.4,1
70.71,yukokoninho.,Orange,1259.42,126.12,631.1,0,33.0,90.8,90.8,1132.4,0
71.43,no friday rlcs streams :(,Blue,1297.22,2449.82,140.32,0,33.0,702.2,261.7,1313.6,0
73.86,Aabdullahh7,Orange,1403.77,4241.77,648.85,0,33.0,1013.3,991.1,1190.2,1
75.28,Aabdullahh7,Orange,2858.61,2502.69,846.61,0,33.0,1541.7,1189.8,2756.4,1
76.38,Aabdullahh7,Orange,4363.61,533.4,474.65,0,33.0,1998.6,1262.5,4150.0,0
76.66,! Ravan,Blue,4735.48,794.98,464.08,0,33.0,1355.0,-1066.3,4908.8,1
76.86,no friday rlcs streams :(,Blue,4477.1,368.62,120.07,0,33.0,1857.0,871.5,4478.2,0
80.59,yukokoninho.,Orange,-1067.83,1917.71,823.6,0,33.0,1165.3,-1153.0,-960.4,1
81.24,Aabdullahh7,Orange,-2733.33,906.21,2638.16,0,33.0,2155.6,1103.5,-2867.8,1
83.11,yukokoninho.,Orange,-5029.77,2561.25,2617.55,0,33.0,495.4,-12.6,-5102.4,1
85.65,yukokoninho.,Orange,-2798.35,989.98,3134.94,0,33.0,1946.0,1601.8,-2934.6,1
86.67,Aabdullahh7,Orange,-1724.06,358.83,1816.61,0,33.0,2008.1,1997.0,-1830.3,0
88.56,no friday rlcs streams :(,Blue,3138.41,1112.42,991.29,0,33.0,2270.8,2235.3,3182.5,1
89.52,! Ravan,Blue,4978.91,814.96,1807.23,0,33.0,1426.9,-22.3,5104.8,0
91.92,yukokoninho.,Orange,601.99,2171.75,1984.42,0,33.0,301.6,292.5,379.0,0
93.52,no friday rlcs streams :(,Blue,1318.44,762.81,978.32,0,33.0,1557.3,-1410.2,1504.6,1
96.25,! Ravan,Blue,-2576.7,1049.86,1973.35,0,33.0,1889.2,-1889.2,-2444.9,0
97.28,Aabdullahh7,Orange,-4556.92,3360.71,632.26,0,33.0,668.4,380.9,-4796.0,0
97.41,! Ravan,Blue,-4548.91,2942.14,315.22,1,33.0,1633.5,-1577.2,-4498.4,1
99.12,no friday rlcs streams :(,Blue,-3320.95,3451.29,481.24,0,33.0,1759.2,-1533.9,-3129.0,0
99.19,Aabdullahh7,Orange,-3383.25,1898.7,294.61,0,33.0,773.1,158.0,-3527.8,1
102.59,yukokoninho.,Orange,-3070.81,445.61,2699.41,0,33.0,742.6,673.7,-3249.5,1
105.21,Aabdullahh7,Orange,2837.1,3281.95,3046.8,0,33.0,708.4,139.8,2809.9,0
107.75,no friday rlcs streams :(,Blue,4840.73,790.21,2073.06,0,33.0,387.2,-296.2,4909.8,0
109.63,Aabdullahh7,Orange,3995.83,3158.17,592.56,0,33.0,1869.5,1848.7,3765.9,0
109.73,no friday rlcs streams :(,Blue,4169.15,494.77,419.39,0,33.0,549.1,-347.3,4279.9,0
114.56,Aabdullahh7,Orange,2549.88,628.62,241.42,0,33.0,1339.7,-221.7,2480.0,0
114.56,no friday rlcs streams :(,Blue,2549.88,780.69,241.42,0,33.0,2037.4,-1744.9,2671.6,1
116.94,no friday rlcs streams :(,Blue,-1805.1,618.02,1702.58,1,33.0,2279.6,-1578.1,-1656.2,0
136.51,Aabdullahh7,Orange,0.0,685.66,944.22,0,33.0,2263.4,2256.7,-222.4,0
136.65,! Ravan,Blue,218.57,1383.11,376.69,0,33.0,1901.1,-1893.6,437.2,1
137.85,no friday rlcs streams :(,Blue,-85.96,906.7,1770.25,0,33.0,2251.4,2245.7,-236.9,0
140.25,yukokoninho.,Orange,-582.33,2301.36,492.36,0,33.0,697.5,-198.5,-622.0,1
141.86,yukokoninho.,Orange,-130.06,1169.8,353.56,0,33.0,1334.9,1329.2,-302.3,1
143.86,yukokoninho.,Orange,3000.79,210.22,1824.92,0,33.0,1938.7,1931.7,2801.9,0
145.13,! Ravan,Blue,4976.6,471.73,629.94,0,33.0,303.1,-299.9,5098.0,0
146.98,Aabdullahh7,Orange,4121.49,1453.46,2151.37,0,33.0,1342.9,810.9,3936.2,1
148.76,Aabdullahh7,Orange,4579.29,1839.41,549.52,1,33.0,1963.7,467.8,4477.6,0
148.83,! Ravan,Blue,4617.15,2123.39,480.18,0,33.0,984.0,-984.0,4735.1,0
154.64,yukokoninho.,Orange,-2800.45,1690.2,2074.48,0,33.0,1675.6,-1133.8,-2924.8,1
156.52,yukokoninho.,Orange,-4452.08,2081.28,2500.68,0,33.0,2153.9,-275.9,-4555.2,0
157.59,! Ravan,Blue,-4108.71,3421.19,618.57,1,33.0,2272.4,-1876.5,-3983.1,0
157.73,yukokoninho.,Orange,-4334.79,1636.45,514.61,0,33.0,874.3,399.1,-4479.2,1
161.14,yukokoninho.,Orange,-2261.86,618.32,1914.18,0,33.0,1992.0,910.5,-2386.9,0
161.93,no friday rlcs streams :(,Blue,-783.22,1226.29,930.72,0,33.0,1145.5,-109.1,-579.0,0
163.98,Aabdullahh7,Orange,-2082.07,1129.68,1192.13,0,33.0,734.3,-728.3,-2109.8,1
166.64,Aabdullahh7,Orange,-2790.16,1614.42,443.48,0,33.0,140.5,139.4,-2944.6,0
166.67,no friday rlcs streams :(,Blue,-2822.0,1231.11,294.67,1,33.0,1997.0,-1996.9,-2678.7,1
170.26,! Ravan,Blue,-3313.88,4799.66,1935.71,0,33.0,1087.0,-1086.8,-3155.9,0
171.26,yukokoninho.,Orange,-4991.28,2970.46,963.34,0,33.0,888.5,0.4,-5103.0,1
173.91,yukokoninho.,Orange,-4110.04,1906.84,1624.7,0,33.0,1658.4,650.8,-4273.6,0
175.0,no friday rlcs streams :(,Blue,-1888.2,1394.38,1021.69,0,33.0,750.4,743.7,-1709.3,1
177.12,no friday rlcs streams :(,Blue,-1273.21,587.49,1422.23,1,33.0,1026.7,-698.0,-1141.9,0
178.05,yukokoninho.,Orange,-1875.39,1940.87,67.59,0,33.0,1814.5,-1798.1,-1745.9,0
179.35,! Ravan,Blue,-2842.63,2824.21,396.47,1,33.0,2282.0,-2260.7,-2648.3,0
179.35,yukokoninho.,Orange,-2842.63,1339.71,396.47,0,33.0,945.9,176.4,-2983.9,1
180.38,Aabdullahh7,Orange,-4008.43,883.01,1663.63,0,33.0,2174.0,342.2,-4146.8,1
182.57,Aabdullahh7,Orange,-3139.36,2192.37,1642.42,0,33.0,816.2,651.9,-3322.7,1
185.19,Aabdullahh7,Orange,-991.36,2270.53,2878.56,0,33.0,1393.9,802.5,-1127.7,0
186.83,no friday rlcs streams :(,Blue,990.92,1072.73,1394.92,0,33.0,2259.5,-1980.8,1205.8,0
189.13,yukokoninho.,Orange,-4576.26,3157.83,1587.96,0,33.0,1186.8,-982.2,-4702.5,1
191.87,yukokoninho.,Orange,-4055.6,2273.76,1618.12,0,33.0,947.8,751.0,-4194.5,0
192.63,no friday rlcs streams :(,Blue,-3341.12,1884.43,322.74,1,33.0,2273.8,-1004.8,-3217.4,0
194.55,yukokoninho.,Orange,-2581.11,2084.79,1043.57,0,33.0,884.1,728.0,-2468.6,1
196.96,Aabdullahh7,Orange,-505.04,844.17,544.86,0,33.0,2139.6,1975.1,-684.1,0
197.04,no friday rlcs streams :(,Blue,-445.55,1165.84,412.81,0,33.0,1997.7,-1336.4,-290.9,0
199.3,yukokoninho.,Orange,-2476.37,2083.03,522.81,0,33.0,1173.2,-162.4,-2538.5,0
201.02,! Ravan,Blue,-1554.93,949.43,387.51,0,33.0,2287.2,-2052.2,-1374.3,0
211.7,yukokoninho.,Orange,0.0,618.33,386.6,0,33.0,2282.2,2157.4,-207.0,0
211.7,no friday rlcs streams :(,Blue,0.0,1766.59,386.6,0,33.0,2281.8,-2280.3,179.0,0
215.03,Aabdullahh7,Orange,5.67,2384.13,921.58,0,33.0,526.3,345.9,-146.3,1
218.0,Aabdullahh7,Orange,3408.5,2311.34,1425.18,0,33.0,1593.9,1478.7,3283.8,0
219.27,no friday rlcs streams :(,Blue,5028.48,1146.97,422.14,0,33.0,167.9,-0.3,5103.0,0
219.89,yukokoninho.,Orange,4590.73,585.32,695.83,0,33.0,2249.0,2072.9,4446.7,1
221.27,yukokoninho.,Orange,3775.7,945.55,865.24,0,33.0,1610.6,1114.3,3543.7,0
221.48,no friday rlcs streams :(,Blue,3855.24,747.81,346.28,0,33.0,2298.6,-1069.7,4028.0,0
222.07,yukokoninho.,Orange,2618.34,764.62,859.53,0,33.0,1143.7,-1080.7,2671.3,1
223.03,Aabdullahh7,Orange,874.79,1824.64,1176.4,0,33.0,1902.9,-1827.0,935.4,0
226.28,no friday rlcs streams :(,Blue,-5026.22,2655.94,230.6,1,33.0,1998.7,-1896.5,-4901.4,0
228.51,Aabdullahh7,Orange,-4143.91,441.37,856.89,0,33.0,1435.2,1337.2,-3964.1,1
228.75,yukokoninho.,Orange,-3862.46,539.66,1352.03,0,33.0,1055.0,1054.2,-3725.2,0
229.2,! Ravan,Blue,-3237.79,1515.94,371.43,1,33.0,1629.3,-1279.3,-3102.7,0
231.13,Aabdullahh7,Orange,-3299.02,506.59,945.16,0,33.0,332.7,-323.3,-3331.8,1
233.79,yukokoninho.,Orange,-1736.29,2716.08,1319.18,0,33.0,1020.3,998.1,-1803.7,1
235.7,yukokoninho.,Orange,739.37,2659.85,514.84,0,33.0,1501.7,1488.9,621.0,0
236.42,no friday rlcs streams :(,Blue,1753.47,482.43,267.76,0,33.0,966.6,831.7,1802.0,1
237.96,no friday rlcs streams :(,Blue,3396.4,697.9,430.68,0,33.0,1280.5,1279.5,3336.7,0
238.85,Aabdullahh7,Orange,4530.32,840.86,207.69,1,33.0,2190.0,2183.7,4505.6,0
239.12,! Ravan,Blue,4892.4,608.06,259.89,0,33.0,544.9,-0.3,5103.0,1
240.26,no friday rlcs streams :(,Blue,4624.62,683.44,437.14,0,33.0,1334.5,-1222.7,4760.1,0
240.47,Aabdullahh7,Orange,4314.72,1381.65,273.4,0,33.0,1222.7,-1222.1,4377.8,1
242.36,yukokoninho.,Orange,1438.6,710.02,825.25,0,33.0,1545.7,-1024.3,1427.2,0
243.05,no friday rlcs streams :(,Blue,520.19,1778.85,475.61,0,33.0,2258.2,-2015.2,709.3,0
244.39,Aabdullahh7,Orange,-3828.43,1845.26,856.89,0,33.0,1435.2,1337.2,-3964.1,1
247.0,Aabdullahh7,Orange,-5010.52,2196.11,612.15,0,33.0,1485.1,0.3,-5103.0,0
248.79,no friday rlcs streams :(,Blue,-3895.31,2150.18,112.25,1,33.0,1906.8,1261.1,-4052.4,0
249.78,Aabdullahh7,Orange,-2954.65,418.4,323.24,0,33.0,2155.6,1103.5,-2867.8,0
251.79,! Ravan,Blue,-541.27,419.78,355.72,0,33.0,1338.9,1319.8,-605.6,1
253.93,! Ravan,Blue,2981.18,1786.54,261.95,0,33.0,1786.6,1763.5,2902.3,0
254.1,Aabdullahh7,Orange,3288.97,577.85,355.86,0,33.0,1961.9,1790.0,3215.2,0
255.32,no friday rlcs streams :(,Blue,4594.97,747.32,562.85,0,33.0,1190.1,-977.4,4811.6,1
256.87,no friday rlcs streams :(,Blue,2333.98,1804.44,861.88,0,33.0,2025.6,-2024.7,2456.9,0
258.18,yukokoninho.,Orange,-998.26,594.84,602.04,0,33.0,2096.6,-1538.9,-998.5,1
263.61,yukokoninho.,Orange,-3131.43,659.85,1494.27,0,33.0,1291.8,1234.5,-3329.9,0
265.58,! Ravan,Blue,-883.87,1431.22,176.2,0,33.0,1673.2,601.5,-815.1,1
268.04,! Ravan,Blue,-426.37,1416.66,1833.65,0,33.0,1804.3,-199.3,-250.3,1
270.16,no friday rlcs streams :(,Blue,-1037.49,1369.13,2498.77,0,33.0,1380.3,-1023.0,-876.5,1
271.37,no friday rlcs streams :(,Blue,-2734.24,2080.7,523.36,1,33.0,2102.6,-1693.0,-2525.6,0
271.44,Aabdullahh7,Orange,-2834.32,2368.91,347.13,0,33.0,904.0,341.9,-3024.9,0
273.64,! Ravan,Blue,-2838.06,2223.64,612.55,0,33.0,1571.7,-1377.6,-2668.8,0
275.97,yukokoninho.,Orange,-3408.7,475.45,425.01,0,33.0,1759.0,1050.3,-3488.5,0
276.04,no friday rlcs streams :(,Blue,-3337.94,1476.25,287.91,0,33.0,838.9,192.1,-3236.0,0
9.44,zarion LFT for rlcs,Blue,0.0,1684.07,592.42,1,33.0,2294.7,-1584.2,185.0,0
9.51,Mint,Orange,-100.4,1716.4,440.83,1,33.0,2029.3,1776.4,-218.2,0
10.11,TIDE,Blue,155.99,1078.36,551.66,0,33.0,2292.0,-1620.4,351.1,1
13.07,TIDE,Blue,-4335.47,8039.58,1044.32,1,33.0,1732.6,-1234.8,-4241.7,1
13.93,TIDE,Blue,-4960.44,5878.93,375.92,1,33.0,2256.4,329.6,-5078.7,0
14.17,bryster_rl,Orange,-4811.54,2544.29,94.66,0,33.0,876.8,441.4,-4905.6,1
19.96,Mint,Orange,-3073.9,3039.67,329.9,1,33.0,2278.0,2251.6,-3222.1,0
23.08,zarion LFT for rlcs,Blue,551.98,4392.91,508.53,1,33.0,2299.9,-468.9,680.6,0
28.1,bryster_rl,Orange,-176.55,4372.65,1419.16,1,33.0,1361.4,355.9,-306.4,0
28.58,TIDE,Blue,353.76,3152.45,656.02,1,33.0,1654.7,-1110.8,556.7,1
30.65,TIDE,Blue,-1926.61,1473.28,583.11,1,33.0,1636.5,-1302.2,-1861.1,1
32.06,TIDE,Blue,-4135.75,1976.68,683.12,1,33.0,2230.4,-1573.5,-3950.1,0
32.16,Mint,Orange,-4305.7,2132.33,435.21,0,33.0,1929.8,1474.8,-4496.5,0
34.23,zarion LFT for rlcs,Blue,-3057.28,1608.78,1410.46,0,33.0,2267.9,-456.4,-2951.6,1
36.35,zarion LFT for rlcs,Blue,-2003.97,1645.77,1973.24,1,33.0,593.4,-152.7,-1830.1,1
38.25,TIDE,Blue,-1939.58,288.72,555.41,0,33.0,1833.0,-910.4,-1790.8,0
38.46,Mint,Orange,-2152.33,2037.33,234.58,1,33.0,2279.3,341.9,-2168.1,1
39.82,bryster_rl,Orange,-3908.05,2170.51,983.46,0,33.0,1272.6,939.6,-4043.2,1
40.62,bryster_rl,Orange,-2865.72,2309.84,1366.31,0,33.0,1486.4,1390.0,-3006.3,0
42.22,TIDE,Blue,-131.74,4663.03,453.48,1,33.0,2297.3,816.1,33.9,0
43.41,bryster_rl,Orange,463.8,2304.51,799.5,1,33.0,1752.8,-279.2,604.1,0
44.29,TIDE,Blue,469.29,4745.66,884.36,1,33.0,1992.7,-1969.8,576.6,1
46.18,zarion LFT for rlcs,Blue,374.76,1911.84,4394.52,0,33.0,1462.4,-1462.4,511.1,1
47.31,zarion LFT for rlcs,Blue,450.46,3469.15,3565.76,1,33.0,1806.4,1333.8,253.9,1
50.39,zarion LFT for rlcs,Blue,4915.36,3572.89,4935.57,0,33.0,891.2,-332.1,5042.9,1
51.58,zarion LFT for rlcs,Blue,3926.76,3889.16,3762.81,1,33.0,1382.0,-1259.1,4075.0,1
53.52,zarion LFT for rlcs,Blue,1316.62,2678.98,3027.03,1,33.0,1840.0,-1503.9,1382.7,1
55.23,zarion LFT for rlcs,Blue,-1782.08,2217.92,903.34,1,33.0,2080.5,-1895.8,-1535.5,0
55.49,bryster_rl,Orange,-2239.47,1960.68,407.43,1,33.0,540.6,344.2,-2419.5,0
57.86,TIDE,Blue,-3751.14,5436.04,1126.41,0,33.0,2193.2,-2062.0,-3668.4,1
59.8,TIDE,Blue,-3933.04,4788.18,365.24,1,33.0,2215.8,441.9,-3829.6,0
59.87,Mint,Orange,-3861.56,519.56,315.36,1,33.0,1117.7,883.1,-4089.8,0
62.03,zarion LFT for rlcs,Blue,72.0,2756.33,1884.7,0,33.0,1315.3,1218.7,37.5,1
65.91,zarion LFT for rlcs,Blue,4985.45,1439.38,4939.58,1,33.0,641.5,-0.3,5103.0,1
67.5,zarion LFT for rlcs,Blue,4025.46,1529.34,6333.58,1,33.0,1232.0,-1083.6,4203.9,1
70.16,zarion LFT for rlcs,Blue,1509.3,1651.77,2370.89,1,33.0,1555.6,-1554.3,1707.0,0
72.86,bryster_rl,Orange,-4526.57,2085.66,462.93,0,33.0,1870.8,-32.6,-4642.9,0
72.9,zarion LFT for rlcs,Blue,-4514.6,3881.52,462.93,1,33.0,2299.8,-2291.3,-4289.6,1
75.07,TIDE,Blue,-3221.31,1703.22,1844.75,0,33.0,845.7,-808.2,-3104.1,1
76.53,TIDE,Blue,-4362.79,3122.88,641.87,1,33.0,1508.3,-833.4,-4215.4,0
76.84,bryster_rl,Orange,-4617.05,405.09,349.63,1,33.0,1819.2,183.6,-4766.3,1
77.08,Mint,Orange,-4785.54,223.47,287.97,0,33.0,778.6,706.3,-4877.9,0
87.07,zarion LFT for rlcs,Blue,0.0,1529.31,475.16,0,33.0,2282.4,-1851.7,192.6,0
87.1,Mint,Orange,-19.78,1625.15,475.16,0,33.0,2263.5,1831.2,-236.6,1
90.36,bryster_rl,Orange,614.17,1436.85,2362.78,0,33.0,766.9,756.4,538.3,0
92.48,TIDE,Blue,2630.63,2647.22,399.07,0,33.0,1096.6,-881.2,2805.8,0
92.51,bryster_rl,Orange,2616.28,1254.08,278.83,1,33.0,1287.5,1176.3,2515.9,0
95.67,zarion LFT for rlcs,Blue,-908.75,1565.77,316.63,0,33.0,2066.8,-2066.4,-801.6,0
95.71,Mint,Orange,-1068.23,1853.33,245.78,0,33.0,1833.3,5.8,-1047.3,0
97.34,zarion LFT for rlcs,Blue,-4458.62,2680.24,1444.04,0,33.0,2096.9,-2011.9,-4229.5,0
98.64,bryster_rl,Orange,-4273.62,3943.84,810.7,0,33.0,1752.9,-387.9,-4223.4,0
100.23,TIDE,Blue,-3876.38,1896.65,547.79,0,33.0,2281.8,797.3,-3867.9,0
100.84,bryster_rl,Orange,-3637.28,661.82,234.73,0,33.0,2001.2,1952.7,-3791.9,0
104.09,zarion LFT for rlcs,Blue,1297.57,2368.29,887.3,0,33.0,1727.9,-81.3,1405.2,1
107.01,TIDE,Blue,-630.77,2785.24,2275.42,0,33.0,1039.3,-993.1,-584.8,1
108.11,TIDE,Blue,-1672.37,3339.04,1641.41,0,33.0,1794.2,-1542.2,-1561.3,0
109.55,Mint,Orange,-3891.51,1073.56,674.39,0,33.0,1411.5,-1047.4,-4101.1,1
111.31,bryster_rl,Orange,-4775.16,512.69,1711.44,0,33.0,251.9,239.8,-4974.1,1
112.31,bryster_rl,Orange,-4424.78,151.13,876.01,0,33.0,970.2,732.6,-4605.1,0
112.44,TIDE,Blue,-4370.93,1453.9,447.49,0,33.0,2297.8,-1701.9,-4166.0,0
112.54,Mint,Orange,-4367.74,47.43,287.63,0,33.0,535.9,491.5,-4534.9,1
117.31,Mint,Orange,-3091.35,1148.65,2633.19,0,33.0,2003.0,1291.0,-3224.2,0
120.87,zarion LFT for rlcs,Blue,-919.42,2497.58,2196.28,0,33.0,1192.1,-1056.0,-755.0,1
122.65,zarion LFT for rlcs,Blue,-2935.93,2770.76,2347.19,0,33.0,1495.5,-1297.6,-2782.2,0
123.91,Mint,Orange,-4367.54,316.94,398.88,0,33.0,1451.0,990.1,-4566.3,0
128.78,TIDE,Blue,4824.93,4631.82,3652.67,0,33.0,1503.9,1478.8,4787.7,1
130.43,TIDE,Blue,4198.61,4494.83,3236.18,0,33.0,1431.6,-1405.4,4410.4,1
132.63,TIDE,Blue,1056.81,1225.0,325.67,0,33.0,1973.9,-1653.9,1168.8,0
134.87,Mint,Orange,-2917.55,2156.21,2160.86,0,33.0,1067.6,721.8,-3098.0,0
138.43,zarion LFT for rlcs,Blue,980.96,6475.27,309.07,0,33.0,1082.9,-786.9,1126.1,0
140.0,bryster_rl,Orange,-1550.53,2666.48,1106.34,0,33.0,1761.6,1014.0,-1705.6,1
142.38,bryster_rl,Orange,-1069.09,2346.64,601.13,0,33.0,2296.4,-546.2,-1113.9,0
142.45,TIDE,Blue,-1039.77,3449.78,408.48,0,33.0,2293.9,-2265.5,-802.2,1
146.72,zarion LFT for rlcs,Blue,-3124.07,918.39,1330.65,0,33.0,373.2,58.2,-3023.7,1
149.26,zarion LFT for rlcs,Blue,-4503.01,2641.85,1081.32,0,33.0,1137.5,-933.4,-4405.1,0
150.31,Mint,Orange,-4912.54,629.27,567.83,0,33.0,525.9,490.2,-5033.0,0
152.3,TIDE,Blue,-3713.03,2083.23,957.67,0,33.0,748.2,-619.9,-3517.3,0
152.73,Mint,Orange,-4018.38,2649.51,459.9,0,33.0,1375.3,781.7,-4139.9,1
156.06,Mint,Orange,-1285.32,4755.77,1823.46,0,33.0,1301.7,1220.4,-1363.8,1
157.97,Mint,Orange,759.79,2685.75,427.66,0,33.0,1742.7,1204.0,689.7,0
158.0,zarion LFT for rlcs,Blue,719.29,3091.01,262.75,0,33.0,1952.5,-528.8,922.5,1
164.04,TIDE,Blue,-666.46,658.63,2809.07,0,33.0,696.0,-603.9,-471.2,1
165.97,TIDE,Blue,-1865.47,1958.36,1337.16,0,33.0,1181.2,-900.3,-1766.8,0
167.97,bryster_rl,Orange,-3143.6,2329.83,217.58,0,33.0,1938.2,1757.8,-3206.5,1
169.2,Mint,Orange,-4883.05,4107.14,480.08,0,33.0,1720.0,-422.9,-4907.5,0
169.3,TIDE,Blue,-4982.93,2781.84,363.86,0,33.0,2220.0,-2069.6,-4759.4,0
171.52,Mint,Orange,-3133.91,6874.97,382.93,0,33.0,2262.3,2184.1,-3329.8,0
171.52,zarion LFT for rlcs,Blue,-3133.91,364.46,382.93,0,33.0,642.3,-568.5,-2949.3,0
174.24,Mint,Orange,-691.64,3687.1,1568.21,0,33.0,1305.8,1207.4,-776.3,0
176.75,TIDE,Blue,4042.68,1271.52,835.06,0,33.0,2251.3,1959.0,4115.2,1
195.08,TIDE,Blue,7.76,1576.81,331.37,0,33.0,2289.3,-2187.2,178.7,0
195.08,bryster_rl,Orange,7.76,1434.33,331.37,0,33.0,952.6,519.1,-148.4,1
195.81,Mint,Orange,159.39,218.67,513.02,0,33.0,2287.0,1660.0,-52.6,0
195.85,zarion LFT for rlcs,Blue,164.37,415.87,420.07,0,33.0,2288.8,-1737.2,366.2,0
196.93,bryster_rl,Orange,5.1,593.19,387.63,0,33.0,977.3,175.5,-193.7,1
198.61,Mint,Orange,311.31,790.86,1303.18,0,33.0,615.5,615.0,114.9,0
200.18,zarion LFT for rlcs,Blue,1927.08,556.21,661.34,0,33.0,1938.7,1581.2,1867.2,1
202.68,TIDE,Blue,4517.61,631.9,574.06,0,33.0,2296.0,-39.3,4509.1,0
202.71,Mint,Orange,4537.21,3358.91,129.5,1,33.0,1331.2,328.3,4683.3,0
204.78,TIDE,Blue,1784.91,518.77,1681.47,0,33.0,2281.8,-2071.7,1834.7,1
205.83,TIDE,Blue,-19.91,2818.11,289.05,0,33.0,2211.8,-2109.8,89.0,0
205.83,bryster_rl,Orange,-19.91,1634.76,289.05,0,33.0,271.4,-48.2,-193.9,0
208.19,zarion LFT for rlcs,Blue,-851.76,3529.55,497.92,0,33.0,1922.2,-1922.2,-679.2,1
210.09,zarion LFT for rlcs,Blue,-4286.77,1392.36,1074.01,0,33.0,1910.2,-1811.5,-4191.7,0
215.6,Mint,Orange,-1786.87,3555.77,1294.45,0,33.0,1558.9,1544.2,-1888.7,0
216.62,TIDE,Blue,-20.64,3648.99,615.48,0,33.0,1798.2,971.8,96.9,0
218.32,Mint,Orange,775.41,3861.66,649.3,0,33.0,1409.3,-530.1,892.1,0
220.59,zarion LFT for rlcs,Blue,4096.57,470.41,2253.49,0,33.0,2295.2,2055.7,4065.7,0
222.02,bryster_rl,Orange,2910.93,2811.03,1922.82,1,33.0,558.8,-539.1,2851.2,1
223.72,Mint,Orange,664.55,704.27,1029.06,0,33.0,1555.0,1549.2,459.3,0
223.93,zarion LFT for rlcs,Blue,935.21,3436.59,132.27,0,33.0,2271.6,-2233.4,881.5,1
225.75,TIDE,Blue,3139.65,944.84,1956.84,0,33.0,1210.4,-522.5,3273.4,0
227.55,bryster_rl,Orange,1714.31,1951.85,602.77,1,33.0,2047.7,1779.9,1512.2,0
227.62,TIDE,Blue,1821.11,1495.33,331.06,0,33.0,954.6,-347.2,1955.2,0
230.47,bryster_rl,Orange,2549.82,4062.02,1174.52,1,33.0,732.6,151.7,2515.3,0
232.79,zarion LFT for rlcs,Blue,4416.36,470.92,1388.39,0,33.0,1022.2,834.9,4421.4,1
233.77,zarion LFT for rlcs,Blue,4781.13,744.65,152.62,0,33.0,949.0,398.6,4840.2,1
235.34,zarion LFT for rlcs,Blue,4121.82,2270.23,2535.63,0,33.0,1429.9,-1198.3,4323.4,1
237.48,zarion LFT for rlcs,Blue,1461.36,1692.89,3089.65,0,33.0,1837.2,-1141.4,1599.9,0
239.57,Mint,Orange,-3489.96,3893.27,2324.32,0,33.0,2269.9,1364.4,-3674.6,1
242.34,Mint,Orange,-778.49,1576.37,728.59,0,33.0,1453.2,1442.0,-924.4,0
243.17,TIDE,Blue,799.48,2661.35,463.6,0,33.0,656.8,585.0,915.4,0
246.54,bryster_rl,Orange,3732.46,1026.6,532.82,0,33.0,2002.3,2002.2,3617.7,0
246.64,TIDE,Blue,3909.42,1364.8,364.2,0,33.0,2079.7,1236.5,3800.1,0
249.54,Mint,Orange,836.64,1287.18,1337.82,0,33.0,1891.9,1068.6,649.7,0
251.43,zarion LFT for rlcs,Blue,4664.4,983.89,2280.16,0,33.0,1332.0,-36.0,4750.3,1
253.13,zarion LFT for rlcs,Blue,4801.06,1501.09,1198.49,0,33.0,2147.2,-1195.2,4957.7,1
254.07,zarion LFT for rlcs,Blue,3239.55,3028.74,891.37,0,33.0,2196.4,-2171.3,3368.0,1
255.9,TIDE,Blue,263.5,1508.15,288.58,0,33.0,1666.8,180.0,288.2,0
255.9,bryster_rl,Orange,263.5,502.49,288.58,0,33.0,1867.0,132.3,154.1,0
259.77,TIDE,Blue,316.92,4727.44,2988.62,0,33.0,463.5,-288.7,385.6,1
261.68,TIDE,Blue,-727.41,4721.52,2163.57,0,33.0,1202.2,-735.2,-565.3,0
262.5,Mint,Orange,-1545.85,3613.85,395.61,0,33.0,2005.3,2002.0,-1743.0,0
265.32,zarion LFT for rlcs,Blue,4137.48,416.22,2249.74,0,33.0,1650.1,1609.6,4201.2,0
269.31,bryster_rl,Orange,2878.96,2287.86,706.05,1,33.0,920.5,780.7,2692.2,0
271.63,TIDE,Blue,4794.49,1061.21,1162.56,0,33.0,1524.2,-319.7,4867.6,1
273.24,TIDE,Blue,3470.49,1630.79,1375.11,0,33.0,1048.4,-1048.3,3605.8,1
275.99,zarion LFT for rlcs,Blue,2000.47,1190.2,798.39,0,33.0,1956.8,-1427.0,2212.3,1
276.8,zarion LFT for rlcs,Blue,968.89,2750.06,911.28,0,33.0,1989.7,-1478.7,1074.8,0
281.35,bryster_rl,Orange,-3790.18,748.06,1219.69,0,33.0,1522.9,1520.0,-3927.1,1
283.78,bryster_rl,Orange,124.78,1923.31,1405.22,0,33.0,2109.6,1599.5,108.5,0
285.72,TIDE,Blue,2253.49,2104.81,739.44,0,33.0,374.3,-276.4,2466.2,1
286.59,TIDE,Blue,1696.89,1823.09,567.79,0,33.0,940.6,-939.4,1854.8,0
288.74,Mint,Orange,-1201.75,2242.52,511.33,0,33.0,1231.2,391.3,-1424.3,0
290.14,zarion LFT for rlcs,Blue,-541.29,3332.99,696.62,0,33.0,815.9,-615.3,-312.2,0
290.41,Mint,Orange,-836.15,3083.22,379.44,0,33.0,490.7,429.3,-883.7,0
290.88,zarion LFT for rlcs,Blue,-1415.18,3559.81,508.64,0,33.0,2021.0,-1899.5,-1264.9,0
292.57,bryster_rl,Orange,-4760.38,2488.26,927.89,0,33.0,1742.5,-1666.6,-4594.6,0
302.95,TIDE,Blue,48.02,1008.04,525.66,0,33.0,2146.1,-2137.9,272.1,0
302.98,bryster_rl,Orange,58.38,542.72,318.82,0,33.0,377.0,326.0,-97.9,1
303.28,Mint,Orange,-10.7,485.05,447.31,0,33.0,932.0,895.0,-27.4,0
304.27,zarion LFT for rlcs,Blue,-277.37,266.12,296.99,0,33.0,2052.9,-329.6,-174.0,0
307.26,Mint,Orange,-4997.18,1142.39,794.67,0,33.0,635.2,-123.7,-5077.6,0
307.63,zarion LFT for rlcs,Blue,-4906.91,852.16,325.98,0,33.0,2110.9,-548.3,-4789.8,0
310.42,Mint,Orange,-4217.5,1584.81,1755.67,0,33.0,1195.7,970.6,-4292.4,0
312.13,TIDE,Blue,-2277.86,985.99,250.08,0,33.0,0.0,-0.0,-2119.0,1
313.45,TIDE,Blue,346.11,2459.21,293.66,0,33.0,1050.5,1024.9,334.7,0
316.69,bryster_rl,Orange,2437.6,4657.44,2960.99,0,33.0,2204.3,2140.5,2244.1,0
318.55,zarion LFT for rlcs,Blue,4900.35,956.71,1689.67,0,33.0,1946.4,-1056.2,4908.9,1
319.75,zarion LFT for rlcs,Blue,3152.98,3044.43,823.41,0,33.0,2075.1,-2045.0,3304.1,0
321.62,Mint,Orange,-1002.31,2036.75,1276.56,0,33.0,1952.6,665.4,-1194.8,1
322.92,Mint,Orange,241.23,1112.51,1354.71,0,33.0,1086.0,1050.3,15.4,0
324.12,TIDE,Blue,1977.42,1657.69,395.8,0,33.0,560.0,335.9,2163.5,1
325.69,TIDE,Blue,1737.8,946.48,316.02,0,33.0,628.6,-470.1,1976.2,1
327.27,TIDE,Blue,257.12,1652.47,716.85,0,33.0,1736.8,-1643.8,482.6,0
328.08,bryster_rl,Orange,-1066.01,1365.0,491.12,0,33.0,2280.7,596.9,-1218.7,1
331.46,Mint,Orange,578.87,1180.55,979.33,0,33.0,1893.4,1230.6,515.0,0
331.93,TIDE,Blue,1206.91,1622.28,194.97,0,33.0,1717.6,-343.9,1328.3,1
333.59,zarion LFT for rlcs,Blue,3766.97,1770.86,980.53,0,33.0,482.9,-476.0,3869.0,1
335.99,zarion LFT for rlcs,Blue,1746.73,1987.66,434.42,0,33.0,1410.2,-1368.7,1852.2,1
337.48,zarion LFT for rlcs,Blue,358.05,1551.63,576.38,0,33.0,763.4,-143.3,387.5,0
337.55,Mint,Orange,316.52,928.76,329.77,0,33.0,2229.1,459.3,192.4,0
338.82,zarion LFT for rlcs,Blue,2116.08,1615.84,2197.29,0,33.0,2190.6,-2167.7,2016.7,1
340.7,TIDE,Blue,3933.92,2158.52,3181.72,0,33.0,69.9,-62.8,4170.3,1
341.81,TIDE,Blue,3473.67,1049.31,831.41,0,33.0,750.3,-607.5,3698.8,0
341.94,bryster_rl,Orange,3414.25,2733.28,374.06,1,33.0,2294.7,2241.6,3243.8,0
342.88,zarion LFT for rlcs,Blue,4080.64,315.88,370.96,0,33.0,1251.3,-163.7,4251.4,1
343.82,zarion LFT for rlcs,Blue,2852.27,1090.61,1115.29,0,33.0,1711.2,-1711.2,3043.9,1
345.21,zarion LFT for rlcs,Blue,445.23,1343.69,1152.93,0,33.0,2195.5,-2044.7,581.0,0
347.6,Mint,Orange,-5012.29,1871.79,278.78,0,33.0,975.2,-102.7,-5106.1,0
350.65,TIDE,Blue,-3866.13,927.53,209.63,0,33.0,171.3,170.7,-3806.1,0
10.81,surreal,Blue,0.0,1889.45,528.23,0,33.0,2271.9,1735.5,-212.7,0
10.85,migs,Orange,-3.05,4461.04,398.99,0,33.0,2218.4,-1962.6,147.4,0
13.88,Taha (RLCS PRO BLUE TAG),Blue,661.78,2807.48,3699.98,0,33.0,706.2,607.5,580.3,1
16.18,surreal,Blue,1842.38,633.81,857.44,0,33.0,2014.9,1595.4,1753.8,1
20.15,Taha (RLCS PRO BLUE TAG),Blue,1866.36,307.11,2620.31,1,33.0,1429.3,1247.4,1674.2,0
21.44,migs,Orange,4380.0,3128.49,2045.85,1,33.0,352.3,-97.0,4541.5,1
23.31,migs,Orange,3324.53,1384.09,969.08,1,33.0,1540.2,-1061.4,3542.9,1
24.65,migs,Orange,1375.3,3743.87,1072.84,0,33.0,1922.1,-1869.5,1567.5,1
26.91,migs,Orange,-2835.85,2911.37,469.3,0,33.0,2300.0,-1806.5,-2891.8,1
28.49,migs,Orange,-4396.41,2570.59,403.42,0,33.0,1077.8,692.0,-4493.4,1
30.32,Kripper,Orange,-3740.78,1921.45,499.72,0,33.0,1166.4,-513.7,-3579.6,1
32.19,Kripper,Orange,-4589.46,2000.06,1094.34,0,33.0,791.2,-552.3,-4423.1,0
34.62,surreal,Blue,-4522.38,1455.65,1311.68,0,33.0,2285.1,-1544.5,-4449.1,1
38.99,surreal,Blue,-1658.83,3003.17,3320.83,0,33.0,1442.1,1442.1,-1849.5,1
41.32,surreal,Blue,1603.35,2749.28,141.29,0,33.0,2165.4,2016.9,1479.2,0
42.09,Kripper,Orange,3001.09,472.9,152.52,1,33.0,783.5,-768.5,3188.4,0
45.12,Taha (RLCS PRO BLUE TAG),Blue,-339.34,4780.1,3819.92,1,33.0,614.5,-602.7,-417.6,1
47.22,Taha (RLCS PRO BLUE TAG),Blue,-723.34,2504.99,1370.51,1,33.0,187.0,145.8,-829.3,0
47.62,migs,Orange,-595.75,4468.61,273.96,0,33.0,2277.5,-1727.8,-484.6,1
50.19,migs,Orange,-1899.31,2072.62,469.55,0,33.0,702.9,654.6,-1888.2,0
50.39,surreal,Blue,-2146.23,1933.14,497.86,0,33.0,908.2,142.4,-2176.7,1
52.92,Taha (RLCS PRO BLUE TAG),Blue,-4380.83,2453.93,2393.56,1,33.0,818.4,811.5,-4558.3,1
54.02,Taha (RLCS PRO BLUE TAG),Blue,-3131.43,1227.13,1051.39,0,33.0,1518.1,1464.2,-3348.1,0
54.29,Kripper,Orange,-2722.81,2350.18,469.74,0,33.0,1658.3,-517.7,-2512.9,0
55.89,surreal,Blue,-2728.61,1732.04,761.09,1,33.0,1109.4,430.1,-2818.4,1
57.32,surreal,Blue,-1513.1,1301.73,1264.93,0,33.0,1382.5,1351.5,-1594.9,0
59.59,Kripper,Orange,1595.36,260.08,324.92,0,33.0,1992.8,565.2,1638.6,1
59.59,migs,Orange,1595.36,260.08,477.41,1,33.0,2280.8,-2135.6,1837.4,0
62.99,Taha (RLCS PRO BLUE TAG),Blue,1196.16,6903.57,53.02,1,33.0,1606.8,1320.7,1147.0,0
62.99,Kripper,Orange,1196.16,276.12,223.5,1,33.0,1493.0,-1293.7,1358.1,1
62.99,migs,Orange,1196.16,276.12,53.02,0,33.0,977.0,826.8,1099.8,1
67.02,Kripper,Orange,-2511.16,4712.83,1688.77,0,33.0,1358.5,196.2,-2391.8,1
68.55,Kripper,Orange,-4046.65,3482.42,1625.67,0,33.0,2262.0,-1136.5,-3891.3,1
78.67,Kripper,Orange,-2.27,1648.54,434.01,0,33.0,2274.0,-1876.9,152.6,0
78.71,Taha (RLCS PRO BLUE TAG),Blue,-9.27,1201.95,410.36,0,33.0,2262.7,1554.3,-239.0,1
79.57,surreal,Blue,-210.02,1284.4,498.17,0,33.0,2077.5,932.9,-312.5,0
79.67,migs,Orange,-104.59,286.75,226.37,0,33.0,2293.5,-1643.6,-15.7,1
80.27,Kripper,Orange,472.91,1321.2,825.87,0,33.0,2041.6,1780.6,506.2,0
82.41,surreal,Blue,1954.19,4356.16,963.92,0,33.0,1677.7,1494.0,1842.6,1
83.07,surreal,Blue,2727.61,3855.97,934.35,0,33.0,2107.9,1366.2,2715.1,0
84.54,Kripper,Orange,4099.48,1328.34,423.39,1,33.0,1750.7,-1474.3,4142.6,0
88.3,Taha (RLCS PRO BLUE TAG),Blue,3701.63,4002.71,578.71,0,33.0,2117.5,2116.6,3570.8,0
88.4,migs,Orange,3990.39,2045.06,377.87,1,33.0,1922.5,-1464.3,3913.9,0
90.44,surreal,Blue,3271.78,1569.16,287.35,0,33.0,2130.0,815.2,3093.5,1
91.47,surreal,Blue,3876.99,1499.69,973.58,0,33.0,958.2,922.4,3874.3,1
96.27,Taha (RLCS PRO BLUE TAG),Blue,1243.28,253.65,486.24,0,33.0,1117.9,1094.0,1123.7,0
96.3,Kripper,Orange,1284.29,2278.41,347.54,0,33.0,1761.3,-1410.0,1457.1,0
99.07,surreal,Blue,-1749.9,2405.45,503.75,0,33.0,1991.9,-1256.8,-1712.2,0
99.37,migs,Orange,-2114.54,2063.27,84.34,0,33.0,2230.1,-1883.9,-1988.3,1
101.0,migs,Orange,-4096.94,4208.87,3236.39,0,33.0,1590.2,-1494.0,-4045.3,1
111.69,Kripper,Orange,-13.8,1452.19,380.03,0,33.0,1956.7,-1690.5,145.0,0
111.69,Taha (RLCS PRO BLUE TAG),Blue,-13.8,1053.71,380.03,0,33.0,2259.9,1912.5,-212.9,0
113.86,migs,Orange,-678.37,2134.96,607.84,0,33.0,2079.7,-1996.0,-566.8,1
118.43,Kripper,Orange,-4729.85,6504.08,537.95,0,33.0,2006.0,-1986.5,-4582.3,0
118.59,Taha (RLCS PRO BLUE TAG),Blue,-5180.37,1284.7,595.76,1,33.0,2282.8,-315.9,-5020.5,0
128.41,migs,Orange,68.23,1734.53,390.86,0,33.0,2287.4,-2281.4,264.2,0
128.41,surreal,Blue,68.23,1048.14,390.86,0,33.0,1981.2,1981.2,-114.5,0
131.24,Kripper,Orange,2118.89,927.69,1647.12,0,33.0,1078.7,318.2,2196.6,1
133.84,migs,Orange,-560.79,363.62,800.74,0,33.0,2300.0,-2295.6,-642.6,0
134.27,Taha (RLCS PRO BLUE TAG),Blue,-858.07,4687.18,406.05,0,33.0,828.7,813.0,-1043.9,0
136.04,migs,Orange,595.72,367.22,399.92,0,33.0,1298.9,-474.5,693.8,1
137.54,migs,Orange,-394.67,364.43,3031.77,0,33.0,414.3,-413.6,-320.9,1
140.6,migs,Orange,-4249.6,3102.45,893.52,0,33.0,1637.2,-1110.6,-4221.4,0
141.14,surreal,Blue,-5015.41,2549.87,299.77,1,33.0,452.4,-417.2,-4960.8,1
142.8,surreal,Blue,-4623.32,2778.69,658.69,0,33.0,792.4,477.2,-4801.9,0
145.23,migs,Orange,-894.47,1302.7,387.32,0,33.0,2070.4,1905.1,-895.2,1
147.43,migs,Orange,2617.54,1301.93,1982.14,0,33.0,2299.9,2275.3,2806.5,1
148.03,Kripper,Orange,3347.69,890.86,2406.98,1,33.0,1859.6,-1854.5,3560.5,0
150.17,Taha (RLCS PRO BLUE TAG),Blue,-1156.66,3690.7,1104.77,0,33.0,1341.3,-274.4,-1352.6,0
152.77,migs,Orange,-439.85,330.54,422.36,0,33.0,1175.6,-1053.0,-283.9,1
166.39,Kripper,Orange,0.0,1760.84,498.96,0,33.0,2283.3,-2204.1,221.4,0
166.49,Taha (RLCS PRO BLUE TAG),Blue,-5.48,1058.14,323.78,0,33.0,417.4,-146.5,-168.8,1
167.22,surreal,Blue,109.2,268.58,786.85,0,33.0,2271.3,2270.0,-101.5,0
167.32,migs,Orange,204.56,767.1,339.86,0,33.0,1525.7,-1370.7,335.5,1
169.65,Kripper,Orange,1336.42,1841.11,171.41,0,33.0,1763.2,1078.6,1246.0,0
169.65,surreal,Blue,1336.42,1580.32,171.41,0,33.0,1574.7,-107.0,1384.5,1
173.85,surreal,Blue,2912.74,1523.3,944.46,0,33.0,728.4,568.2,2700.1,0
174.22,Kripper,Orange,3023.96,914.76,357.53,0,33.0,1267.9,-1264.2,3207.8,1
178.42,Kripper,Orange,-2611.93,1839.87,1696.48,0,33.0,1980.8,-1572.5,-2461.9,0
179.59,surreal,Blue,-4874.69,3825.31,592.23,1,33.0,1034.2,947.4,-5026.6,0
181.75,migs,Orange,-2097.58,2630.89,1364.79,0,33.0,2059.2,-1985.3,-1870.6,1
183.22,migs,Orange,-4438.43,995.14,458.75,0,33.0,2201.6,-415.0,-4318.5,0
183.36,Taha (RLCS PRO BLUE TAG),Blue,-4308.66,2066.74,222.92,1,33.0,2289.9,352.9,-4117.6,0
184.66,migs,Orange,-3608.61,475.21,782.98,0,33.0,1831.3,528.4,-3534.9,0
185.76,surreal,Blue,-4057.02,1552.19,1119.97,0,33.0,1132.1,495.5,-4216.6,1
187.06,surreal,Blue,-2184.61,2220.62,788.71,0,33.0,1954.6,1947.7,-2278.5,0
189.0,Kripper,Orange,327.97,867.64,295.3,0,33.0,635.6,-129.1,472.4,0
190.93,Taha (RLCS PRO BLUE TAG),Blue,-420.82,392.09,1297.45,0,33.0,568.2,346.1,-589.9,1
192.4,Taha (RLCS PRO BLUE TAG),Blue,229.35,452.44,549.89,0,33.0,1817.0,1750.2,270.9,0
193.13,Kripper,Orange,667.31,449.43,415.14,0,33.0,820.1,-630.1,836.4,0
193.93,surreal,Blue,114.35,361.99,1029.44,0,33.0,1845.7,1839.0,-87.8,0
199.26,migs,Orange,0.0,2051.79,909.49,0,33.0,1101.9,628.5,-87.4,0
205.16,surreal,Blue,0.0,1164.44,283.81,0,33.0,2261.2,1791.7,-204.6,0
210.49,Kripper,Orange,-1250.58,977.54,1924.07,0,33.0,1296.8,-889.2,-1096.2,1
211.49,Kripper,Orange,-2115.22,2420.73,1589.74,0,33.0,2041.7,-1761.0,-1975.2,0
211.86,Taha (RLCS PRO BLUE TAG),Blue,-2673.45,3171.64,62.13,0,33.0,2298.4,2269.4,-2700.4,1
213.63,surreal,Blue,-4699.48,1277.23,356.77,1,33.0,463.4,132.3,-4770.8,0
214.76,migs,Orange,-2738.25,2553.63,982.08,0,33.0,1574.0,-1568.7,-2537.7,1
221.02,migs,Orange,0.0,2051.79,909.49,0,33.0,1101.9,628.5,-87.4,0
226.95,Taha (RLCS PRO BLUE TAG),Blue,3.69,1081.31,201.27,0,33.0,1348.8,735.8,-154.9,0
226.98,Kripper,Orange,1.7,290.16,322.68,0,33.0,931.3,-291.4,164.5,0
228.98,surreal,Blue,414.41,695.38,617.8,0,33.0,1565.6,-129.0,397.9,0
229.92,migs,Orange,584.99,301.33,594.56,0,33.0,1828.7,-1435.7,733.4,0
230.22,Taha (RLCS PRO BLUE TAG),Blue,-34.69,305.6,552.18,0,33.0,1029.4,-1011.8,-241.3,1
231.35,Taha (RLCS PRO BLUE TAG),Blue,-1074.46,948.56,245.05,0,33.0,1297.8,-724.1,-1150.2,1
232.25,Taha (RLCS PRO BLUE TAG),Blue,-1270.75,852.73,469.76,0,33.0,1856.4,-172.9,-1354.9,0
233.08,migs,Orange,-1322.01,1207.17,320.26,0,33.0,2273.9,-1281.3,-1167.3,0
235.98,surreal,Blue,-4210.33,1577.09,3026.52,1,33.0,542.3,387.2,-4375.1,1
237.82,surreal,Blue,-2621.58,503.31,1607.23,0,33.0,1139.2,1050.6,-2855.6,1
239.55,surreal,Blue,586.95,1900.92,728.88,0,33.0,2243.7,2120.5,408.2,1
241.75,surreal,Blue,5207.83,2440.05,472.59,0,33.0,2300.0,2072.4,5000.5,0
245.18,migs,Orange,0.0,1238.63,414.2,0,33.0,1101.9,628.5,-87.4,0
251.11,Taha (RLCS PRO BLUE TAG),Blue,0.0,521.47,141.9,0,33.0,2254.4,1923.7,-160.8,0
251.18,Kripper,Orange,1.57,313.77,315.66,0,33.0,65.1,-42.9,162.7,0
252.05,surreal,Blue,244.79,319.73,186.18,0,33.0,2290.4,1788.7,115.5,0
252.08,migs,Orange,269.98,751.51,151.26,0,33.0,1830.1,-353.8,246.2,0
255.58,surreal,Blue,3968.16,1314.88,261.57,0,33.0,462.0,-272.5,4058.3,1
258.05,Taha (RLCS PRO BLUE TAG),Blue,3450.34,691.56,1016.48,0,33.0,1492.4,1344.2,3298.3,0
258.48,Kripper,Orange,4010.6,2196.18,309.55,1,33.0,1917.5,156.2,3934.7,0
259.54,Taha (RLCS PRO BLUE TAG),Blue,4647.93,344.7,2505.05,0,33.0,1287.4,772.5,4420.9,0
264.6,migs,Orange,0.0,1238.63,414.2,0,33.0,1101.9,628.5,-87.4,0
270.8,surreal,Blue,-20.32,551.16,178.08,0,33.0,363.7,252.8,-179.2,1
272.84,Taha (RLCS PRO BLUE TAG),Blue,-442.04,997.54,646.48,0,33.0,815.6,173.7,-488.0,1
275.14,surreal,Blue,-21.82,440.94,99.88,0,33.0,923.1,918.8,-122.9,0
275.17,Kripper,Orange,-25.9,195.26,137.2,0,33.0,1507.2,-1285.5,81.1,1
277.63,migs,Orange,-951.87,745.51,1112.84,0,33.0,2275.9,-2020.2,-777.3,0
278.57,Taha (RLCS PRO BLUE TAG),Blue,-3450.85,1263.29,404.54,0,33.0,1418.1,-855.2,-3529.8,0
281.0,Kripper,Orange,-3538.43,2615.53,653.13,0,33.0,856.5,-66.6,-3439.7,0
282.0,Taha (RLCS PRO BLUE TAG),Blue,-4839.74,2855.13,1390.28,1,33.0,1066.9,544.9,-4983.9,1
285.13,surreal,Blue,72.63,648.61,1195.39,0,33.0,2269.3,2179.9,-44.9,0
287.8,migs,Orange,4992.73,3367.71,703.32,1,33.0,450.7,-431.2,4973.6,0
288.43,surreal,Blue,4880.72,1320.13,376.31,0,33.0,43.2,-27.5,4650.4,0
288.67,migs,Orange,4793.52,2798.45,260.14,0,33.0,851.9,239.0,4723.9,1
289.53,migs,Orange,4873.73,2251.16,197.01,1,33.0,818.4,-202.0,5076.3,0
289.93,surreal,Blue,4714.64,2157.48,234.24,0,33.0,1058.5,-801.6,4694.1,0
295.0,migs,Orange,-821.61,1397.37,953.15,0,33.0,1779.8,-1698.8,-690.2,0
295.56,Taha (RLCS PRO BLUE TAG),Blue,-1662.22,629.09,292.65,0,33.0,351.6,-40.5,-1790.2,1
295.83,surreal,Blue,-2112.97,593.48,336.63,0,33.0,645.8,642.3,-2328.8,0
298.66,Kripper,Orange,311.53,1338.31,1595.05,0,33.0,2217.5,802.6,332.9,0
299.23,Taha (RLCS PRO BLUE TAG),Blue,560.2,1839.57,635.26,0,33.0,1262.4,1169.4,441.5,0
299.46,Kripper,Orange,621.97,879.11,277.07,0,33.0,2199.3,207.4,683.2,1
302.43,migs,Orange,-1917.29,618.14,1730.56,0,33.0,1278.1,-1267.9,-1756.0,0
303.6,Taha (RLCS PRO BLUE TAG),Blue,-4993.67,2138.53,1941.22,1,33.0,1384.9,69.8,-5102.2,0
308.03,Kripper,Orange,4234.61,2580.5,1664.67,1,33.0,1236.2,689.0,4182.8,0
309.59,surreal,Blue,3354.37,2337.21,1709.26,0,33.0,543.5,211.3,3237.4,0
312.49,Kripper,Orange,3489.77,833.0,394.72,0,33.0,2176.4,-1678.0,3668.2,0
314.46,Taha (RLCS PRO BLUE TAG),Blue,47.35,899.81,379.96,0,33.0,1715.2,-8.7,-155.5,0
315.89,migs,Orange,626.83,951.26,417.22,0,33.0,1631.8,-1617.8,855.5,0
315.89,Taha (RLCS PRO BLUE TAG),Blue,626.83,589.0,417.22,0,33.0,1751.4,1137.1,452.5,0
317.76,migs,Orange,78.99,750.19,827.56,0,33.0,883.4,-791.4,258.4,1
319.19,migs,Orange,-1243.53,982.34,1008.8,0,33.0,1049.2,-969.3,-1040.3,0
319.59,surreal,Blue,-1624.34,1675.22,469.7,0,33.0,429.5,423.9,-1809.5,0
321.59,Kripper,Orange,-2729.53,1308.65,136.7,0,33.0,1662.1,-1229.4,-2662.4,0
323.79,Taha (RLCS PRO BLUE TAG),Blue,-4407.76,1434.6,220.2,0,33.0,1189.0,1042.5,-4589.7,0
325.26,migs,Orange,-1383.86,1302.34,1874.01,0,33.0,526.5,-235.4,-1245.7,1
326.36,migs,Orange,-2417.56,1762.83,506.11,0,33.0,1468.5,-1461.4,-2283.4,1
328.09,migs,Orange,-4671.49,1895.01,1758.48,0,33.0,727.1,-123.4,-4519.2,0
329.89,Taha (RLCS PRO BLUE TAG),Blue,-4127.99,696.28,926.17,0,33.0,2289.9,352.9,-4117.6,0
330.66,migs,Orange,-3726.85,3425.06,386.62,0,33.0,1589.4,-593.6,-3656.3,1
332.79,Kripper,Orange,-380.77,263.43,565.87,0,33.0,2300.0,-2028.8,-231.6,1
335.55,Kripper,Orange,-4180.2,1879.23,735.41,0,33.0,799.1,-791.6,-3959.3,0
336.42,surreal,Blue,-4919.3,627.88,479.65,1,33.0,2279.0,293.2,-5001.3,0
339.85,migs,Orange,-224.65,716.66,285.06,0,33.0,402.8,-366.4,-13.5,0
339.89,surreal,Blue,-184.9,479.68,328.93,0,33.0,2116.9,1920.3,-348.9,0
340.55,Kripper,Orange,478.49,481.67,474.24,0,33.0,1973.8,1948.9,466.7,1
343.09,migs,Orange,2643.38,1025.88,1470.57,0,33.0,1741.4,1587.8,2628.0,0
344.15,Taha (RLCS PRO BLUE TAG),Blue,2887.5,1908.82,1250.25,0,33.0,1306.7,1280.9,2779.6,0
344.99,Kripper,Orange,3786.1,1344.02,409.02,0,33.0,2058.7,-243.2,3878.9,0
347.05,surreal,Blue,3030.16,1632.64,825.62,0,33.0,2294.2,904.9,2904.3,0
347.19,migs,Orange,3213.02,1661.76,511.11,1,33.0,2009.3,-1957.8,3412.6,0
350.85,Taha (RLCS PRO BLUE TAG),Blue,-4305.09,780.67,674.85,1,33.0,2237.4,-2105.4,-4209.5,0
352.45,Kripper,Orange,-2301.43,1932.37,205.66,0,33.0,1295.4,-904.6,-2093.8,1
354.38,migs,Orange,-4264.64,2102.31,79.51,0,33.0,2093.0,-1034.1,-4155.1,0
354.82,surreal,Blue,-5078.43,613.12,141.8,1,33.0,462.3,-337.6,-4998.3,0
